date,transaction_history_id,client_id,status,pricepoint_id,mno_delivery_code,total_charged,created_at
2025-10-01,2970865,204480,TIMWE_RENEWED_NOTIF,63980,DELIVERED,3000,"2025-10-01 00:11:10"
2025-10-01,2970865,204480,TIMWE_RENEWED_NOTIF,63980,DELIVERED,3000,"2025-10-01 00:11:10"
2025-10-01,2970867,225334,TIMWE_RENEWED_NOTIF,63980,DELIVERED,3000,"2025-10-01 00:11:12"
2025-10-01,2970867,225334,TIMWE_RENEWED_NOTIF,63980,DELIVERED,3000,"2025-10-01 00:11:12"
2025-10-01,2970867,225334,TIMWE_RENEWED_NOTIF,63980,DELIVERED,3000,"2025-10-01 00:11:12"
2025-10-01,2970867,225334,TIMWE_RENEWED_NOTIF,63980,DELIVERED,3000,"2025-10-01 00:11:12"
2025-10-01,2970867,225334,TIMWE_RENEWED_NOTIF,63980,DELIVERED,3000,"2025-10-01 00:11:12"
2025-10-01,2971109,109386,TIMWE_RENEWED_NOTIF,63980,DELIVERED,3000,"2025-10-01 05:04:41"
2025-10-01,2971109,109386,TIMWE_RENEWED_NOTIF,63980,DELIVERED,3000,"2025-10-01 05:04:41"
2025-10-01,2971109,109386,TIMWE_RENEWED_NOTIF,63980,DELIVERED,3000,"2025-10-01 05:04:41"
2025-10-01,2971109,109386,TIMWE_RENEWED_NOTIF,63980,DELIVERED,3000,"2025-10-01 05:04:41"
2025-10-01,2971109,109386,TIMWE_RENEWED_NOTIF,63980,DELIVERED,3000,"2025-10-01 05:04:41"
2025-10-01,2971109,109386,TIMWE_RENEWED_NOTIF,63980,DELIVERED,3000,"2025-10-01 05:04:41"
2025-10-01,2971109,109386,TIMWE_RENEWED_NOTIF,63980,DELIVERED,3000,"2025-10-01 05:04:41"
2025-10-01,2971109,109386,TIMWE_RENEWED_NOTIF,63980,DELIVERED,3000,"2025-10-01 05:04:41"
2025-10-01,2971109,109386,TIMWE_RENEWED_NOTIF,63980,DELIVERED,3000,"2025-10-01 05:04:41"
2025-10-01,2971109,109386,TIMWE_RENEWED_NOTIF,63980,DELIVERED,3000,"2025-10-01 05:04:41"
2025-10-01,2971109,109386,TIMWE_RENEWED_NOTIF,63980,DELIVERED,3000,"2025-10-01 05:04:41"
2025-10-01,2971109,109386,TIMWE_RENEWED_NOTIF,63980,DELIVERED,3000,"2025-10-01 05:04:41"
2025-10-01,2971109,109386,TIMWE_RENEWED_NOTIF,63980,DELIVERED,3000,"2025-10-01 05:04:41"
2025-10-01,2971109,109386,TIMWE_RENEWED_NOTIF,63980,DELIVERED,3000,"2025-10-01 05:04:41"
2025-10-01,2971111,212972,TIMWE_RENEWED_NOTIF,63980,DELIVERED,3000,"2025-10-01 05:05:08"
2025-10-01,2971111,212972,TIMWE_RENEWED_NOTIF,63980,DELIVERED,3000,"2025-10-01 05:05:08"
2025-10-01,2971113,170559,TIMWE_RENEWED_NOTIF,63980,DELIVERED,3000,"2025-10-01 05:05:14"
2025-10-01,2971113,170559,TIMWE_RENEWED_NOTIF,63980,DELIVERED,3000,"2025-10-01 05:05:14"
2025-10-01,2971113,170559,TIMWE_RENEWED_NOTIF,63980,DELIVERED,3000,"2025-10-01 05:05:14"
2025-10-01,2971113,170559,TIMWE_RENEWED_NOTIF,63980,DELIVERED,3000,"2025-10-01 05:05:14"
2025-10-01,2971113,170559,TIMWE_RENEWED_NOTIF,63980,DELIVERED,3000,"2025-10-01 05:05:14"
2025-10-01,2971113,170559,TIMWE_RENEWED_NOTIF,63980,DELIVERED,3000,"2025-10-01 05:05:14"
2025-10-01,2971113,170559,TIMWE_RENEWED_NOTIF,63980,DELIVERED,3000,"2025-10-01 05:05:14"
2025-10-01,2971113,170559,TIMWE_RENEWED_NOTIF,63980,DELIVERED,3000,"2025-10-01 05:05:14"
2025-10-01,2971113,170559,TIMWE_RENEWED_NOTIF,63980,DELIVERED,3000,"2025-10-01 05:05:14"
2025-10-01,2971115,205652,TIMWE_RENEWED_NOTIF,63980,DELIVERED,3000,"2025-10-01 05:05:15"
2025-10-01,2971115,205652,TIMWE_RENEWED_NOTIF,63980,DELIVERED,3000,"2025-10-01 05:05:15"
2025-10-01,2971117,155624,TIMWE_RENEWED_NOTIF,63980,DELIVERED,3000,"2025-10-01 05:05:17"
2025-10-01,2971117,155624,TIMWE_RENEWED_NOTIF,63980,DELIVERED,3000,"2025-10-01 05:05:17"
2025-10-01,2971117,155624,TIMWE_RENEWED_NOTIF,63980,DELIVERED,3000,"2025-10-01 05:05:17"
2025-10-01,2971117,155624,TIMWE_RENEWED_NOTIF,63980,DELIVERED,3000,"2025-10-01 05:05:17"
2025-10-01,2971117,155624,TIMWE_RENEWED_NOTIF,63980,DELIVERED,3000,"2025-10-01 05:05:17"
2025-10-01,2971117,155624,TIMWE_RENEWED_NOTIF,63980,DELIVERED,3000,"2025-10-01 05:05:17"
2025-10-01,2971117,155624,TIMWE_RENEWED_NOTIF,63980,DELIVERED,3000,"2025-10-01 05:05:17"
2025-10-01,2971117,155624,TIMWE_RENEWED_NOTIF,63980,DELIVERED,3000,"2025-10-01 05:05:17"
2025-10-01,2971117,155624,TIMWE_RENEWED_NOTIF,63980,DELIVERED,3000,"2025-10-01 05:05:17"
2025-10-01,2971119,171576,TIMWE_RENEWED_NOTIF,63980,DELIVERED,3000,"2025-10-01 05:05:28"
2025-10-01,2971119,171576,TIMWE_RENEWED_NOTIF,63980,DELIVERED,3000,"2025-10-01 05:05:28"
2025-10-01,2971119,171576,TIMWE_RENEWED_NOTIF,63980,DELIVERED,3000,"2025-10-01 05:05:28"
2025-10-01,2971119,171576,TIMWE_RENEWED_NOTIF,63980,DELIVERED,3000,"2025-10-01 05:05:28"
2025-10-01,2971119,171576,TIMWE_RENEWED_NOTIF,63980,DELIVERED,3000,"2025-10-01 05:05:28"
2025-10-01,2971119,171576,TIMWE_RENEWED_NOTIF,63980,DELIVERED,3000,"2025-10-01 05:05:28"
2025-10-01,2971119,171576,TIMWE_RENEWED_NOTIF,63980,DELIVERED,3000,"2025-10-01 05:05:28"
2025-10-01,2971119,171576,TIMWE_RENEWED_NOTIF,63980,DELIVERED,3000,"2025-10-01 05:05:28"
2025-10-01,2971121,212937,TIMWE_RENEWED_NOTIF,63980,DELIVERED,3000,"2025-10-01 05:05:33"
2025-10-01,2971121,212937,TIMWE_RENEWED_NOTIF,63980,DELIVERED,3000,"2025-10-01 05:05:33"
2025-10-01,2971121,212937,TIMWE_RENEWED_NOTIF,63980,DELIVERED,3000,"2025-10-01 05:05:33"
2025-10-01,2971121,212937,TIMWE_RENEWED_NOTIF,63980,DELIVERED,3000,"2025-10-01 05:05:33"
2025-10-01,2971121,212937,TIMWE_RENEWED_NOTIF,63980,DELIVERED,3000,"2025-10-01 05:05:33"
2025-10-01,2971123,155674,TIMWE_RENEWED_NOTIF,63980,DELIVERED,3000,"2025-10-01 05:05:50"
2025-10-01,2971123,155674,TIMWE_RENEWED_NOTIF,63980,DELIVERED,3000,"2025-10-01 05:05:50"
2025-10-01,2971123,155674,TIMWE_RENEWED_NOTIF,63980,DELIVERED,3000,"2025-10-01 05:05:50"
2025-10-01,2971123,155674,TIMWE_RENEWED_NOTIF,63980,DELIVERED,3000,"2025-10-01 05:05:50"
2025-10-01,2971123,155674,TIMWE_RENEWED_NOTIF,63980,DELIVERED,3000,"2025-10-01 05:05:50"
2025-10-01,2971123,155674,TIMWE_RENEWED_NOTIF,63980,DELIVERED,3000,"2025-10-01 05:05:50"
2025-10-01,2971123,155674,TIMWE_RENEWED_NOTIF,63980,DELIVERED,3000,"2025-10-01 05:05:50"
2025-10-01,2971125,166588,TIMWE_RENEWED_NOTIF,63980,DELIVERED,3000,"2025-10-01 05:06:00"
2025-10-01,2971125,166588,TIMWE_RENEWED_NOTIF,63980,DELIVERED,3000,"2025-10-01 05:06:00"
2025-10-01,2971125,166588,TIMWE_RENEWED_NOTIF,63980,DELIVERED,3000,"2025-10-01 05:06:00"
2025-10-01,2971125,166588,TIMWE_RENEWED_NOTIF,63980,DELIVERED,3000,"2025-10-01 05:06:00"
2025-10-01,2971125,166588,TIMWE_RENEWED_NOTIF,63980,DELIVERED,3000,"2025-10-01 05:06:00"
2025-10-01,2971125,166588,TIMWE_RENEWED_NOTIF,63980,DELIVERED,3000,"2025-10-01 05:06:00"
2025-10-01,2971125,166588,TIMWE_RENEWED_NOTIF,63980,DELIVERED,3000,"2025-10-01 05:06:00"
2025-10-01,2971125,166588,TIMWE_RENEWED_NOTIF,63980,DELIVERED,3000,"2025-10-01 05:06:00"
2025-10-01,2971125,166588,TIMWE_RENEWED_NOTIF,63980,DELIVERED,3000,"2025-10-01 05:06:00"
2025-10-01,2971127,179520,TIMWE_RENEWED_NOTIF,63980,DELIVERED,3000,"2025-10-01 05:06:11"
2025-10-01,2971127,179520,TIMWE_RENEWED_NOTIF,63980,DELIVERED,3000,"2025-10-01 05:06:11"
2025-10-01,2971127,179520,TIMWE_RENEWED_NOTIF,63980,DELIVERED,3000,"2025-10-01 05:06:11"
2025-10-01,2971127,179520,TIMWE_RENEWED_NOTIF,63980,DELIVERED,3000,"2025-10-01 05:06:11"
2025-10-01,2971129,170507,TIMWE_RENEWED_NOTIF,63980,DELIVERED,3000,"2025-10-01 05:06:12"
2025-10-01,2971129,170507,TIMWE_RENEWED_NOTIF,63980,DELIVERED,3000,"2025-10-01 05:06:12"
2025-10-01,2971129,170507,TIMWE_RENEWED_NOTIF,63980,DELIVERED,3000,"2025-10-01 05:06:12"
2025-10-01,2971129,170507,TIMWE_RENEWED_NOTIF,63980,DELIVERED,3000,"2025-10-01 05:06:12"
2025-10-01,2971129,170507,TIMWE_RENEWED_NOTIF,63980,DELIVERED,3000,"2025-10-01 05:06:12"
2025-10-01,2971129,170507,TIMWE_RENEWED_NOTIF,63980,DELIVERED,3000,"2025-10-01 05:06:12"
2025-10-01,2971129,170507,TIMWE_RENEWED_NOTIF,63980,DELIVERED,3000,"2025-10-01 05:06:12"
2025-10-01,2971129,170507,TIMWE_RENEWED_NOTIF,63980,DELIVERED,3000,"2025-10-01 05:06:12"
2025-10-01,2971131,175534,TIMWE_RENEWED_NOTIF,63980,DELIVERED,3000,"2025-10-01 05:06:23"
2025-10-01,2971131,175534,TIMWE_RENEWED_NOTIF,63980,DELIVERED,3000,"2025-10-01 05:06:23"
2025-10-01,2971131,175534,TIMWE_RENEWED_NOTIF,63980,DELIVERED,3000,"2025-10-01 05:06:23"
2025-10-01,2971131,175534,TIMWE_RENEWED_NOTIF,63980,DELIVERED,3000,"2025-10-01 05:06:23"
2025-10-01,2971131,175534,TIMWE_RENEWED_NOTIF,63980,DELIVERED,3000,"2025-10-01 05:06:23"
2025-10-01,2971131,175534,TIMWE_RENEWED_NOTIF,63980,DELIVERED,3000,"2025-10-01 05:06:23"
2025-10-01,2971131,175534,TIMWE_RENEWED_NOTIF,63980,DELIVERED,3000,"2025-10-01 05:06:23"
2025-10-01,2971133,184930,TIMWE_RENEWED_NOTIF,63980,DELIVERED,3000,"2025-10-01 05:06:53"
2025-10-01,2971133,184930,TIMWE_RENEWED_NOTIF,63980,DELIVERED,3000,"2025-10-01 05:06:53"
2025-10-01,2971133,184930,TIMWE_RENEWED_NOTIF,63980,DELIVERED,3000,"2025-10-01 05:06:53"
2025-10-01,2971133,184930,TIMWE_RENEWED_NOTIF,63980,DELIVERED,3000,"2025-10-01 05:06:53"
2025-10-01,2971133,184930,TIMWE_RENEWED_NOTIF,63980,DELIVERED,3000,"2025-10-01 05:06:53"
2025-10-01,2971133,184930,TIMWE_RENEWED_NOTIF,63980,DELIVERED,3000,"2025-10-01 05:06:53"
2025-10-01,2971135,172128,TIMWE_RENEWED_NOTIF,63980,DELIVERED,3000,"2025-10-01 05:06:59"
2025-10-01,2971135,172128,TIMWE_RENEWED_NOTIF,63980,DELIVERED,3000,"2025-10-01 05:06:59"
2025-10-01,2971135,172128,TIMWE_RENEWED_NOTIF,63980,DELIVERED,3000,"2025-10-01 05:06:59"
2025-10-01,2971135,172128,TIMWE_RENEWED_NOTIF,63980,DELIVERED,3000,"2025-10-01 05:06:59"
2025-10-01,2971135,172128,TIMWE_RENEWED_NOTIF,63980,DELIVERED,3000,"2025-10-01 05:06:59"
2025-10-01,2971135,172128,TIMWE_RENEWED_NOTIF,63980,DELIVERED,3000,"2025-10-01 05:06:59"
2025-10-01,2971135,172128,TIMWE_RENEWED_NOTIF,63980,DELIVERED,3000,"2025-10-01 05:06:59"
2025-10-01,2971135,172128,TIMWE_RENEWED_NOTIF,63980,DELIVERED,3000,"2025-10-01 05:06:59"
2025-10-01,2971137,207339,TIMWE_RENEWED_NOTIF,63980,DELIVERED,3000,"2025-10-01 05:07:15"
2025-10-01,2971137,207339,TIMWE_RENEWED_NOTIF,63980,DELIVERED,3000,"2025-10-01 05:07:15"
2025-10-01,2971137,207339,TIMWE_RENEWED_NOTIF,63980,DELIVERED,3000,"2025-10-01 05:07:15"
2025-10-01,2971139,209009,TIMWE_RENEWED_NOTIF,63980,DELIVERED,3000,"2025-10-01 05:08:18"
2025-10-01,2971139,209009,TIMWE_RENEWED_NOTIF,63980,DELIVERED,3000,"2025-10-01 05:08:18"
2025-10-01,2971141,211789,TIMWE_RENEWED_NOTIF,63980,DELIVERED,3000,"2025-10-01 05:08:37"
2025-10-01,2971141,211789,TIMWE_RENEWED_NOTIF,63980,DELIVERED,3000,"2025-10-01 05:08:37"
2025-10-01,2971143,213444,TIMWE_RENEWED_NOTIF,63980,DELIVERED,3000,"2025-10-01 05:09:34"
2025-10-01,2971143,213444,TIMWE_RENEWED_NOTIF,63980,DELIVERED,3000,"2025-10-01 05:09:34"
2025-10-01,2971145,207287,TIMWE_RENEWED_NOTIF,63980,DELIVERED,3000,"2025-10-01 05:09:48"
2025-10-01,2971145,207287,TIMWE_RENEWED_NOTIF,63980,DELIVERED,3000,"2025-10-01 05:09:48"
2025-10-01,2971145,207287,TIMWE_RENEWED_NOTIF,63980,DELIVERED,3000,"2025-10-01 05:09:48"
2025-10-01,2971145,207287,TIMWE_RENEWED_NOTIF,63980,DELIVERED,3000,"2025-10-01 05:09:48"
2025-10-01,2971147,154911,TIMWE_RENEWED_NOTIF,63980,DELIVERED,3000,"2025-10-01 05:10:22"
2025-10-01,2971147,154911,TIMWE_RENEWED_NOTIF,63980,DELIVERED,3000,"2025-10-01 05:10:22"
2025-10-01,2971147,154911,TIMWE_RENEWED_NOTIF,63980,DELIVERED,3000,"2025-10-01 05:10:22"
2025-10-01,2971147,154911,TIMWE_RENEWED_NOTIF,63980,DELIVERED,3000,"2025-10-01 05:10:22"
2025-10-01,2971147,154911,TIMWE_RENEWED_NOTIF,63980,DELIVERED,3000,"2025-10-01 05:10:22"
2025-10-01,2971147,154911,TIMWE_RENEWED_NOTIF,63980,DELIVERED,3000,"2025-10-01 05:10:22"
2025-10-01,2971147,154911,TIMWE_RENEWED_NOTIF,63980,DELIVERED,3000,"2025-10-01 05:10:22"
2025-10-01,2971147,154911,TIMWE_RENEWED_NOTIF,63980,DELIVERED,3000,"2025-10-01 05:10:22"
2025-10-01,2971147,154911,TIMWE_RENEWED_NOTIF,63980,DELIVERED,3000,"2025-10-01 05:10:22"
2025-10-01,2971149,166531,TIMWE_RENEWED_NOTIF,63980,DELIVERED,3000,"2025-10-01 05:10:54"
2025-10-01,2971149,166531,TIMWE_RENEWED_NOTIF,63980,DELIVERED,3000,"2025-10-01 05:10:54"
2025-10-01,2971149,166531,TIMWE_RENEWED_NOTIF,63980,DELIVERED,3000,"2025-10-01 05:10:54"
2025-10-01,2971149,166531,TIMWE_RENEWED_NOTIF,63980,DELIVERED,3000,"2025-10-01 05:10:54"
2025-10-01,2971149,166531,TIMWE_RENEWED_NOTIF,63980,DELIVERED,3000,"2025-10-01 05:10:54"
2025-10-01,2971149,166531,TIMWE_RENEWED_NOTIF,63980,DELIVERED,3000,"2025-10-01 05:10:54"
2025-10-01,2971149,166531,TIMWE_RENEWED_NOTIF,63980,DELIVERED,3000,"2025-10-01 05:10:54"
2025-10-01,2971149,166531,TIMWE_RENEWED_NOTIF,63980,DELIVERED,3000,"2025-10-01 05:10:54"
2025-10-01,2971149,166531,TIMWE_RENEWED_NOTIF,63980,DELIVERED,3000,"2025-10-01 05:10:54"
2025-10-01,2971149,166531,TIMWE_RENEWED_NOTIF,63980,DELIVERED,3000,"2025-10-01 05:10:54"
2025-10-01,2971149,166531,TIMWE_RENEWED_NOTIF,63980,DELIVERED,3000,"2025-10-01 05:10:54"
2025-10-01,2971151,170448,TIMWE_RENEWED_NOTIF,63980,DELIVERED,3000,"2025-10-01 05:10:57"
2025-10-01,2971151,170448,TIMWE_RENEWED_NOTIF,63980,DELIVERED,3000,"2025-10-01 05:10:57"
2025-10-01,2971151,170448,TIMWE_RENEWED_NOTIF,63980,DELIVERED,3000,"2025-10-01 05:10:57"
2025-10-01,2971151,170448,TIMWE_RENEWED_NOTIF,63980,DELIVERED,3000,"2025-10-01 05:10:57"
2025-10-01,2971151,170448,TIMWE_RENEWED_NOTIF,63980,DELIVERED,3000,"2025-10-01 05:10:57"
2025-10-01,2971151,170448,TIMWE_RENEWED_NOTIF,63980,DELIVERED,3000,"2025-10-01 05:10:57"
2025-10-01,2971153,203039,TIMWE_RENEWED_NOTIF,63980,DELIVERED,3000,"2025-10-01 05:11:01"
2025-10-01,2971153,203039,TIMWE_RENEWED_NOTIF,63980,DELIVERED,3000,"2025-10-01 05:11:01"
2025-10-01,2971157,185721,TIMWE_RENEWED_NOTIF,63980,DELIVERED,3000,"2025-10-01 05:11:19"
2025-10-01,2971157,185721,TIMWE_RENEWED_NOTIF,63980,DELIVERED,3000,"2025-10-01 05:11:19"
2025-10-01,2971157,185721,TIMWE_RENEWED_NOTIF,63980,DELIVERED,3000,"2025-10-01 05:11:19"
2025-10-01,2971159,216321,TIMWE_RENEWED_NOTIF,63980,DELIVERED,3000,"2025-10-01 05:11:34"
2025-10-01,2971159,216321,TIMWE_RENEWED_NOTIF,63980,DELIVERED,3000,"2025-10-01 05:11:34"
2025-10-01,2971159,216321,TIMWE_RENEWED_NOTIF,63980,DELIVERED,3000,"2025-10-01 05:11:34"
2025-10-01,2971159,216321,TIMWE_RENEWED_NOTIF,63980,DELIVERED,3000,"2025-10-01 05:11:34"
2025-10-01,2971159,216321,TIMWE_RENEWED_NOTIF,63980,DELIVERED,3000,"2025-10-01 05:11:34"
2025-10-01,2971161,209121,TIMWE_RENEWED_NOTIF,63980,DELIVERED,3000,"2025-10-01 05:11:38"
2025-10-01,2971161,209121,TIMWE_RENEWED_NOTIF,63980,DELIVERED,3000,"2025-10-01 05:11:38"
2025-10-01,2971163,205814,TIMWE_RENEWED_NOTIF,63980,DELIVERED,3000,"2025-10-01 05:12:06"
2025-10-01,2971163,205814,TIMWE_RENEWED_NOTIF,63980,DELIVERED,3000,"2025-10-01 05:12:06"
2025-10-01,2971165,207802,TIMWE_RENEWED_NOTIF,63980,DELIVERED,3000,"2025-10-01 05:12:10"
2025-10-01,2971165,207802,TIMWE_RENEWED_NOTIF,63980,DELIVERED,3000,"2025-10-01 05:12:10"
2025-10-01,2971165,207802,TIMWE_RENEWED_NOTIF,63980,DELIVERED,3000,"2025-10-01 05:12:10"
2025-10-01,2971167,210618,TIMWE_RENEWED_NOTIF,63980,DELIVERED,3000,"2025-10-01 05:12:22"
2025-10-01,2971167,210618,TIMWE_RENEWED_NOTIF,63980,DELIVERED,3000,"2025-10-01 05:12:22"
2025-10-01,2971167,210618,TIMWE_RENEWED_NOTIF,63980,DELIVERED,3000,"2025-10-01 05:12:22"
2025-10-01,2971169,170065,TIMWE_RENEWED_NOTIF,63980,DELIVERED,3000,"2025-10-01 05:12:28"
2025-10-01,2971169,170065,TIMWE_RENEWED_NOTIF,63980,DELIVERED,3000,"2025-10-01 05:12:28"
2025-10-01,2971169,170065,TIMWE_RENEWED_NOTIF,63980,DELIVERED,3000,"2025-10-01 05:12:28"
2025-10-01,2971169,170065,TIMWE_RENEWED_NOTIF,63980,DELIVERED,3000,"2025-10-01 05:12:28"
2025-10-01,2971169,170065,TIMWE_RENEWED_NOTIF,63980,DELIVERED,3000,"2025-10-01 05:12:28"
2025-10-01,2971169,170065,TIMWE_RENEWED_NOTIF,63980,DELIVERED,3000,"2025-10-01 05:12:28"
2025-10-01,2971169,170065,TIMWE_RENEWED_NOTIF,63980,DELIVERED,3000,"2025-10-01 05:12:28"
2025-10-01,2971169,170065,TIMWE_RENEWED_NOTIF,63980,DELIVERED,3000,"2025-10-01 05:12:28"
2025-10-01,2971169,170065,TIMWE_RENEWED_NOTIF,63980,DELIVERED,3000,"2025-10-01 05:12:28"
2025-10-01,2971171,170519,TIMWE_RENEWED_NOTIF,63980,DELIVERED,3000,"2025-10-01 05:12:42"
2025-10-01,2971171,170519,TIMWE_RENEWED_NOTIF,63980,DELIVERED,3000,"2025-10-01 05:12:42"
2025-10-01,2971171,170519,TIMWE_RENEWED_NOTIF,63980,DELIVERED,3000,"2025-10-01 05:12:42"
2025-10-01,2971171,170519,TIMWE_RENEWED_NOTIF,63980,DELIVERED,3000,"2025-10-01 05:12:42"
2025-10-01,2971171,170519,TIMWE_RENEWED_NOTIF,63980,DELIVERED,3000,"2025-10-01 05:12:42"
2025-10-01,2971171,170519,TIMWE_RENEWED_NOTIF,63980,DELIVERED,3000,"2025-10-01 05:12:42"
2025-10-01,2971171,170519,TIMWE_RENEWED_NOTIF,63980,DELIVERED,3000,"2025-10-01 05:12:42"
2025-10-01,2971171,170519,TIMWE_RENEWED_NOTIF,63980,DELIVERED,3000,"2025-10-01 05:12:42"
2025-10-01,2971171,170519,TIMWE_RENEWED_NOTIF,63980,DELIVERED,3000,"2025-10-01 05:12:42"
2025-10-01,2971173,214930,TIMWE_RENEWED_NOTIF,63980,DELIVERED,3000,"2025-10-01 05:12:44"
2025-10-01,2971173,214930,TIMWE_RENEWED_NOTIF,63980,DELIVERED,3000,"2025-10-01 05:12:44"
2025-10-01,2971176,214877,TIMWE_RENEWED_NOTIF,63980,DELIVERED,3000,"2025-10-01 05:13:25"
2025-10-01,2971176,214877,TIMWE_RENEWED_NOTIF,63980,DELIVERED,3000,"2025-10-01 05:13:25"
2025-10-01,2971176,214877,TIMWE_RENEWED_NOTIF,63980,DELIVERED,3000,"2025-10-01 05:13:25"
2025-10-01,2971178,212325,TIMWE_RENEWED_NOTIF,63980,DELIVERED,3000,"2025-10-01 05:13:46"
2025-10-01,2971178,212325,TIMWE_RENEWED_NOTIF,63980,DELIVERED,3000,"2025-10-01 05:13:46"
2025-10-01,2971178,212325,TIMWE_RENEWED_NOTIF,63980,DELIVERED,3000,"2025-10-01 05:13:46"
2025-10-01,2971180,203337,TIMWE_RENEWED_NOTIF,63980,DELIVERED,3000,"2025-10-01 05:13:48"
2025-10-01,2971180,203337,TIMWE_RENEWED_NOTIF,63980,DELIVERED,3000,"2025-10-01 05:13:48"
2025-10-01,2971182,216471,TIMWE_RENEWED_NOTIF,63980,DELIVERED,3000,"2025-10-01 05:14:07"
2025-10-01,2971182,216471,TIMWE_RENEWED_NOTIF,63980,DELIVERED,3000,"2025-10-01 05:14:07"
2025-10-01,2971184,212516,TIMWE_RENEWED_NOTIF,63980,DELIVERED,3000,"2025-10-01 05:14:43"
2025-10-01,2971184,212516,TIMWE_RENEWED_NOTIF,63980,DELIVERED,3000,"2025-10-01 05:14:43"
2025-10-01,2971186,215156,TIMWE_RENEWED_NOTIF,63980,DELIVERED,3000,"2025-10-01 05:14:48"
2025-10-01,2971186,215156,TIMWE_RENEWED_NOTIF,63980,DELIVERED,3000,"2025-10-01 05:14:48"
2025-10-01,2971186,215156,TIMWE_RENEWED_NOTIF,63980,DELIVERED,3000,"2025-10-01 05:14:48"
2025-10-01,2971186,215156,TIMWE_RENEWED_NOTIF,63980,DELIVERED,3000,"2025-10-01 05:14:48"
2025-10-01,2971186,215156,TIMWE_RENEWED_NOTIF,63980,DELIVERED,3000,"2025-10-01 05:14:48"
2025-10-01,2971189,210140,TIMWE_RENEWED_NOTIF,63980,DELIVERED,3000,"2025-10-01 05:15:17"
2025-10-01,2971189,210140,TIMWE_RENEWED_NOTIF,63980,DELIVERED,3000,"2025-10-01 05:15:17"
2025-10-01,2971190,205132,TIMWE_RENEWED_NOTIF,63980,DELIVERED,3000,"2025-10-01 05:15:17"
2025-10-01,2971190,205132,TIMWE_RENEWED_NOTIF,63980,DELIVERED,3000,"2025-10-01 05:15:17"
2025-10-01,2971190,205132,TIMWE_RENEWED_NOTIF,63980,DELIVERED,3000,"2025-10-01 05:15:17"
2025-10-01,2971190,205132,TIMWE_RENEWED_NOTIF,63980,DELIVERED,3000,"2025-10-01 05:15:17"
2025-10-01,2971190,205132,TIMWE_RENEWED_NOTIF,63980,DELIVERED,3000,"2025-10-01 05:15:17"
2025-10-01,2971192,213959,TIMWE_RENEWED_NOTIF,63980,DELIVERED,3000,"2025-10-01 05:15:38"
2025-10-01,2971192,213959,TIMWE_RENEWED_NOTIF,63980,DELIVERED,3000,"2025-10-01 05:15:38"
2025-10-01,2971194,213870,TIMWE_RENEWED_NOTIF,63980,DELIVERED,3000,"2025-10-01 05:15:54"
2025-10-01,2971194,213870,TIMWE_RENEWED_NOTIF,63980,DELIVERED,3000,"2025-10-01 05:15:54"
2025-10-01,2971196,205053,TIMWE_RENEWED_NOTIF,63980,DELIVERED,3000,"2025-10-01 05:15:58"
2025-10-01,2971196,205053,TIMWE_RENEWED_NOTIF,63980,DELIVERED,3000,"2025-10-01 05:15:58"
2025-10-01,2971196,205053,TIMWE_RENEWED_NOTIF,63980,DELIVERED,3000,"2025-10-01 05:15:58"
2025-10-01,2971196,205053,TIMWE_RENEWED_NOTIF,63980,DELIVERED,3000,"2025-10-01 05:15:58"
2025-10-01,2971198,206639,TIMWE_RENEWED_NOTIF,63980,DELIVERED,3000,"2025-10-01 05:16:08"
2025-10-01,2971198,206639,TIMWE_RENEWED_NOTIF,63980,DELIVERED,3000,"2025-10-01 05:16:08"
2025-10-01,2971200,214948,TIMWE_RENEWED_NOTIF,63980,DELIVERED,3000,"2025-10-01 05:16:14"
2025-10-01,2971200,214948,TIMWE_RENEWED_NOTIF,63980,DELIVERED,3000,"2025-10-01 05:16:14"
2025-10-01,2971202,208341,TIMWE_RENEWED_NOTIF,63980,DELIVERED,3000,"2025-10-01 05:16:59"
2025-10-01,2971202,208341,TIMWE_RENEWED_NOTIF,63980,DELIVERED,3000,"2025-10-01 05:16:59"
2025-10-01,2971204,225134,TIMWE_RENEWED_NOTIF,63980,DELIVERED,3000,"2025-10-01 05:17:31"
2025-10-01,2971204,225134,TIMWE_RENEWED_NOTIF,63980,DELIVERED,3000,"2025-10-01 05:17:31"
2025-10-01,2971206,212829,TIMWE_RENEWED_NOTIF,63980,DELIVERED,3000,"2025-10-01 05:17:59"
2025-10-01,2971206,212829,TIMWE_RENEWED_NOTIF,63980,DELIVERED,3000,"2025-10-01 05:17:59"
2025-10-01,2971206,212829,TIMWE_RENEWED_NOTIF,63980,DELIVERED,3000,"2025-10-01 05:17:59"
2025-10-01,2971208,216966,TIMWE_RENEWED_NOTIF,63980,DELIVERED,3000,"2025-10-01 05:18:35"
2025-10-01,2971208,216966,TIMWE_RENEWED_NOTIF,63980,DELIVERED,3000,"2025-10-01 05:18:35"
2025-10-01,2971210,225761,TIMWE_RENEWED_NOTIF,63980,DELIVERED,3000,"2025-10-01 05:18:40"
2025-10-01,2971210,225761,TIMWE_RENEWED_NOTIF,63980,DELIVERED,3000,"2025-10-01 05:18:40"
2025-10-01,2971210,225761,TIMWE_RENEWED_NOTIF,63980,DELIVERED,3000,"2025-10-01 05:18:40"
2025-10-01,2971210,225761,TIMWE_RENEWED_NOTIF,63980,DELIVERED,3000,"2025-10-01 05:18:40"
2025-10-01,2971210,225761,TIMWE_RENEWED_NOTIF,63980,DELIVERED,3000,"2025-10-01 05:18:40"
2025-10-01,2971212,225616,TIMWE_RENEWED_NOTIF,63980,DELIVERED,3000,"2025-10-01 05:19:19"
2025-10-01,2971212,225616,TIMWE_RENEWED_NOTIF,63980,DELIVERED,3000,"2025-10-01 05:19:19"
2025-10-01,2971214,208516,TIMWE_RENEWED_NOTIF,63980,DELIVERED,3000,"2025-10-01 05:19:38"
2025-10-01,2971214,208516,TIMWE_RENEWED_NOTIF,63980,DELIVERED,3000,"2025-10-01 05:19:38"
2025-10-01,2971216,227483,TIMWE_RENEWED_NOTIF,63980,DELIVERED,3000,"2025-10-01 05:19:44"
2025-10-01,2971216,227483,TIMWE_RENEWED_NOTIF,63980,DELIVERED,3000,"2025-10-01 05:19:44"
2025-10-01,2971216,227483,TIMWE_RENEWED_NOTIF,63980,DELIVERED,3000,"2025-10-01 05:19:44"
2025-10-01,2971218,205357,TIMWE_RENEWED_NOTIF,63980,DELIVERED,3000,"2025-10-01 05:19:51"
2025-10-01,2971218,205357,TIMWE_RENEWED_NOTIF,63980,DELIVERED,3000,"2025-10-01 05:19:51"
2025-10-01,2971220,221645,TIMWE_RENEWED_NOTIF,63980,DELIVERED,3000,"2025-10-01 05:20:43"
2025-10-01,2971220,221645,TIMWE_RENEWED_NOTIF,63980,DELIVERED,3000,"2025-10-01 05:20:43"
2025-10-01,2971222,232911,TIMWE_RENEWED_NOTIF,63980,DELIVERED,3000,"2025-10-01 05:20:52"
2025-10-01,2971222,232911,TIMWE_RENEWED_NOTIF,63980,DELIVERED,3000,"2025-10-01 05:20:52"
2025-10-01,2971224,226014,TIMWE_RENEWED_NOTIF,63980,DELIVERED,3000,"2025-10-01 05:21:21"
2025-10-01,2971224,226014,TIMWE_RENEWED_NOTIF,63980,DELIVERED,3000,"2025-10-01 05:21:21"
2025-10-01,2971226,110855,TIMWE_RENEWED_NOTIF,63980,DELIVERED,3000,"2025-10-01 05:21:42"
2025-10-01,2971226,110855,TIMWE_RENEWED_NOTIF,63980,DELIVERED,3000,"2025-10-01 05:21:42"
2025-10-01,2971226,110855,TIMWE_RENEWED_NOTIF,63980,DELIVERED,3000,"2025-10-01 05:21:42"
2025-10-01,2971226,110855,TIMWE_RENEWED_NOTIF,63980,DELIVERED,3000,"2025-10-01 05:21:42"
2025-10-01,2971226,110855,TIMWE_RENEWED_NOTIF,63980,DELIVERED,3000,"2025-10-01 05:21:42"
2025-10-01,2971226,110855,TIMWE_RENEWED_NOTIF,63980,DELIVERED,3000,"2025-10-01 05:21:42"
2025-10-01,2971226,110855,TIMWE_RENEWED_NOTIF,63980,DELIVERED,3000,"2025-10-01 05:21:42"
2025-10-01,2971226,110855,TIMWE_RENEWED_NOTIF,63980,DELIVERED,3000,"2025-10-01 05:21:42"
2025-10-01,2971226,110855,TIMWE_RENEWED_NOTIF,63980,DELIVERED,3000,"2025-10-01 05:21:42"
2025-10-01,2971226,110855,TIMWE_RENEWED_NOTIF,63980,DELIVERED,3000,"2025-10-01 05:21:42"
2025-10-01,2971226,110855,TIMWE_RENEWED_NOTIF,63980,DELIVERED,3000,"2025-10-01 05:21:42"
2025-10-01,2971226,110855,TIMWE_RENEWED_NOTIF,63980,DELIVERED,3000,"2025-10-01 05:21:42"
2025-10-01,2971226,110855,TIMWE_RENEWED_NOTIF,63980,DELIVERED,3000,"2025-10-01 05:21:42"
2025-10-01,2971226,110855,TIMWE_RENEWED_NOTIF,63980,DELIVERED,3000,"2025-10-01 05:21:42"
2025-10-01,2971226,110855,TIMWE_RENEWED_NOTIF,63980,DELIVERED,3000,"2025-10-01 05:21:42"
2025-10-01,2971226,110855,TIMWE_RENEWED_NOTIF,63980,DELIVERED,3000,"2025-10-01 05:21:42"
2025-10-01,2971226,110855,TIMWE_RENEWED_NOTIF,63980,DELIVERED,3000,"2025-10-01 05:21:42"
2025-10-01,2971226,110855,TIMWE_RENEWED_NOTIF,63980,DELIVERED,3000,"2025-10-01 05:21:42"
2025-10-01,2971226,110855,TIMWE_RENEWED_NOTIF,63980,DELIVERED,3000,"2025-10-01 05:21:42"
2025-10-01,2971228,221221,TIMWE_RENEWED_NOTIF,63980,DELIVERED,3000,"2025-10-01 05:21:45"
2025-10-01,2971228,221221,TIMWE_RENEWED_NOTIF,63980,DELIVERED,3000,"2025-10-01 05:21:45"
2025-10-01,2971228,221221,TIMWE_RENEWED_NOTIF,63980,DELIVERED,3000,"2025-10-01 05:21:45"
2025-10-01,2971228,221221,TIMWE_RENEWED_NOTIF,63980,DELIVERED,3000,"2025-10-01 05:21:45"
2025-10-01,2971228,221221,TIMWE_RENEWED_NOTIF,63980,DELIVERED,3000,"2025-10-01 05:21:45"
2025-10-01,2971230,230601,TIMWE_RENEWED_NOTIF,63980,DELIVERED,3000,"2025-10-01 05:21:48"
2025-10-01,2971230,230601,TIMWE_RENEWED_NOTIF,63980,DELIVERED,3000,"2025-10-01 05:21:48"
2025-10-01,2971232,227633,TIMWE_RENEWED_NOTIF,63980,DELIVERED,3000,"2025-10-01 05:22:16"
2025-10-01,2971232,227633,TIMWE_RENEWED_NOTIF,63980,DELIVERED,3000,"2025-10-01 05:22:16"
2025-10-01,2971232,227633,TIMWE_RENEWED_NOTIF,63980,DELIVERED,3000,"2025-10-01 05:22:16"
2025-10-01,2971234,233098,TIMWE_RENEWED_NOTIF,63980,DELIVERED,3000,"2025-10-01 05:22:20"
2025-10-01,2971234,233098,TIMWE_RENEWED_NOTIF,63980,DELIVERED,3000,"2025-10-01 05:22:20"
2025-10-01,2971236,223242,TIMWE_RENEWED_NOTIF,63980,DELIVERED,3000,"2025-10-01 05:22:26"
2025-10-01,2971236,223242,TIMWE_RENEWED_NOTIF,63980,DELIVERED,3000,"2025-10-01 05:22:26"
2025-10-01,2971238,228174,TIMWE_RENEWED_NOTIF,63980,DELIVERED,3000,"2025-10-01 05:22:37"
2025-10-01,2971238,228174,TIMWE_RENEWED_NOTIF,63980,DELIVERED,3000,"2025-10-01 05:22:37"
2025-10-01,2971240,237155,TIMWE_RENEWED_NOTIF,63980,DELIVERED,3000,"2025-10-01 05:23:01"
2025-10-01,2971240,237155,TIMWE_RENEWED_NOTIF,63980,DELIVERED,3000,"2025-10-01 05:23:01"
2025-10-01,2971240,237155,TIMWE_RENEWED_NOTIF,63980,DELIVERED,3000,"2025-10-01 05:23:01"
2025-10-01,2971240,237155,TIMWE_RENEWED_NOTIF,63980,DELIVERED,3000,"2025-10-01 05:23:01"
2025-10-01,2971243,228396,TIMWE_RENEWED_NOTIF,63980,DELIVERED,3000,"2025-10-01 05:23:22"
2025-10-01,2971243,228396,TIMWE_RENEWED_NOTIF,63980,DELIVERED,3000,"2025-10-01 05:23:22"
2025-10-01,2971243,228396,TIMWE_RENEWED_NOTIF,63980,DELIVERED,3000,"2025-10-01 05:23:22"
2025-10-01,2971244,229325,TIMWE_RENEWED_NOTIF,63980,DELIVERED,3000,"2025-10-01 05:23:22"
2025-10-01,2971244,229325,TIMWE_RENEWED_NOTIF,63980,DELIVERED,3000,"2025-10-01 05:23:22"
2025-10-01,2971246,233426,TIMWE_RENEWED_NOTIF,63980,DELIVERED,3000,"2025-10-01 05:23:22"
2025-10-01,2971246,233426,TIMWE_RENEWED_NOTIF,63980,DELIVERED,3000,"2025-10-01 05:23:22"
2025-10-01,2971246,233426,TIMWE_RENEWED_NOTIF,63980,DELIVERED,3000,"2025-10-01 05:23:22"
2025-10-01,2971248,238964,TIMWE_RENEWED_NOTIF,63980,DELIVERED,3000,"2025-10-01 05:23:31"
2025-10-01,2971248,238964,TIMWE_RENEWED_NOTIF,63980,DELIVERED,3000,"2025-10-01 05:23:31"
2025-10-01,2971250,225361,TIMWE_RENEWED_NOTIF,63980,DELIVERED,3000,"2025-10-01 05:23:42"
2025-10-01,2971250,225361,TIMWE_RENEWED_NOTIF,63980,DELIVERED,3000,"2025-10-01 05:23:42"
2025-10-01,2971252,227230,TIMWE_RENEWED_NOTIF,63980,DELIVERED,3000,"2025-10-01 05:23:55"
2025-10-01,2971252,227230,TIMWE_RENEWED_NOTIF,63980,DELIVERED,3000,"2025-10-01 05:23:55"
2025-10-01,2971252,227230,TIMWE_RENEWED_NOTIF,63980,DELIVERED,3000,"2025-10-01 05:23:55"
2025-10-01,2971252,227230,TIMWE_RENEWED_NOTIF,63980,DELIVERED,3000,"2025-10-01 05:23:55"
2025-10-01,2971252,227230,TIMWE_RENEWED_NOTIF,63980,DELIVERED,3000,"2025-10-01 05:23:55"
2025-10-01,2971254,228176,TIMWE_RENEWED_NOTIF,63980,DELIVERED,3000,"2025-10-01 05:23:56"
2025-10-01,2971254,228176,TIMWE_RENEWED_NOTIF,63980,DELIVERED,3000,"2025-10-01 05:23:56"
2025-10-01,2971256,232471,TIMWE_RENEWED_NOTIF,63980,DELIVERED,3000,"2025-10-01 05:24:02"
2025-10-01,2971256,232471,TIMWE_RENEWED_NOTIF,63980,DELIVERED,3000,"2025-10-01 05:24:02"
2025-10-01,2971258,225774,TIMWE_RENEWED_NOTIF,63980,DELIVERED,3000,"2025-10-01 05:24:09"
2025-10-01,2971258,225774,TIMWE_RENEWED_NOTIF,63980,DELIVERED,3000,"2025-10-01 05:24:09"
2025-10-01,2971260,236967,TIMWE_RENEWED_NOTIF,63980,DELIVERED,3000,"2025-10-01 05:24:12"
2025-10-01,2971260,236967,TIMWE_RENEWED_NOTIF,63980,DELIVERED,3000,"2025-10-01 05:24:12"
2025-10-01,2971262,238960,TIMWE_RENEWED_NOTIF,63980,DELIVERED,3000,"2025-10-01 05:24:13"
2025-10-01,2971262,238960,TIMWE_RENEWED_NOTIF,63980,DELIVERED,3000,"2025-10-01 05:24:13"
2025-10-01,2971264,238951,TIMWE_RENEWED_NOTIF,63980,DELIVERED,3000,"2025-10-01 05:24:17"
2025-10-01,2971264,238951,TIMWE_RENEWED_NOTIF,63980,DELIVERED,3000,"2025-10-01 05:24:17"
2025-10-01,2971266,232090,TIMWE_RENEWED_NOTIF,63980,DELIVERED,3000,"2025-10-01 05:24:30"
2025-10-01,2971266,232090,TIMWE_RENEWED_NOTIF,63980,DELIVERED,3000,"2025-10-01 05:24:30"
2025-10-01,2971268,223653,TIMWE_RENEWED_NOTIF,63980,DELIVERED,3000,"2025-10-01 05:24:32"
2025-10-01,2971268,223653,TIMWE_RENEWED_NOTIF,63980,DELIVERED,3000,"2025-10-01 05:24:32"
2025-10-01,2971270,234745,TIMWE_RENEWED_NOTIF,63980,DELIVERED,3000,"2025-10-01 05:24:34"
2025-10-01,2971270,234745,TIMWE_RENEWED_NOTIF,63980,DELIVERED,3000,"2025-10-01 05:24:34"
2025-10-01,2971273,231262,TIMWE_RENEWED_NOTIF,63980,DELIVERED,3000,"2025-10-01 05:24:34"
2025-10-01,2971273,231262,TIMWE_RENEWED_NOTIF,63980,DELIVERED,3000,"2025-10-01 05:24:34"
2025-10-01,2971274,228253,TIMWE_RENEWED_NOTIF,63980,DELIVERED,3000,"2025-10-01 05:24:34"
2025-10-01,2971274,228253,TIMWE_RENEWED_NOTIF,63980,DELIVERED,3000,"2025-10-01 05:24:34"
2025-10-01,2971274,228253,TIMWE_RENEWED_NOTIF,63980,DELIVERED,3000,"2025-10-01 05:24:34"
2025-10-01,2971276,228162,TIMWE_RENEWED_NOTIF,63980,DELIVERED,3000,"2025-10-01 05:24:41"
2025-10-01,2971276,228162,TIMWE_RENEWED_NOTIF,63980,DELIVERED,3000,"2025-10-01 05:24:41"
2025-10-01,2971276,228162,TIMWE_RENEWED_NOTIF,63980,DELIVERED,3000,"2025-10-01 05:24:41"
2025-10-01,2971278,239026,TIMWE_RENEWED_NOTIF,63980,DELIVERED,3000,"2025-10-01 05:25:04"
2025-10-01,2971278,239026,TIMWE_RENEWED_NOTIF,63980,DELIVERED,3000,"2025-10-01 05:25:04"
2025-10-01,2971278,239026,TIMWE_RENEWED_NOTIF,63980,DELIVERED,3000,"2025-10-01 05:25:04"
2025-10-01,2971280,228242,TIMWE_RENEWED_NOTIF,63980,DELIVERED,3000,"2025-10-01 05:25:09"
2025-10-01,2971280,228242,TIMWE_RENEWED_NOTIF,63980,DELIVERED,3000,"2025-10-01 05:25:09"
2025-10-01,2971282,223552,TIMWE_RENEWED_NOTIF,63980,DELIVERED,3000,"2025-10-01 05:25:10"
2025-10-01,2971282,223552,TIMWE_RENEWED_NOTIF,63980,DELIVERED,3000,"2025-10-01 05:25:10"
2025-10-01,2971284,228475,TIMWE_RENEWED_NOTIF,63980,DELIVERED,3000,"2025-10-01 05:25:18"
2025-10-01,2971284,228475,TIMWE_RENEWED_NOTIF,63980,DELIVERED,3000,"2025-10-01 05:25:18"
2025-10-01,2971286,228355,TIMWE_RENEWED_NOTIF,63980,DELIVERED,3000,"2025-10-01 05:25:33"
2025-10-01,2971286,228355,TIMWE_RENEWED_NOTIF,63980,DELIVERED,3000,"2025-10-01 05:25:33"
2025-10-01,2971288,222486,TIMWE_RENEWED_NOTIF,63980,DELIVERED,3000,"2025-10-01 05:25:34"
2025-10-01,2971288,222486,TIMWE_RENEWED_NOTIF,63980,DELIVERED,3000,"2025-10-01 05:25:34"
2025-10-01,2971288,222486,TIMWE_RENEWED_NOTIF,63980,DELIVERED,3000,"2025-10-01 05:25:34"
2025-10-01,2971288,222486,TIMWE_RENEWED_NOTIF,63980,DELIVERED,3000,"2025-10-01 05:25:34"
2025-10-01,2971288,222486,TIMWE_RENEWED_NOTIF,63980,DELIVERED,3000,"2025-10-01 05:25:34"
2025-10-01,2971290,225784,TIMWE_RENEWED_NOTIF,63980,DELIVERED,3000,"2025-10-01 05:25:38"
2025-10-01,2971290,225784,TIMWE_RENEWED_NOTIF,63980,DELIVERED,3000,"2025-10-01 05:25:38"
2025-10-01,2971290,225784,TIMWE_RENEWED_NOTIF,63980,DELIVERED,3000,"2025-10-01 05:25:38"
2025-10-01,2971290,225784,TIMWE_RENEWED_NOTIF,63980,DELIVERED,3000,"2025-10-01 05:25:38"
2025-10-01,2971290,225784,TIMWE_RENEWED_NOTIF,63980,DELIVERED,3000,"2025-10-01 05:25:38"
2025-10-01,2971292,222632,TIMWE_RENEWED_NOTIF,63980,DELIVERED,3000,"2025-10-01 05:25:52"
2025-10-01,2971292,222632,TIMWE_RENEWED_NOTIF,63980,DELIVERED,3000,"2025-10-01 05:25:52"
2025-10-01,2971292,222632,TIMWE_RENEWED_NOTIF,63980,DELIVERED,3000,"2025-10-01 05:25:52"
2025-10-01,2971292,222632,TIMWE_RENEWED_NOTIF,63980,DELIVERED,3000,"2025-10-01 05:25:52"
2025-10-01,2971292,222632,TIMWE_RENEWED_NOTIF,63980,DELIVERED,3000,"2025-10-01 05:25:52"
2025-10-01,2971294,228431,TIMWE_RENEWED_NOTIF,63980,DELIVERED,3000,"2025-10-01 05:26:13"
2025-10-01,2971294,228431,TIMWE_RENEWED_NOTIF,63980,DELIVERED,3000,"2025-10-01 05:26:13"
2025-10-01,2971294,228431,TIMWE_RENEWED_NOTIF,63980,DELIVERED,3000,"2025-10-01 05:26:13"
2025-10-01,2971296,218089,TIMWE_RENEWED_NOTIF,63980,DELIVERED,3000,"2025-10-01 05:26:21"
2025-10-01,2971296,218089,TIMWE_RENEWED_NOTIF,63980,DELIVERED,3000,"2025-10-01 05:26:21"
2025-10-01,2971296,218089,TIMWE_RENEWED_NOTIF,63980,DELIVERED,3000,"2025-10-01 05:26:21"
2025-10-01,2971296,218089,TIMWE_RENEWED_NOTIF,63980,DELIVERED,3000,"2025-10-01 05:26:21"
2025-10-01,2971296,218089,TIMWE_RENEWED_NOTIF,63980,DELIVERED,3000,"2025-10-01 05:26:21"
2025-10-01,2971298,218482,TIMWE_RENEWED_NOTIF,63980,DELIVERED,3000,"2025-10-01 05:26:48"
2025-10-01,2971298,218482,TIMWE_RENEWED_NOTIF,63980,DELIVERED,3000,"2025-10-01 05:26:48"
2025-10-01,2971298,218482,TIMWE_RENEWED_NOTIF,63980,DELIVERED,3000,"2025-10-01 05:26:48"
2025-10-01,2971298,218482,TIMWE_RENEWED_NOTIF,63980,DELIVERED,3000,"2025-10-01 05:26:48"
2025-10-01,2971298,218482,TIMWE_RENEWED_NOTIF,63980,DELIVERED,3000,"2025-10-01 05:26:48"
2025-10-01,2971300,218142,TIMWE_RENEWED_NOTIF,63980,DELIVERED,3000,"2025-10-01 05:27:18"
2025-10-01,2971300,218142,TIMWE_RENEWED_NOTIF,63980,DELIVERED,3000,"2025-10-01 05:27:18"
2025-10-01,2971300,218142,TIMWE_RENEWED_NOTIF,63980,DELIVERED,3000,"2025-10-01 05:27:18"
2025-10-01,2971300,218142,TIMWE_RENEWED_NOTIF,63980,DELIVERED,3000,"2025-10-01 05:27:18"
2025-10-01,2971300,218142,TIMWE_RENEWED_NOTIF,63980,DELIVERED,3000,"2025-10-01 05:27:18"
2025-10-01,2971302,228379,TIMWE_RENEWED_NOTIF,63980,DELIVERED,3000,"2025-10-01 05:27:18"
2025-10-01,2971302,228379,TIMWE_RENEWED_NOTIF,63980,DELIVERED,3000,"2025-10-01 05:27:18"
2025-10-01,2971304,228561,TIMWE_RENEWED_NOTIF,63980,DELIVERED,3000,"2025-10-01 05:27:19"
2025-10-01,2971304,228561,TIMWE_RENEWED_NOTIF,63980,DELIVERED,3000,"2025-10-01 05:27:19"
2025-10-01,2971304,228561,TIMWE_RENEWED_NOTIF,63980,DELIVERED,3000,"2025-10-01 05:27:19"
2025-10-01,2971306,220589,TIMWE_RENEWED_NOTIF,63980,DELIVERED,3000,"2025-10-01 05:27:37"
2025-10-01,2971306,220589,TIMWE_RENEWED_NOTIF,63980,DELIVERED,3000,"2025-10-01 05:27:37"
2025-10-01,2971308,233406,TIMWE_RENEWED_NOTIF,63980,DELIVERED,3000,"2025-10-01 05:27:46"
2025-10-01,2971308,233406,TIMWE_RENEWED_NOTIF,63980,DELIVERED,3000,"2025-10-01 05:27:46"
2025-10-01,2971308,233406,TIMWE_RENEWED_NOTIF,63980,DELIVERED,3000,"2025-10-01 05:27:46"
2025-10-01,2971308,233406,TIMWE_RENEWED_NOTIF,63980,DELIVERED,3000,"2025-10-01 05:27:46"
2025-10-01,2971308,233406,TIMWE_RENEWED_NOTIF,63980,DELIVERED,3000,"2025-10-01 05:27:46"
2025-10-01,2971310,228494,TIMWE_RENEWED_NOTIF,63980,DELIVERED,3000,"2025-10-01 05:27:56"
2025-10-01,2971310,228494,TIMWE_RENEWED_NOTIF,63980,DELIVERED,3000,"2025-10-01 05:27:56"
2025-10-01,2971310,228494,TIMWE_RENEWED_NOTIF,63980,DELIVERED,3000,"2025-10-01 05:27:56"
2025-10-01,2971312,238596,TIMWE_RENEWED_NOTIF,63980,DELIVERED,3000,"2025-10-01 05:27:58"
2025-10-01,2971312,238596,TIMWE_RENEWED_NOTIF,63980,DELIVERED,3000,"2025-10-01 05:27:58"
2025-10-01,2971314,224262,TIMWE_RENEWED_NOTIF,63980,DELIVERED,3000,"2025-10-01 05:28:14"
2025-10-01,2971314,224262,TIMWE_RENEWED_NOTIF,63980,DELIVERED,3000,"2025-10-01 05:28:14"
2025-10-01,2971316,228145,TIMWE_RENEWED_NOTIF,63980,DELIVERED,3000,"2025-10-01 05:28:15"
2025-10-01,2971316,228145,TIMWE_RENEWED_NOTIF,63980,DELIVERED,3000,"2025-10-01 05:28:15"
2025-10-01,2971316,228145,TIMWE_RENEWED_NOTIF,63980,DELIVERED,3000,"2025-10-01 05:28:15"
2025-10-01,2971316,228145,TIMWE_RENEWED_NOTIF,63980,DELIVERED,3000,"2025-10-01 05:28:15"
2025-10-01,2971316,228145,TIMWE_RENEWED_NOTIF,63980,DELIVERED,3000,"2025-10-01 05:28:15"
2025-10-01,2971318,238613,TIMWE_RENEWED_NOTIF,63980,DELIVERED,3000,"2025-10-01 05:29:18"
2025-10-01,2971318,238613,TIMWE_RENEWED_NOTIF,63980,DELIVERED,3000,"2025-10-01 05:29:18"
2025-10-01,2971320,222423,TIMWE_RENEWED_NOTIF,63980,DELIVERED,3000,"2025-10-01 05:29:43"
2025-10-01,2971320,222423,TIMWE_RENEWED_NOTIF,63980,DELIVERED,3000,"2025-10-01 05:29:43"
2025-10-01,2971322,228141,TIMWE_RENEWED_NOTIF,63980,DELIVERED,3000,"2025-10-01 05:29:50"
2025-10-01,2971322,228141,TIMWE_RENEWED_NOTIF,63980,DELIVERED,3000,"2025-10-01 05:29:50"
2025-10-01,2971322,228141,TIMWE_RENEWED_NOTIF,63980,DELIVERED,3000,"2025-10-01 05:29:50"
2025-10-01,2971322,228141,TIMWE_RENEWED_NOTIF,63980,DELIVERED,3000,"2025-10-01 05:29:50"
2025-10-01,2971322,228141,TIMWE_RENEWED_NOTIF,63980,DELIVERED,3000,"2025-10-01 05:29:50"
2025-10-01,2971324,219128,TIMWE_RENEWED_NOTIF,63980,DELIVERED,3000,"2025-10-01 05:30:09"
2025-10-01,2971324,219128,TIMWE_RENEWED_NOTIF,63980,DELIVERED,3000,"2025-10-01 05:30:09"
2025-10-01,2971326,238941,TIMWE_RENEWED_NOTIF,63980,DELIVERED,3000,"2025-10-01 05:30:47"
2025-10-01,2971326,238941,TIMWE_RENEWED_NOTIF,63980,DELIVERED,3000,"2025-10-01 05:30:47"
2025-10-01,2971328,228357,TIMWE_RENEWED_NOTIF,63980,DELIVERED,3000,"2025-10-01 05:31:10"
2025-10-01,2971328,228357,TIMWE_RENEWED_NOTIF,63980,DELIVERED,3000,"2025-10-01 05:31:10"
2025-10-01,2971330,228139,TIMWE_RENEWED_NOTIF,63980,DELIVERED,3000,"2025-10-01 05:31:15"
2025-10-01,2971330,228139,TIMWE_RENEWED_NOTIF,63980,DELIVERED,3000,"2025-10-01 05:31:15"
2025-10-01,2971332,220954,TIMWE_RENEWED_NOTIF,63980,DELIVERED,3000,"2025-10-01 05:31:21"
2025-10-01,2971332,220954,TIMWE_RENEWED_NOTIF,63980,DELIVERED,3000,"2025-10-01 05:31:21"
2025-10-01,2971334,222836,TIMWE_RENEWED_NOTIF,63980,DELIVERED,3000,"2025-10-01 05:31:29"
2025-10-01,2971334,222836,TIMWE_RENEWED_NOTIF,63980,DELIVERED,3000,"2025-10-01 05:31:29"
2025-10-01,2971336,228466,TIMWE_RENEWED_NOTIF,63980,DELIVERED,3000,"2025-10-01 05:31:52"
2025-10-01,2971336,228466,TIMWE_RENEWED_NOTIF,63980,DELIVERED,3000,"2025-10-01 05:31:52"
2025-10-01,2971336,228466,TIMWE_RENEWED_NOTIF,63980,DELIVERED,3000,"2025-10-01 05:31:52"
2025-10-01,2971344,224895,TIMWE_RENEWED_NOTIF,63980,DELIVERED,3000,"2025-10-01 05:32:56"
2025-10-01,2971344,224895,TIMWE_RENEWED_NOTIF,63980,DELIVERED,3000,"2025-10-01 05:32:56"
2025-10-01,2971344,224895,TIMWE_RENEWED_NOTIF,63980,DELIVERED,3000,"2025-10-01 05:32:56"
2025-10-01,2971344,224895,TIMWE_RENEWED_NOTIF,63980,DELIVERED,3000,"2025-10-01 05:32:56"
2025-10-01,2971344,224895,TIMWE_RENEWED_NOTIF,63980,DELIVERED,3000,"2025-10-01 05:32:56"
2025-10-01,2971346,224947,TIMWE_RENEWED_NOTIF,63980,DELIVERED,3000,"2025-10-01 05:34:59"
2025-10-01,2971346,224947,TIMWE_RENEWED_NOTIF,63980,DELIVERED,3000,"2025-10-01 05:34:59"
2025-10-01,2971348,224998,TIMWE_RENEWED_NOTIF,63980,DELIVERED,3000,"2025-10-01 05:35:46"
2025-10-01,2971348,224998,TIMWE_RENEWED_NOTIF,63980,DELIVERED,3000,"2025-10-01 05:35:46"
2025-10-01,2972802,237801,TIMWE_RENEWED_NOTIF,63980,DELIVERED,3000,"2025-10-01 08:44:08"
2025-10-01,2972802,237801,TIMWE_RENEWED_NOTIF,63980,DELIVERED,3000,"2025-10-01 08:44:08"
2025-10-01,2972812,221775,TIMWE_RENEWED_NOTIF,63980,DELIVERED,3000,"2025-10-01 08:47:16"
2025-10-01,2972812,221775,TIMWE_RENEWED_NOTIF,63980,DELIVERED,3000,"2025-10-01 08:47:16"
2025-10-01,2972816,228274,TIMWE_RENEWED_NOTIF,63980,DELIVERED,3000,"2025-10-01 08:49:18"
2025-10-01,2972816,228274,TIMWE_RENEWED_NOTIF,63980,DELIVERED,3000,"2025-10-01 08:49:18"
2025-10-01,2972816,228274,TIMWE_RENEWED_NOTIF,63980,DELIVERED,3000,"2025-10-01 08:49:18"
2025-10-01,2972816,228274,TIMWE_RENEWED_NOTIF,63980,DELIVERED,3000,"2025-10-01 08:49:18"
2025-10-01,2972816,228274,TIMWE_RENEWED_NOTIF,63980,DELIVERED,3000,"2025-10-01 08:49:18"
2025-10-01,2972818,205939,TIMWE_RENEWED_NOTIF,63980,DELIVERED,3000,"2025-10-01 08:49:33"
2025-10-01,2972818,205939,TIMWE_RENEWED_NOTIF,63980,DELIVERED,3000,"2025-10-01 08:49:33"
2025-10-01,2973023,237529,TIMWE_RENEWED_NOTIF,63980,DELIVERED,3000,"2025-10-01 10:02:06"
2025-10-01,2973023,237529,TIMWE_RENEWED_NOTIF,63980,DELIVERED,3000,"2025-10-01 10:02:06"
2025-10-01,2973029,220876,TIMWE_RENEWED_NOTIF,63980,DELIVERED,3000,"2025-10-01 10:04:18"
2025-10-01,2973029,220876,TIMWE_RENEWED_NOTIF,63980,DELIVERED,3000,"2025-10-01 10:04:18"
2025-10-01,2973029,220876,TIMWE_RENEWED_NOTIF,63980,DELIVERED,3000,"2025-10-01 10:04:18"
2025-10-01,2973033,232627,TIMWE_RENEWED_NOTIF,63980,DELIVERED,3000,"2025-10-01 10:06:00"
2025-10-01,2973033,232627,TIMWE_RENEWED_NOTIF,63980,DELIVERED,3000,"2025-10-01 10:06:00"
2025-10-01,2973035,228157,TIMWE_RENEWED_NOTIF,63980,DELIVERED,3000,"2025-10-01 10:06:05"
2025-10-01,2973035,228157,TIMWE_RENEWED_NOTIF,63980,DELIVERED,3000,"2025-10-01 10:06:05"
2025-10-01,2973037,229799,TIMWE_RENEWED_NOTIF,63980,DELIVERED,3000,"2025-10-01 10:06:16"
2025-10-01,2973037,229799,TIMWE_RENEWED_NOTIF,63980,DELIVERED,3000,"2025-10-01 10:06:16"
2025-10-01,2973039,228135,TIMWE_RENEWED_NOTIF,63980,DELIVERED,3000,"2025-10-01 10:06:50"
2025-10-01,2973039,228135,TIMWE_RENEWED_NOTIF,63980,DELIVERED,3000,"2025-10-01 10:06:50"
2025-10-01,2973041,211991,TIMWE_RENEWED_NOTIF,63980,DELIVERED,3000,"2025-10-01 10:06:53"
2025-10-01,2973041,211991,TIMWE_RENEWED_NOTIF,63980,DELIVERED,3000,"2025-10-01 10:06:53"
2025-10-01,2973041,211991,TIMWE_RENEWED_NOTIF,63980,DELIVERED,3000,"2025-10-01 10:06:53"
2025-10-01,2973045,211272,TIMWE_RENEWED_NOTIF,63980,DELIVERED,3000,"2025-10-01 10:08:39"
2025-10-01,2973045,211272,TIMWE_RENEWED_NOTIF,63980,DELIVERED,3000,"2025-10-01 10:08:39"
2025-10-01,2973050,212116,TIMWE_RENEWED_NOTIF,63980,DELIVERED,3000,"2025-10-01 10:09:19"
2025-10-01,2973050,212116,TIMWE_RENEWED_NOTIF,63980,DELIVERED,3000,"2025-10-01 10:09:19"
2025-10-01,2973054,207099,TIMWE_RENEWED_NOTIF,63980,DELIVERED,3000,"2025-10-01 10:10:46"
2025-10-01,2973054,207099,TIMWE_RENEWED_NOTIF,63980,DELIVERED,3000,"2025-10-01 10:10:46"
2025-10-01,2973064,229508,TIMWE_RENEWED_NOTIF,63980,DELIVERED,3000,"2025-10-01 10:12:01"
2025-10-01,2973064,229508,TIMWE_RENEWED_NOTIF,63980,DELIVERED,3000,"2025-10-01 10:12:01"
2025-10-01,2973066,224271,TIMWE_RENEWED_NOTIF,63980,DELIVERED,3000,"2025-10-01 10:12:47"
2025-10-01,2973066,224271,TIMWE_RENEWED_NOTIF,63980,DELIVERED,3000,"2025-10-01 10:12:47"
2025-10-01,2973066,224271,TIMWE_RENEWED_NOTIF,63980,DELIVERED,3000,"2025-10-01 10:12:47"
2025-10-01,2973066,224271,TIMWE_RENEWED_NOTIF,63980,DELIVERED,3000,"2025-10-01 10:12:47"
2025-10-01,2973066,224271,TIMWE_RENEWED_NOTIF,63980,DELIVERED,3000,"2025-10-01 10:12:47"
2025-10-01,2973068,223366,TIMWE_RENEWED_NOTIF,63980,DELIVERED,3000,"2025-10-01 10:13:25"
2025-10-01,2973068,223366,TIMWE_RENEWED_NOTIF,63980,DELIVERED,3000,"2025-10-01 10:13:25"
2025-10-01,2973070,228244,TIMWE_RENEWED_NOTIF,63980,DELIVERED,3000,"2025-10-01 10:14:52"
2025-10-01,2973070,228244,TIMWE_RENEWED_NOTIF,63980,DELIVERED,3000,"2025-10-01 10:14:52"
2025-10-01,2973070,228244,TIMWE_RENEWED_NOTIF,63980,DELIVERED,3000,"2025-10-01 10:14:52"
2025-10-01,2973072,224230,TIMWE_RENEWED_NOTIF,63980,DELIVERED,3000,"2025-10-01 10:15:05"
2025-10-01,2973072,224230,TIMWE_RENEWED_NOTIF,63980,DELIVERED,3000,"2025-10-01 10:15:05"
2025-10-01,2973072,224230,TIMWE_RENEWED_NOTIF,63980,DELIVERED,3000,"2025-10-01 10:15:05"
2025-10-01,2973072,224230,TIMWE_RENEWED_NOTIF,63980,DELIVERED,3000,"2025-10-01 10:15:05"
2025-10-01,2973072,224230,TIMWE_RENEWED_NOTIF,63980,DELIVERED,3000,"2025-10-01 10:15:05"
2025-10-01,2973074,219666,TIMWE_RENEWED_NOTIF,63980,DELIVERED,3000,"2025-10-01 10:15:50"
2025-10-01,2973074,219666,TIMWE_RENEWED_NOTIF,63980,DELIVERED,3000,"2025-10-01 10:15:50"
2025-10-01,2973078,221184,TIMWE_RENEWED_NOTIF,63980,DELIVERED,3000,"2025-10-01 10:16:14"
2025-10-01,2973078,221184,TIMWE_RENEWED_NOTIF,63980,DELIVERED,3000,"2025-10-01 10:16:14"
2025-10-01,2973080,232409,TIMWE_RENEWED_NOTIF,63980,DELIVERED,3000,"2025-10-01 10:16:24"
2025-10-01,2973080,232409,TIMWE_RENEWED_NOTIF,63980,DELIVERED,3000,"2025-10-01 10:16:24"
2025-10-01,2973080,232409,TIMWE_RENEWED_NOTIF,63980,DELIVERED,3000,"2025-10-01 10:16:24"
2025-10-01,2973080,232409,TIMWE_RENEWED_NOTIF,63980,DELIVERED,3000,"2025-10-01 10:16:24"
2025-10-01,2973080,232409,TIMWE_RENEWED_NOTIF,63980,DELIVERED,3000,"2025-10-01 10:16:24"
2025-10-01,2973093,216865,TIMWE_RENEWED_NOTIF,63980,DELIVERED,3000,"2025-10-01 10:18:02"
2025-10-01,2973093,216865,TIMWE_RENEWED_NOTIF,63980,DELIVERED,3000,"2025-10-01 10:18:02"
2025-10-01,2973103,205559,TIMWE_RENEWED_NOTIF,63980,DELIVERED,3000,"2025-10-01 10:19:26"
2025-10-01,2973103,205559,TIMWE_RENEWED_NOTIF,63980,DELIVERED,3000,"2025-10-01 10:19:26"
2025-10-01,2973105,217850,TIMWE_RENEWED_NOTIF,63980,DELIVERED,3000,"2025-10-01 10:20:49"
2025-10-01,2973105,217850,TIMWE_RENEWED_NOTIF,63980,DELIVERED,3000,"2025-10-01 10:20:49"
2025-10-01,2973105,217850,TIMWE_RENEWED_NOTIF,63980,DELIVERED,3000,"2025-10-01 10:20:49"
2025-10-01,2973105,217850,TIMWE_RENEWED_NOTIF,63980,DELIVERED,3000,"2025-10-01 10:20:49"
2025-10-01,2973105,217850,TIMWE_RENEWED_NOTIF,63980,DELIVERED,3000,"2025-10-01 10:20:49"
2025-10-01,2973115,207045,TIMWE_RENEWED_NOTIF,63980,DELIVERED,3000,"2025-10-01 10:22:03"
2025-10-01,2973115,207045,TIMWE_RENEWED_NOTIF,63980,DELIVERED,3000,"2025-10-01 10:22:03"
2025-10-01,2973115,207045,TIMWE_RENEWED_NOTIF,63980,DELIVERED,3000,"2025-10-01 10:22:03"
2025-10-01,2973123,238449,TIMWE_RENEWED_NOTIF,63980,DELIVERED,3000,"2025-10-01 10:22:46"
2025-10-01,2973123,238449,TIMWE_RENEWED_NOTIF,63980,DELIVERED,3000,"2025-10-01 10:22:46"
2025-10-01,2973123,238449,TIMWE_RENEWED_NOTIF,63980,DELIVERED,3000,"2025-10-01 10:22:46"
2025-10-01,2973123,238449,TIMWE_RENEWED_NOTIF,63980,DELIVERED,3000,"2025-10-01 10:22:46"
2025-10-01,2973141,212376,TIMWE_RENEWED_NOTIF,63980,DELIVERED,3000,"2025-10-01 10:27:59"
2025-10-01,2973141,212376,TIMWE_RENEWED_NOTIF,63980,DELIVERED,3000,"2025-10-01 10:27:59"
2025-10-01,2973141,212376,TIMWE_RENEWED_NOTIF,63980,DELIVERED,3000,"2025-10-01 10:27:59"
2025-10-01,2973141,212376,TIMWE_RENEWED_NOTIF,63980,DELIVERED,3000,"2025-10-01 10:27:59"
2025-10-01,2973141,212376,TIMWE_RENEWED_NOTIF,63980,DELIVERED,3000,"2025-10-01 10:27:59"
2025-10-01,2973143,228502,TIMWE_RENEWED_NOTIF,63980,DELIVERED,3000,"2025-10-01 10:28:42"
2025-10-01,2973143,228502,TIMWE_RENEWED_NOTIF,63980,DELIVERED,3000,"2025-10-01 10:28:42"
2025-10-01,2973143,228502,TIMWE_RENEWED_NOTIF,63980,DELIVERED,3000,"2025-10-01 10:28:42"
2025-10-01,2973143,228502,TIMWE_RENEWED_NOTIF,63980,DELIVERED,3000,"2025-10-01 10:28:42"
2025-10-01,2973143,228502,TIMWE_RENEWED_NOTIF,63980,DELIVERED,3000,"2025-10-01 10:28:42"
2025-10-01,2973148,224789,TIMWE_RENEWED_NOTIF,63980,DELIVERED,3000,"2025-10-01 10:29:14"
2025-10-01,2973148,224789,TIMWE_RENEWED_NOTIF,63980,DELIVERED,3000,"2025-10-01 10:29:14"
2025-10-01,2973151,210402,TIMWE_RENEWED_NOTIF,63980,DELIVERED,3000,"2025-10-01 10:30:01"
2025-10-01,2973151,210402,TIMWE_RENEWED_NOTIF,63980,DELIVERED,3000,"2025-10-01 10:30:01"
2025-10-01,2973155,180426,TIMWE_RENEWED_NOTIF,63980,DELIVERED,3000,"2025-10-01 10:30:34"
2025-10-01,2973155,180426,TIMWE_RENEWED_NOTIF,63980,DELIVERED,3000,"2025-10-01 10:30:34"
2025-10-01,2973155,180426,TIMWE_RENEWED_NOTIF,63980,DELIVERED,3000,"2025-10-01 10:30:34"
2025-10-01,2973155,180426,TIMWE_RENEWED_NOTIF,63980,DELIVERED,3000,"2025-10-01 10:30:34"
2025-10-01,2973155,180426,TIMWE_RENEWED_NOTIF,63980,DELIVERED,3000,"2025-10-01 10:30:34"
2025-10-01,2973157,206329,TIMWE_RENEWED_NOTIF,63980,DELIVERED,3000,"2025-10-01 10:31:25"
2025-10-01,2973157,206329,TIMWE_RENEWED_NOTIF,63980,DELIVERED,3000,"2025-10-01 10:31:25"
2025-10-01,2973161,211009,TIMWE_RENEWED_NOTIF,63980,DELIVERED,3000,"2025-10-01 10:32:00"
2025-10-01,2973161,211009,TIMWE_RENEWED_NOTIF,63980,DELIVERED,3000,"2025-10-01 10:32:00"
2025-10-01,2973165,225825,TIMWE_RENEWED_NOTIF,63980,DELIVERED,3000,"2025-10-01 10:32:36"
2025-10-01,2973165,225825,TIMWE_RENEWED_NOTIF,63980,DELIVERED,3000,"2025-10-01 10:32:36"
2025-10-01,2973170,205989,TIMWE_RENEWED_NOTIF,63980,DELIVERED,3000,"2025-10-01 10:35:34"
2025-10-01,2973170,205989,TIMWE_RENEWED_NOTIF,63980,DELIVERED,3000,"2025-10-01 10:35:34"
2025-10-01,2973170,205989,TIMWE_RENEWED_NOTIF,63980,DELIVERED,3000,"2025-10-01 10:35:34"
2025-10-01,2973172,182786,TIMWE_RENEWED_NOTIF,63980,DELIVERED,3000,"2025-10-01 10:35:50"
2025-10-01,2973172,182786,TIMWE_RENEWED_NOTIF,63980,DELIVERED,3000,"2025-10-01 10:35:50"
2025-10-01,2973172,182786,TIMWE_RENEWED_NOTIF,63980,DELIVERED,3000,"2025-10-01 10:35:50"
2025-10-01,2973174,234291,TIMWE_RENEWED_NOTIF,63980,DELIVERED,3000,"2025-10-01 10:35:50"
2025-10-01,2973174,234291,TIMWE_RENEWED_NOTIF,63980,DELIVERED,3000,"2025-10-01 10:35:50"
2025-10-01,2973176,210635,TIMWE_RENEWED_NOTIF,63980,DELIVERED,3000,"2025-10-01 10:36:22"
2025-10-01,2973176,210635,TIMWE_RENEWED_NOTIF,63980,DELIVERED,3000,"2025-10-01 10:36:22"
2025-10-01,2973179,187462,TIMWE_RENEWED_NOTIF,63980,DELIVERED,3000,"2025-10-01 10:36:59"
2025-10-01,2973179,187462,TIMWE_RENEWED_NOTIF,63980,DELIVERED,3000,"2025-10-01 10:36:59"
2025-10-01,2973179,187462,TIMWE_RENEWED_NOTIF,63980,DELIVERED,3000,"2025-10-01 10:36:59"
2025-10-01,2973179,187462,TIMWE_RENEWED_NOTIF,63980,DELIVERED,3000,"2025-10-01 10:36:59"
2025-10-01,2973179,187462,TIMWE_RENEWED_NOTIF,63980,DELIVERED,3000,"2025-10-01 10:36:59"
2025-10-01,2973179,187462,TIMWE_RENEWED_NOTIF,63980,DELIVERED,3000,"2025-10-01 10:36:59"
2025-10-01,2973181,216242,TIMWE_RENEWED_NOTIF,63980,DELIVERED,3000,"2025-10-01 10:37:17"
2025-10-01,2973181,216242,TIMWE_RENEWED_NOTIF,63980,DELIVERED,3000,"2025-10-01 10:37:17"
2025-10-01,2973181,216242,TIMWE_RENEWED_NOTIF,63980,DELIVERED,3000,"2025-10-01 10:37:17"
2025-10-01,2973181,216242,TIMWE_RENEWED_NOTIF,63980,DELIVERED,3000,"2025-10-01 10:37:17"
2025-10-01,2973194,204181,TIMWE_RENEWED_NOTIF,63980,DELIVERED,3000,"2025-10-01 10:40:02"
2025-10-01,2973194,204181,TIMWE_RENEWED_NOTIF,63980,DELIVERED,3000,"2025-10-01 10:40:02"
2025-10-01,2973205,208593,TIMWE_RENEWED_NOTIF,63980,DELIVERED,3000,"2025-10-01 10:43:22"
2025-10-01,2973205,208593,TIMWE_RENEWED_NOTIF,63980,DELIVERED,3000,"2025-10-01 10:43:22"
2025-10-01,2973252,209120,TIMWE_RENEWED_NOTIF,63980,DELIVERED,3000,"2025-10-01 10:52:43"
2025-10-01,2973252,209120,TIMWE_RENEWED_NOTIF,63980,DELIVERED,3000,"2025-10-01 10:52:43"
2025-10-01,2973252,209120,TIMWE_RENEWED_NOTIF,63980,DELIVERED,3000,"2025-10-01 10:52:43"
2025-10-01,2973780,228673,TIMWE_RENEWED_NOTIF,63980,DELIVERED,3000,"2025-10-01 12:18:27"
2025-10-01,2973780,228673,TIMWE_RENEWED_NOTIF,63980,DELIVERED,3000,"2025-10-01 12:18:27"
2025-10-01,2973783,222953,TIMWE_RENEWED_NOTIF,63980,DELIVERED,3000,"2025-10-01 12:19:29"
2025-10-01,2973783,222953,TIMWE_RENEWED_NOTIF,63980,DELIVERED,3000,"2025-10-01 12:19:29"
2025-10-01,2974237,208947,TIMWE_RENEWED_NOTIF,63980,DELIVERED,3000,"2025-10-01 13:52:58"
2025-10-01,2974237,208947,TIMWE_RENEWED_NOTIF,63980,DELIVERED,3000,"2025-10-01 13:52:58"
2025-10-01,2974241,171804,TIMWE_RENEWED_NOTIF,63980,DELIVERED,3000,"2025-10-01 13:55:19"
2025-10-01,2974241,171804,TIMWE_RENEWED_NOTIF,63980,DELIVERED,3000,"2025-10-01 13:55:19"
2025-10-01,2974241,171804,TIMWE_RENEWED_NOTIF,63980,DELIVERED,3000,"2025-10-01 13:55:19"
2025-10-01,2974241,171804,TIMWE_RENEWED_NOTIF,63980,DELIVERED,3000,"2025-10-01 13:55:19"
2025-10-01,2974241,171804,TIMWE_RENEWED_NOTIF,63980,DELIVERED,3000,"2025-10-01 13:55:19"
2025-10-01,2974241,171804,TIMWE_RENEWED_NOTIF,63980,DELIVERED,3000,"2025-10-01 13:55:19"
2025-10-01,2974241,171804,TIMWE_RENEWED_NOTIF,63980,DELIVERED,3000,"2025-10-01 13:55:19"
2025-10-01,2974241,171804,TIMWE_RENEWED_NOTIF,63980,DELIVERED,3000,"2025-10-01 13:55:19"
2025-10-01,2974241,171804,TIMWE_RENEWED_NOTIF,63980,DELIVERED,3000,"2025-10-01 13:55:19"
2025-10-01,2974261,239077,TIMWE_RENEWED_NOTIF,63980,DELIVERED,3000,"2025-10-01 13:57:42"
2025-10-01,2974261,239077,TIMWE_RENEWED_NOTIF,63980,DELIVERED,3000,"2025-10-01 13:57:42"
2025-10-01,2974280,228342,TIMWE_RENEWED_NOTIF,63980,DELIVERED,3000,"2025-10-01 14:00:19"
2025-10-01,2974280,228342,TIMWE_RENEWED_NOTIF,63980,DELIVERED,3000,"2025-10-01 14:00:19"
2025-10-01,2974288,239064,TIMWE_RENEWED_NOTIF,63980,DELIVERED,3000,"2025-10-01 14:01:59"
2025-10-01,2974288,239064,TIMWE_RENEWED_NOTIF,63980,DELIVERED,3000,"2025-10-01 14:01:59"
2025-10-01,2974302,238743,TIMWE_RENEWED_NOTIF,63980,DELIVERED,3000,"2025-10-01 14:04:20"
2025-10-01,2974302,238743,TIMWE_RENEWED_NOTIF,63980,DELIVERED,3000,"2025-10-01 14:04:20"
2025-10-01,2974308,204472,TIMWE_RENEWED_NOTIF,63980,DELIVERED,3000,"2025-10-01 14:05:13"
2025-10-01,2974308,204472,TIMWE_RENEWED_NOTIF,63980,DELIVERED,3000,"2025-10-01 14:05:13"
2025-10-01,2974308,204472,TIMWE_RENEWED_NOTIF,63980,DELIVERED,3000,"2025-10-01 14:05:13"
2025-10-01,2974308,204472,TIMWE_RENEWED_NOTIF,63980,DELIVERED,3000,"2025-10-01 14:05:13"
2025-10-01,2974322,209302,TIMWE_RENEWED_NOTIF,63980,DELIVERED,3000,"2025-10-01 14:05:45"
2025-10-01,2974322,209302,TIMWE_RENEWED_NOTIF,63980,DELIVERED,3000,"2025-10-01 14:05:45"
2025-10-01,2974328,218755,TIMWE_RENEWED_NOTIF,63980,DELIVERED,3000,"2025-10-01 14:06:57"
2025-10-01,2974328,218755,TIMWE_RENEWED_NOTIF,63980,DELIVERED,3000,"2025-10-01 14:06:57"
2025-10-01,2974337,227587,TIMWE_RENEWED_NOTIF,63980,DELIVERED,3000,"2025-10-01 14:10:47"
2025-10-01,2974337,227587,TIMWE_RENEWED_NOTIF,63980,DELIVERED,3000,"2025-10-01 14:10:47"
2025-10-01,2974339,224578,TIMWE_RENEWED_NOTIF,63980,DELIVERED,3000,"2025-10-01 14:11:04"
2025-10-01,2974339,224578,TIMWE_RENEWED_NOTIF,63980,DELIVERED,3000,"2025-10-01 14:11:04"
2025-10-01,2974352,231300,TIMWE_RENEWED_NOTIF,63980,DELIVERED,3000,"2025-10-01 14:17:30"
2025-10-01,2974352,231300,TIMWE_RENEWED_NOTIF,63980,DELIVERED,3000,"2025-10-01 14:17:30"
2025-10-01,2974352,231300,TIMWE_RENEWED_NOTIF,63980,DELIVERED,3000,"2025-10-01 14:17:30"
2025-10-01,2974352,231300,TIMWE_RENEWED_NOTIF,63980,DELIVERED,3000,"2025-10-01 14:17:30"
2025-10-01,2974360,220778,TIMWE_RENEWED_NOTIF,63980,DELIVERED,3000,"2025-10-01 14:18:44"
2025-10-01,2974360,220778,TIMWE_RENEWED_NOTIF,63980,DELIVERED,3000,"2025-10-01 14:18:44"
2025-10-01,2974362,203931,TIMWE_RENEWED_NOTIF,63980,DELIVERED,3000,"2025-10-01 14:20:05"
2025-10-01,2974362,203931,TIMWE_RENEWED_NOTIF,63980,DELIVERED,3000,"2025-10-01 14:20:05"
2025-10-01,2974365,206756,TIMWE_RENEWED_NOTIF,63980,DELIVERED,3000,"2025-10-01 14:21:21"
2025-10-01,2974365,206756,TIMWE_RENEWED_NOTIF,63980,DELIVERED,3000,"2025-10-01 14:21:21"
2025-10-01,2974367,179836,TIMWE_RENEWED_NOTIF,63980,DELIVERED,3000,"2025-10-01 14:21:31"
2025-10-01,2974367,179836,TIMWE_RENEWED_NOTIF,63980,DELIVERED,3000,"2025-10-01 14:21:31"
2025-10-01,2974367,179836,TIMWE_RENEWED_NOTIF,63980,DELIVERED,3000,"2025-10-01 14:21:31"
2025-10-01,2974367,179836,TIMWE_RENEWED_NOTIF,63980,DELIVERED,3000,"2025-10-01 14:21:31"
2025-10-01,2974367,179836,TIMWE_RENEWED_NOTIF,63980,DELIVERED,3000,"2025-10-01 14:21:31"
2025-10-01,2974367,179836,TIMWE_RENEWED_NOTIF,63980,DELIVERED,3000,"2025-10-01 14:21:31"
2025-10-01,2974369,222784,TIMWE_RENEWED_NOTIF,63980,DELIVERED,3000,"2025-10-01 14:21:33"
2025-10-01,2974369,222784,TIMWE_RENEWED_NOTIF,63980,DELIVERED,3000,"2025-10-01 14:21:33"
2025-10-01,2974383,216632,TIMWE_RENEWED_NOTIF,63980,DELIVERED,3000,"2025-10-01 14:23:56"
2025-10-01,2974383,216632,TIMWE_RENEWED_NOTIF,63980,DELIVERED,3000,"2025-10-01 14:23:56"
2025-10-01,2974385,228226,TIMWE_RENEWED_NOTIF,63980,DELIVERED,3000,"2025-10-01 14:26:37"
2025-10-01,2974385,228226,TIMWE_RENEWED_NOTIF,63980,DELIVERED,3000,"2025-10-01 14:26:37"
2025-10-01,2974398,185459,TIMWE_RENEWED_NOTIF,63980,DELIVERED,3000,"2025-10-01 14:29:00"
2025-10-01,2974398,185459,TIMWE_RENEWED_NOTIF,63980,DELIVERED,3000,"2025-10-01 14:29:00"
2025-10-01,2974398,185459,TIMWE_RENEWED_NOTIF,63980,DELIVERED,3000,"2025-10-01 14:29:00"
2025-10-01,2974410,232803,TIMWE_RENEWED_NOTIF,63980,DELIVERED,3000,"2025-10-01 14:32:34"
2025-10-01,2974410,232803,TIMWE_RENEWED_NOTIF,63980,DELIVERED,3000,"2025-10-01 14:32:34"
2025-10-01,2974420,217135,TIMWE_RENEWED_NOTIF,63980,DELIVERED,3000,"2025-10-01 14:33:37"
2025-10-01,2974420,217135,TIMWE_RENEWED_NOTIF,63980,DELIVERED,3000,"2025-10-01 14:33:37"
2025-10-01,2974420,217135,TIMWE_RENEWED_NOTIF,63980,DELIVERED,3000,"2025-10-01 14:33:37"
2025-10-01,2974420,217135,TIMWE_RENEWED_NOTIF,63980,DELIVERED,3000,"2025-10-01 14:33:37"
2025-10-01,2974420,217135,TIMWE_RENEWED_NOTIF,63980,DELIVERED,3000,"2025-10-01 14:33:37"
2025-10-01,2974422,207394,TIMWE_RENEWED_NOTIF,63980,DELIVERED,3000,"2025-10-01 14:34:12"
2025-10-01,2974422,207394,TIMWE_RENEWED_NOTIF,63980,DELIVERED,3000,"2025-10-01 14:34:12"
2025-10-01,2974422,207394,TIMWE_RENEWED_NOTIF,63980,DELIVERED,3000,"2025-10-01 14:34:12"
2025-10-01,2974422,207394,TIMWE_RENEWED_NOTIF,63980,DELIVERED,3000,"2025-10-01 14:34:12"
2025-10-01,2974422,207394,TIMWE_RENEWED_NOTIF,63980,DELIVERED,3000,"2025-10-01 14:34:12"
2025-10-01,2974426,225310,TIMWE_RENEWED_NOTIF,63980,DELIVERED,3000,"2025-10-01 14:36:55"
2025-10-01,2974426,225310,TIMWE_RENEWED_NOTIF,63980,DELIVERED,3000,"2025-10-01 14:36:55"
2025-10-01,2974426,225310,TIMWE_RENEWED_NOTIF,63980,DELIVERED,3000,"2025-10-01 14:36:55"
2025-10-01,2974430,208108,TIMWE_RENEWED_NOTIF,63980,DELIVERED,3000,"2025-10-01 14:37:18"
2025-10-01,2974430,208108,TIMWE_RENEWED_NOTIF,63980,DELIVERED,3000,"2025-10-01 14:37:18"
2025-10-01,2974430,208108,TIMWE_RENEWED_NOTIF,63980,DELIVERED,3000,"2025-10-01 14:37:18"
2025-10-01,2974430,208108,TIMWE_RENEWED_NOTIF,63980,DELIVERED,3000,"2025-10-01 14:37:18"
2025-10-01,2974430,208108,TIMWE_RENEWED_NOTIF,63980,DELIVERED,3000,"2025-10-01 14:37:18"
2025-10-01,2974458,218369,TIMWE_RENEWED_NOTIF,63980,DELIVERED,3000,"2025-10-01 14:41:25"
2025-10-01,2974458,218369,TIMWE_RENEWED_NOTIF,63980,DELIVERED,3000,"2025-10-01 14:41:25"
2025-10-01,2974460,231462,TIMWE_RENEWED_NOTIF,63980,DELIVERED,3000,"2025-10-01 14:42:19"
2025-10-01,2974460,231462,TIMWE_RENEWED_NOTIF,63980,DELIVERED,3000,"2025-10-01 14:42:19"
2025-10-01,2974463,203667,TIMWE_RENEWED_NOTIF,63980,DELIVERED,3000,"2025-10-01 14:43:10"
2025-10-01,2974463,203667,TIMWE_RENEWED_NOTIF,63980,DELIVERED,3000,"2025-10-01 14:43:10"
2025-10-01,2974463,203667,TIMWE_RENEWED_NOTIF,63980,DELIVERED,3000,"2025-10-01 14:43:10"
2025-10-01,2974475,236692,TIMWE_RENEWED_NOTIF,63980,DELIVERED,3000,"2025-10-01 14:44:10"
2025-10-01,2974475,236692,TIMWE_RENEWED_NOTIF,63980,DELIVERED,3000,"2025-10-01 14:44:10"
2025-10-01,2974484,222079,TIMWE_RENEWED_NOTIF,63980,DELIVERED,3000,"2025-10-01 14:44:52"
2025-10-01,2974484,222079,TIMWE_RENEWED_NOTIF,63980,DELIVERED,3000,"2025-10-01 14:44:52"
2025-10-01,2974495,222700,TIMWE_RENEWED_NOTIF,63980,DELIVERED,3000,"2025-10-01 14:47:09"
2025-10-01,2974495,222700,TIMWE_RENEWED_NOTIF,63980,DELIVERED,3000,"2025-10-01 14:47:09"
2025-10-01,2974497,211105,TIMWE_RENEWED_NOTIF,63980,DELIVERED,3000,"2025-10-01 14:47:33"
2025-10-01,2974497,211105,TIMWE_RENEWED_NOTIF,63980,DELIVERED,3000,"2025-10-01 14:47:33"
2025-10-01,2974497,211105,TIMWE_RENEWED_NOTIF,63980,DELIVERED,3000,"2025-10-01 14:47:33"
2025-10-01,2974497,211105,TIMWE_RENEWED_NOTIF,63980,DELIVERED,3000,"2025-10-01 14:47:33"
2025-10-01,2974497,211105,TIMWE_RENEWED_NOTIF,63980,DELIVERED,3000,"2025-10-01 14:47:33"
2025-10-01,2974499,169601,TIMWE_RENEWED_NOTIF,63980,DELIVERED,3000,"2025-10-01 14:48:25"
2025-10-01,2974499,169601,TIMWE_RENEWED_NOTIF,63980,DELIVERED,3000,"2025-10-01 14:48:25"
2025-10-01,2974499,169601,TIMWE_RENEWED_NOTIF,63980,DELIVERED,3000,"2025-10-01 14:48:25"
2025-10-01,2974499,169601,TIMWE_RENEWED_NOTIF,63980,DELIVERED,3000,"2025-10-01 14:48:25"
2025-10-01,2974499,169601,TIMWE_RENEWED_NOTIF,63980,DELIVERED,3000,"2025-10-01 14:48:25"
2025-10-01,2974499,169601,TIMWE_RENEWED_NOTIF,63980,DELIVERED,3000,"2025-10-01 14:48:25"
2025-10-01,2974499,169601,TIMWE_RENEWED_NOTIF,63980,DELIVERED,3000,"2025-10-01 14:48:25"
2025-10-01,2974499,169601,TIMWE_RENEWED_NOTIF,63980,DELIVERED,3000,"2025-10-01 14:48:25"
2025-10-01,2974499,169601,TIMWE_RENEWED_NOTIF,63980,DELIVERED,3000,"2025-10-01 14:48:25"
2025-10-01,2974514,231966,TIMWE_RENEWED_NOTIF,63980,DELIVERED,3000,"2025-10-01 14:50:31"
2025-10-01,2974514,231966,TIMWE_RENEWED_NOTIF,63980,DELIVERED,3000,"2025-10-01 14:50:31"
2025-10-01,2974516,219456,TIMWE_RENEWED_NOTIF,63980,DELIVERED,3000,"2025-10-01 14:50:32"
2025-10-01,2974516,219456,TIMWE_RENEWED_NOTIF,63980,DELIVERED,3000,"2025-10-01 14:50:32"
2025-10-01,2974522,210785,TIMWE_RENEWED_NOTIF,63980,DELIVERED,3000,"2025-10-01 14:52:58"
2025-10-01,2974522,210785,TIMWE_RENEWED_NOTIF,63980,DELIVERED,3000,"2025-10-01 14:52:58"
2025-10-01,2974525,223579,TIMWE_RENEWED_NOTIF,63980,DELIVERED,3000,"2025-10-01 14:53:05"
2025-10-01,2974525,223579,TIMWE_RENEWED_NOTIF,63980,DELIVERED,3000,"2025-10-01 14:53:05"
2025-10-01,2974525,223579,TIMWE_RENEWED_NOTIF,63980,DELIVERED,3000,"2025-10-01 14:53:05"
2025-10-01,2974525,223579,TIMWE_RENEWED_NOTIF,63980,DELIVERED,3000,"2025-10-01 14:53:05"
2025-10-01,2974525,223579,TIMWE_RENEWED_NOTIF,63980,DELIVERED,3000,"2025-10-01 14:53:05"
2025-10-01,2974528,223412,TIMWE_RENEWED_NOTIF,63980,DELIVERED,3000,"2025-10-01 14:53:27"
2025-10-01,2974528,223412,TIMWE_RENEWED_NOTIF,63980,DELIVERED,3000,"2025-10-01 14:53:27"
2025-10-01,2974528,223412,TIMWE_RENEWED_NOTIF,63980,DELIVERED,3000,"2025-10-01 14:53:27"
2025-10-01,2974532,233835,TIMWE_RENEWED_NOTIF,63980,DELIVERED,3000,"2025-10-01 14:53:40"
2025-10-01,2974532,233835,TIMWE_RENEWED_NOTIF,63980,DELIVERED,3000,"2025-10-01 14:53:40"
2025-10-01,2974537,227609,TIMWE_RENEWED_NOTIF,63980,DELIVERED,3000,"2025-10-01 14:53:51"
2025-10-01,2974537,227609,TIMWE_RENEWED_NOTIF,63980,DELIVERED,3000,"2025-10-01 14:53:51"
2025-10-01,2974537,227609,TIMWE_RENEWED_NOTIF,63980,DELIVERED,3000,"2025-10-01 14:53:51"
2025-10-01,2974537,227609,TIMWE_RENEWED_NOTIF,63980,DELIVERED,3000,"2025-10-01 14:53:51"
2025-10-01,2974537,227609,TIMWE_RENEWED_NOTIF,63980,DELIVERED,3000,"2025-10-01 14:53:51"
2025-10-01,2974547,228314,TIMWE_RENEWED_NOTIF,63980,DELIVERED,3000,"2025-10-01 14:57:27"
2025-10-01,2974547,228314,TIMWE_RENEWED_NOTIF,63980,DELIVERED,3000,"2025-10-01 14:57:27"
2025-10-01,2974547,228314,TIMWE_RENEWED_NOTIF,63980,DELIVERED,3000,"2025-10-01 14:57:27"
2025-10-01,2974547,228314,TIMWE_RENEWED_NOTIF,63980,DELIVERED,3000,"2025-10-01 14:57:27"
2025-10-01,2974547,228314,TIMWE_RENEWED_NOTIF,63980,DELIVERED,3000,"2025-10-01 14:57:27"
2025-10-01,2974567,238357,TIMWE_RENEWED_NOTIF,63980,DELIVERED,3000,"2025-10-01 15:01:17"
2025-10-01,2974567,238357,TIMWE_RENEWED_NOTIF,63980,DELIVERED,3000,"2025-10-01 15:01:17"
2025-10-01,2974567,238357,TIMWE_RENEWED_NOTIF,63980,DELIVERED,3000,"2025-10-01 15:01:17"
2025-10-01,2974569,213422,TIMWE_RENEWED_NOTIF,63980,DELIVERED,3000,"2025-10-01 15:01:19"
2025-10-01,2974569,213422,TIMWE_RENEWED_NOTIF,63980,DELIVERED,3000,"2025-10-01 15:01:19"
2025-10-01,2974588,236153,TIMWE_RENEWED_NOTIF,63980,DELIVERED,3000,"2025-10-01 15:06:11"
2025-10-01,2974588,236153,TIMWE_RENEWED_NOTIF,63980,DELIVERED,3000,"2025-10-01 15:06:11"
2025-10-01,2974595,208527,TIMWE_RENEWED_NOTIF,63980,DELIVERED,3000,"2025-10-01 15:10:11"
2025-10-01,2974595,208527,TIMWE_RENEWED_NOTIF,63980,DELIVERED,3000,"2025-10-01 15:10:11"
2025-10-01,2974595,208527,TIMWE_RENEWED_NOTIF,63980,DELIVERED,3000,"2025-10-01 15:10:11"
2025-10-01,2974597,218831,TIMWE_RENEWED_NOTIF,63980,DELIVERED,3000,"2025-10-01 15:12:26"
2025-10-01,2974597,218831,TIMWE_RENEWED_NOTIF,63980,DELIVERED,3000,"2025-10-01 15:12:26"
2025-10-01,2974619,205120,TIMWE_RENEWED_NOTIF,63980,DELIVERED,3000,"2025-10-01 15:16:48"
2025-10-01,2974619,205120,TIMWE_RENEWED_NOTIF,63980,DELIVERED,3000,"2025-10-01 15:16:48"
2025-10-01,2974624,217312,TIMWE_RENEWED_NOTIF,63980,DELIVERED,3000,"2025-10-01 15:18:14"
2025-10-01,2974624,217312,TIMWE_RENEWED_NOTIF,63980,DELIVERED,3000,"2025-10-01 15:18:14"
2025-10-01,2974857,219141,TIMWE_RENEWED_NOTIF,63980,DELIVERED,3000,"2025-10-01 16:20:15"
2025-10-01,2974857,219141,TIMWE_RENEWED_NOTIF,63980,DELIVERED,3000,"2025-10-01 16:20:15"
2025-10-01,2974920,209644,TIMWE_RENEWED_NOTIF,63980,DELIVERED,3000,"2025-10-01 16:30:57"
2025-10-01,2974920,209644,TIMWE_RENEWED_NOTIF,63980,DELIVERED,3000,"2025-10-01 16:30:57"
2025-10-01,2974975,223364,TIMWE_RENEWED_NOTIF,63980,DELIVERED,3000,"2025-10-01 16:48:11"
2025-10-01,2974975,223364,TIMWE_RENEWED_NOTIF,63980,DELIVERED,3000,"2025-10-01 16:48:11"
2025-10-01,2974978,230779,TIMWE_RENEWED_NOTIF,63980,DELIVERED,3000,"2025-10-01 16:48:30"
2025-10-01,2974978,230779,TIMWE_RENEWED_NOTIF,63980,DELIVERED,3000,"2025-10-01 16:48:30"
2025-10-01,2974995,224905,TIMWE_RENEWED_NOTIF,63980,DELIVERED,3000,"2025-10-01 16:52:11"
2025-10-01,2974995,224905,TIMWE_RENEWED_NOTIF,63980,DELIVERED,3000,"2025-10-01 16:52:11"
2025-10-01,2974995,224905,TIMWE_RENEWED_NOTIF,63980,DELIVERED,3000,"2025-10-01 16:52:11"
2025-10-01,2974995,224905,TIMWE_RENEWED_NOTIF,63980,DELIVERED,3000,"2025-10-01 16:52:11"
2025-10-01,2975376,205004,TIMWE_RENEWED_NOTIF,63980,DELIVERED,3000,"2025-10-01 18:44:35"
2025-10-01,2975376,205004,TIMWE_RENEWED_NOTIF,63980,DELIVERED,3000,"2025-10-01 18:44:35"
2025-10-01,2975436,212955,TIMWE_RENEWED_NOTIF,63980,DELIVERED,3000,"2025-10-01 18:52:08"
2025-10-01,2975436,212955,TIMWE_RENEWED_NOTIF,63980,DELIVERED,3000,"2025-10-01 18:52:08"
2025-10-01,2975457,227494,TIMWE_RENEWED_NOTIF,63980,DELIVERED,3000,"2025-10-01 18:55:37"
2025-10-01,2975457,227494,TIMWE_RENEWED_NOTIF,63980,DELIVERED,3000,"2025-10-01 18:55:37"
2025-10-01,2975457,227494,TIMWE_RENEWED_NOTIF,63980,DELIVERED,3000,"2025-10-01 18:55:37"
2025-10-01,2975457,227494,TIMWE_RENEWED_NOTIF,63980,DELIVERED,3000,"2025-10-01 18:55:37"
2025-10-01,2975457,227494,TIMWE_RENEWED_NOTIF,63980,DELIVERED,3000,"2025-10-01 18:55:37"
2025-10-01,2975463,208009,TIMWE_RENEWED_NOTIF,63980,DELIVERED,3000,"2025-10-01 18:56:36"
2025-10-01,2975463,208009,TIMWE_RENEWED_NOTIF,63980,DELIVERED,3000,"2025-10-01 18:56:36"
2025-10-01,2975479,216335,TIMWE_RENEWED_NOTIF,63980,DELIVERED,3000,"2025-10-01 19:00:53"
2025-10-01,2975479,216335,TIMWE_RENEWED_NOTIF,63980,DELIVERED,3000,"2025-10-01 19:00:53"
2025-10-01,2975479,216335,TIMWE_RENEWED_NOTIF,63980,DELIVERED,3000,"2025-10-01 19:00:53"
2025-10-01,2975497,238517,TIMWE_RENEWED_NOTIF,63980,DELIVERED,3000,"2025-10-01 19:04:03"
2025-10-01,2975497,238517,TIMWE_RENEWED_NOTIF,63980,DELIVERED,3000,"2025-10-01 19:04:03"
2025-10-01,2975516,224101,TIMWE_RENEWED_NOTIF,63980,DELIVERED,3000,"2025-10-01 19:07:40"
2025-10-01,2975516,224101,TIMWE_RENEWED_NOTIF,63980,DELIVERED,3000,"2025-10-01 19:07:40"
2025-10-01,2975557,219212,TIMWE_RENEWED_NOTIF,63980,DELIVERED,3000,"2025-10-01 19:10:05"
2025-10-01,2975557,219212,TIMWE_RENEWED_NOTIF,63980,DELIVERED,3000,"2025-10-01 19:10:05"
2025-10-01,2975562,238791,TIMWE_RENEWED_NOTIF,63980,DELIVERED,3000,"2025-10-01 19:11:01"
2025-10-01,2975562,238791,TIMWE_RENEWED_NOTIF,63980,DELIVERED,3000,"2025-10-01 19:11:01"
2025-10-01,2975576,233276,TIMWE_RENEWED_NOTIF,63980,DELIVERED,3000,"2025-10-01 19:13:56"
2025-10-01,2975576,233276,TIMWE_RENEWED_NOTIF,63980,DELIVERED,3000,"2025-10-01 19:13:56"
2025-10-01,2975576,233276,TIMWE_RENEWED_NOTIF,63980,DELIVERED,3000,"2025-10-01 19:13:56"
2025-10-01,2975585,218323,TIMWE_RENEWED_NOTIF,63980,DELIVERED,3000,"2025-10-01 19:15:03"
2025-10-01,2975585,218323,TIMWE_RENEWED_NOTIF,63980,DELIVERED,3000,"2025-10-01 19:15:03"
2025-10-01,2975587,226627,TIMWE_RENEWED_NOTIF,63980,DELIVERED,3000,"2025-10-01 19:15:59"
2025-10-01,2975587,226627,TIMWE_RENEWED_NOTIF,63980,DELIVERED,3000,"2025-10-01 19:15:59"
2025-10-01,2975587,226627,TIMWE_RENEWED_NOTIF,63980,DELIVERED,3000,"2025-10-01 19:15:59"
2025-10-01,2975594,213440,TIMWE_RENEWED_NOTIF,63980,DELIVERED,3000,"2025-10-01 19:17:09"
2025-10-01,2975594,213440,TIMWE_RENEWED_NOTIF,63980,DELIVERED,3000,"2025-10-01 19:17:09"
2025-10-01,2975604,222221,TIMWE_RENEWED_NOTIF,63980,DELIVERED,3000,"2025-10-01 19:18:40"
2025-10-01,2975604,222221,TIMWE_RENEWED_NOTIF,63980,DELIVERED,3000,"2025-10-01 19:18:40"
2025-10-01,2975616,228900,TIMWE_RENEWED_NOTIF,63980,DELIVERED,3000,"2025-10-01 19:23:40"
2025-10-01,2975616,228900,TIMWE_RENEWED_NOTIF,63980,DELIVERED,3000,"2025-10-01 19:23:40"
2025-10-01,2975618,231256,TIMWE_RENEWED_NOTIF,63980,DELIVERED,3000,"2025-10-01 19:24:08"
2025-10-01,2975618,231256,TIMWE_RENEWED_NOTIF,63980,DELIVERED,3000,"2025-10-01 19:24:08"
2025-10-01,2975623,228257,TIMWE_RENEWED_NOTIF,63980,DELIVERED,3000,"2025-10-01 19:25:07"
2025-10-01,2975623,228257,TIMWE_RENEWED_NOTIF,63980,DELIVERED,3000,"2025-10-01 19:25:07"
2025-10-01,2975625,208277,TIMWE_RENEWED_NOTIF,63980,DELIVERED,3000,"2025-10-01 19:25:46"
2025-10-01,2975625,208277,TIMWE_RENEWED_NOTIF,63980,DELIVERED,3000,"2025-10-01 19:25:46"
2025-10-01,2975645,237691,TIMWE_RENEWED_NOTIF,63980,DELIVERED,3000,"2025-10-01 19:28:04"
2025-10-01,2975645,237691,TIMWE_RENEWED_NOTIF,63980,DELIVERED,3000,"2025-10-01 19:28:04"
2025-10-01,2975653,203392,TIMWE_RENEWED_NOTIF,63980,DELIVERED,3000,"2025-10-01 19:28:13"
2025-10-01,2975653,203392,TIMWE_RENEWED_NOTIF,63980,DELIVERED,3000,"2025-10-01 19:28:13"
2025-10-01,2975658,223229,TIMWE_RENEWED_NOTIF,63980,DELIVERED,3000,"2025-10-01 19:33:45"
2025-10-01,2975658,223229,TIMWE_RENEWED_NOTIF,63980,DELIVERED,3000,"2025-10-01 19:33:45"
2025-10-01,2975658,223229,TIMWE_RENEWED_NOTIF,63980,DELIVERED,3000,"2025-10-01 19:33:45"
2025-10-01,2975658,223229,TIMWE_RENEWED_NOTIF,63980,DELIVERED,3000,"2025-10-01 19:33:45"
2025-10-01,2975660,230605,TIMWE_RENEWED_NOTIF,63980,DELIVERED,3000,"2025-10-01 19:34:48"
2025-10-01,2975660,230605,TIMWE_RENEWED_NOTIF,63980,DELIVERED,3000,"2025-10-01 19:34:48"
2025-10-01,2975694,227557,TIMWE_RENEWED_NOTIF,63980,DELIVERED,3000,"2025-10-01 19:45:20"
2025-10-01,2975694,227557,TIMWE_RENEWED_NOTIF,63980,DELIVERED,3000,"2025-10-01 19:45:20"
2025-10-01,2975704,209212,TIMWE_RENEWED_NOTIF,63980,DELIVERED,3000,"2025-10-01 19:46:56"
2025-10-01,2975704,209212,TIMWE_RENEWED_NOTIF,63980,DELIVERED,3000,"2025-10-01 19:46:56"
2025-10-01,2975719,222745,TIMWE_RENEWED_NOTIF,63980,DELIVERED,3000,"2025-10-01 19:49:01"
2025-10-01,2975719,222745,TIMWE_RENEWED_NOTIF,63980,DELIVERED,3000,"2025-10-01 19:49:01"
2025-10-01,2975719,222745,TIMWE_RENEWED_NOTIF,63980,DELIVERED,3000,"2025-10-01 19:49:01"
2025-10-01,2975724,221898,TIMWE_RENEWED_NOTIF,63980,DELIVERED,3000,"2025-10-01 19:50:51"
2025-10-01,2975724,221898,TIMWE_RENEWED_NOTIF,63980,DELIVERED,3000,"2025-10-01 19:50:51"
2025-10-01,2975724,221898,TIMWE_RENEWED_NOTIF,63980,DELIVERED,3000,"2025-10-01 19:50:51"
2025-10-01,2975724,221898,TIMWE_RENEWED_NOTIF,63980,DELIVERED,3000,"2025-10-01 19:50:51"
2025-10-01,2975729,178873,TIMWE_RENEWED_NOTIF,63980,DELIVERED,3000,"2025-10-01 19:51:53"
2025-10-01,2975729,178873,TIMWE_RENEWED_NOTIF,63980,DELIVERED,3000,"2025-10-01 19:51:53"
2025-10-01,2975729,178873,TIMWE_RENEWED_NOTIF,63980,DELIVERED,3000,"2025-10-01 19:51:53"
2025-10-01,2975729,178873,TIMWE_RENEWED_NOTIF,63980,DELIVERED,3000,"2025-10-01 19:51:53"
2025-10-01,2975742,222087,TIMWE_RENEWED_NOTIF,63980,DELIVERED,3000,"2025-10-01 19:54:06"
2025-10-01,2975742,222087,TIMWE_RENEWED_NOTIF,63980,DELIVERED,3000,"2025-10-01 19:54:06"
2025-10-01,2975742,222087,TIMWE_RENEWED_NOTIF,63980,DELIVERED,3000,"2025-10-01 19:54:06"
2025-10-01,2975744,211229,TIMWE_RENEWED_NOTIF,63980,DELIVERED,3000,"2025-10-01 19:54:18"
2025-10-01,2975744,211229,TIMWE_RENEWED_NOTIF,63980,DELIVERED,3000,"2025-10-01 19:54:18"
2025-10-01,2975750,213262,TIMWE_RENEWED_NOTIF,63980,DELIVERED,3000,"2025-10-01 19:57:41"
2025-10-01,2975750,213262,TIMWE_RENEWED_NOTIF,63980,DELIVERED,3000,"2025-10-01 19:57:41"
2025-10-01,2975750,213262,TIMWE_RENEWED_NOTIF,63980,DELIVERED,3000,"2025-10-01 19:57:41"
2025-10-01,2975750,213262,TIMWE_RENEWED_NOTIF,63980,DELIVERED,3000,"2025-10-01 19:57:41"
2025-10-01,2975750,213262,TIMWE_RENEWED_NOTIF,63980,DELIVERED,3000,"2025-10-01 19:57:41"
2025-10-01,2975758,237046,TIMWE_RENEWED_NOTIF,63980,DELIVERED,3000,"2025-10-01 19:58:25"
2025-10-01,2975758,237046,TIMWE_RENEWED_NOTIF,63980,DELIVERED,3000,"2025-10-01 19:58:25"
2025-10-01,2975758,237046,TIMWE_RENEWED_NOTIF,63980,DELIVERED,3000,"2025-10-01 19:58:25"
2025-10-01,2975844,209015,TIMWE_RENEWED_NOTIF,63980,DELIVERED,3000,"2025-10-01 20:15:31"
2025-10-01,2975844,209015,TIMWE_RENEWED_NOTIF,63980,DELIVERED,3000,"2025-10-01 20:15:31"
2025-10-01,2975844,209015,TIMWE_RENEWED_NOTIF,63980,DELIVERED,3000,"2025-10-01 20:15:31"
2025-10-01,2975844,209015,TIMWE_RENEWED_NOTIF,63980,DELIVERED,3000,"2025-10-01 20:15:31"
2025-10-01,2975844,209015,TIMWE_RENEWED_NOTIF,63980,DELIVERED,3000,"2025-10-01 20:15:31"
2025-10-01,2975861,208760,TIMWE_RENEWED_NOTIF,63980,DELIVERED,3000,"2025-10-01 20:17:04"
2025-10-01,2975861,208760,TIMWE_RENEWED_NOTIF,63980,DELIVERED,3000,"2025-10-01 20:17:04"
2025-10-01,2975861,208760,TIMWE_RENEWED_NOTIF,63980,DELIVERED,3000,"2025-10-01 20:17:04"
2025-10-01,2975861,208760,TIMWE_RENEWED_NOTIF,63980,DELIVERED,3000,"2025-10-01 20:17:04"
2025-10-01,2975861,208760,TIMWE_RENEWED_NOTIF,63980,DELIVERED,3000,"2025-10-01 20:17:04"
2025-10-01,2976002,215019,TIMWE_RENEWED_NOTIF,63980,DELIVERED,3000,"2025-10-01 20:44:46"
2025-10-01,2976002,215019,TIMWE_RENEWED_NOTIF,63980,DELIVERED,3000,"2025-10-01 20:44:46"
2025-10-01,2976009,222460,TIMWE_RENEWED_NOTIF,63980,DELIVERED,3000,"2025-10-01 20:45:51"
2025-10-01,2976009,222460,TIMWE_RENEWED_NOTIF,63980,DELIVERED,3000,"2025-10-01 20:45:51"
2025-10-01,2976009,222460,TIMWE_RENEWED_NOTIF,63980,DELIVERED,3000,"2025-10-01 20:45:51"
2025-10-01,2976009,222460,TIMWE_RENEWED_NOTIF,63980,DELIVERED,3000,"2025-10-01 20:45:51"
2025-10-01,2976009,222460,TIMWE_RENEWED_NOTIF,63980,DELIVERED,3000,"2025-10-01 20:45:51"
2025-10-01,2976023,219041,TIMWE_RENEWED_NOTIF,63980,DELIVERED,3000,"2025-10-01 20:47:36"
2025-10-01,2976023,219041,TIMWE_RENEWED_NOTIF,63980,DELIVERED,3000,"2025-10-01 20:47:36"
2025-10-01,2976062,220306,TIMWE_RENEWED_NOTIF,63980,DELIVERED,3000,"2025-10-01 20:54:04"
2025-10-01,2976062,220306,TIMWE_RENEWED_NOTIF,63980,DELIVERED,3000,"2025-10-01 20:54:04"
2025-10-01,2976062,220306,TIMWE_RENEWED_NOTIF,63980,DELIVERED,3000,"2025-10-01 20:54:04"
2025-10-01,2976898,220970,TIMWE_RENEWED_NOTIF,63980,DELIVERED,3000,"2025-10-01 22:40:08"
2025-10-01,2976898,220970,TIMWE_RENEWED_NOTIF,63980,DELIVERED,3000,"2025-10-01 22:40:08"
2025-10-01,2977675,227008,TIMWE_RENEWED_NOTIF,63980,DELIVERED,3000,"2025-10-01 22:47:48"
2025-10-01,2977675,227008,TIMWE_RENEWED_NOTIF,63980,DELIVERED,3000,"2025-10-01 22:47:48"
2025-10-01,2977800,217987,TIMWE_RENEWED_NOTIF,63980,DELIVERED,3000,"2025-10-01 22:48:53"
2025-10-01,2977800,217987,TIMWE_RENEWED_NOTIF,63980,DELIVERED,3000,"2025-10-01 22:48:53"
2025-10-01,2977800,217987,TIMWE_RENEWED_NOTIF,63980,DELIVERED,3000,"2025-10-01 22:48:53"
2025-10-01,2977800,217987,TIMWE_RENEWED_NOTIF,63980,DELIVERED,3000,"2025-10-01 22:48:53"
2025-10-01,2978409,206401,TIMWE_RENEWED_NOTIF,63980,DELIVERED,3000,"2025-10-01 22:54:50"
2025-10-01,2978409,206401,TIMWE_RENEWED_NOTIF,63980,DELIVERED,3000,"2025-10-01 22:54:50"
2025-10-01,2978409,206401,TIMWE_RENEWED_NOTIF,63980,DELIVERED,3000,"2025-10-01 22:54:50"
2025-10-01,2978761,206816,TIMWE_RENEWED_NOTIF,63980,DELIVERED,3000,"2025-10-01 22:57:55"
2025-10-01,2978761,206816,TIMWE_RENEWED_NOTIF,63980,DELIVERED,3000,"2025-10-01 22:57:55"
2025-10-01,2978761,206816,TIMWE_RENEWED_NOTIF,63980,DELIVERED,3000,"2025-10-01 22:57:55"
2025-10-01,2978761,206816,TIMWE_RENEWED_NOTIF,63980,DELIVERED,3000,"2025-10-01 22:57:55"
2025-10-01,2978965,237750,TIMWE_RENEWED_NOTIF,63980,DELIVERED,3000,"2025-10-01 22:59:56"
2025-10-01,2978965,237750,TIMWE_RENEWED_NOTIF,63980,DELIVERED,3000,"2025-10-01 22:59:56"
2025-10-01,2978993,238523,TIMWE_RENEWED_NOTIF,63980,DELIVERED,3000,"2025-10-01 23:00:10"
2025-10-01,2978993,238523,TIMWE_RENEWED_NOTIF,63980,DELIVERED,3000,"2025-10-01 23:00:10"
2025-10-01,2980248,209679,TIMWE_RENEWED_NOTIF,63980,DELIVERED,3000,"2025-10-01 23:11:57"
2025-10-01,2980248,209679,TIMWE_RENEWED_NOTIF,63980,DELIVERED,3000,"2025-10-01 23:11:57"
2025-10-01,2981138,216804,TIMWE_RENEWED_NOTIF,63980,DELIVERED,3000,"2025-10-01 23:19:59"
2025-10-01,2981138,216804,TIMWE_RENEWED_NOTIF,63980,DELIVERED,3000,"2025-10-01 23:19:59"
2025-10-01,2981223,216768,TIMWE_RENEWED_NOTIF,63980,DELIVERED,3000,"2025-10-01 23:21:00"
2025-10-01,2981223,216768,TIMWE_RENEWED_NOTIF,63980,DELIVERED,3000,"2025-10-01 23:21:00"
2025-10-01,2981947,208901,TIMWE_RENEWED_NOTIF,63980,DELIVERED,3000,"2025-10-01 23:27:55"
2025-10-01,2981947,208901,TIMWE_RENEWED_NOTIF,63980,DELIVERED,3000,"2025-10-01 23:27:55"
2025-10-01,2982380,225899,TIMWE_RENEWED_NOTIF,63980,DELIVERED,3000,"2025-10-01 23:31:58"
2025-10-01,2982380,225899,TIMWE_RENEWED_NOTIF,63980,DELIVERED,3000,"2025-10-01 23:31:58"
2025-10-01,2982711,207695,TIMWE_RENEWED_NOTIF,63980,DELIVERED,3000,"2025-10-01 23:35:01"
2025-10-01,2982711,207695,TIMWE_RENEWED_NOTIF,63980,DELIVERED,3000,"2025-10-01 23:35:01"
2025-10-01,2983175,187266,TIMWE_RENEWED_NOTIF,63980,DELIVERED,3000,"2025-10-01 23:39:51"
2025-10-01,2983175,187266,TIMWE_RENEWED_NOTIF,63980,DELIVERED,3000,"2025-10-01 23:39:51"
2025-10-01,2983175,187266,TIMWE_RENEWED_NOTIF,63980,DELIVERED,3000,"2025-10-01 23:39:51"
2025-10-01,2983230,227569,TIMWE_RENEWED_NOTIF,63980,DELIVERED,3000,"2025-10-01 23:40:06"
2025-10-01,2983230,227569,TIMWE_RENEWED_NOTIF,63980,DELIVERED,3000,"2025-10-01 23:40:06"
2025-10-01,2983230,227569,TIMWE_RENEWED_NOTIF,63980,DELIVERED,3000,"2025-10-01 23:40:06"
2025-10-01,2983230,227569,TIMWE_RENEWED_NOTIF,63980,DELIVERED,3000,"2025-10-01 23:40:06"
2025-10-01,2983230,227569,TIMWE_RENEWED_NOTIF,63980,DELIVERED,3000,"2025-10-01 23:40:06"
2025-10-01,2983554,208452,TIMWE_RENEWED_NOTIF,63980,DELIVERED,3000,"2025-10-01 23:43:13"
2025-10-01,2983554,208452,TIMWE_RENEWED_NOTIF,63980,DELIVERED,3000,"2025-10-01 23:43:13"
2025-10-01,2983554,208452,TIMWE_RENEWED_NOTIF,63980,DELIVERED,3000,"2025-10-01 23:43:13"
2025-10-01,2983554,208452,TIMWE_RENEWED_NOTIF,63980,DELIVERED,3000,"2025-10-01 23:43:13"
2025-10-01,2983554,208452,TIMWE_RENEWED_NOTIF,63980,DELIVERED,3000,"2025-10-01 23:43:13"
2025-10-01,2983941,222600,TIMWE_RENEWED_NOTIF,63980,DELIVERED,3000,"2025-10-01 23:46:57"
2025-10-01,2983941,222600,TIMWE_RENEWED_NOTIF,63980,DELIVERED,3000,"2025-10-01 23:46:57"
2025-10-01,2983941,222600,TIMWE_RENEWED_NOTIF,63980,DELIVERED,3000,"2025-10-01 23:46:57"
2025-10-01,2983941,222600,TIMWE_RENEWED_NOTIF,63980,DELIVERED,3000,"2025-10-01 23:46:57"
2025-10-01,2984119,227991,TIMWE_RENEWED_NOTIF,63980,DELIVERED,3000,"2025-10-01 23:48:14"
2025-10-01,2984119,227991,TIMWE_RENEWED_NOTIF,63980,DELIVERED,3000,"2025-10-01 23:48:14"
2025-10-01,2984229,239018,TIMWE_RENEWED_NOTIF,63980,DELIVERED,3000,"2025-10-01 23:49:46"
2025-10-01,2984229,239018,TIMWE_RENEWED_NOTIF,63980,DELIVERED,3000,"2025-10-01 23:49:46"
2025-10-02,2986937,219330,TIMWE_RENEWED_NOTIF,63980,DELIVERED,3000,"2025-10-02 00:23:14"
2025-10-02,2986937,219330,TIMWE_RENEWED_NOTIF,63980,DELIVERED,3000,"2025-10-02 00:23:14"
2025-10-02,2986937,219330,TIMWE_RENEWED_NOTIF,63980,DELIVERED,3000,"2025-10-02 00:23:14"
2025-10-02,2988237,225817,TIMWE_RENEWED_NOTIF,63980,DELIVERED,3000,"2025-10-02 00:39:18"
2025-10-02,2988237,225817,TIMWE_RENEWED_NOTIF,63980,DELIVERED,3000,"2025-10-02 00:39:18"
2025-10-02,2988464,225994,TIMWE_RENEWED_NOTIF,63980,DELIVERED,3000,"2025-10-02 00:41:32"
2025-10-02,2988464,225994,TIMWE_RENEWED_NOTIF,63980,DELIVERED,3000,"2025-10-02 00:41:32"
2025-10-02,2989017,236808,TIMWE_RENEWED_NOTIF,63980,DELIVERED,3000,"2025-10-02 00:46:39"
2025-10-02,2989017,236808,TIMWE_RENEWED_NOTIF,63980,DELIVERED,3000,"2025-10-02 00:46:39"
2025-10-02,2989017,236808,TIMWE_RENEWED_NOTIF,63980,DELIVERED,3000,"2025-10-02 00:46:39"
2025-10-02,2989393,239030,TIMWE_RENEWED_NOTIF,63980,DELIVERED,3000,"2025-10-02 00:50:25"
2025-10-02,2989393,239030,TIMWE_RENEWED_NOTIF,63980,DELIVERED,3000,"2025-10-02 00:50:25"
2025-10-02,2990550,225627,TIMWE_RENEWED_NOTIF,63980,DELIVERED,3000,"2025-10-02 01:01:41"
2025-10-02,2990550,225627,TIMWE_RENEWED_NOTIF,63980,DELIVERED,3000,"2025-10-02 01:01:41"
2025-10-02,2991639,226611,TIMWE_RENEWED_NOTIF,63980,DELIVERED,3000,"2025-10-02 02:56:32"
2025-10-02,2991639,226611,TIMWE_RENEWED_NOTIF,63980,DELIVERED,3000,"2025-10-02 02:56:32"
2025-10-02,2991639,226611,TIMWE_RENEWED_NOTIF,63980,DELIVERED,3000,"2025-10-02 02:56:32"
2025-10-02,2991639,226611,TIMWE_RENEWED_NOTIF,63980,DELIVERED,3000,"2025-10-02 02:56:32"
2025-10-02,2991639,226611,TIMWE_RENEWED_NOTIF,63980,DELIVERED,3000,"2025-10-02 02:56:32"
2025-10-02,2991853,187535,TIMWE_RENEWED_NOTIF,63980,DELIVERED,3000,"2025-10-02 04:54:31"
2025-10-02,2991853,187535,TIMWE_RENEWED_NOTIF,63980,DELIVERED,3000,"2025-10-02 04:54:31"
2025-10-02,2991853,187535,TIMWE_RENEWED_NOTIF,63980,DELIVERED,3000,"2025-10-02 04:54:31"
2025-10-02,2991853,187535,TIMWE_RENEWED_NOTIF,63980,DELIVERED,3000,"2025-10-02 04:54:31"
2025-10-02,2991853,187535,TIMWE_RENEWED_NOTIF,63980,DELIVERED,3000,"2025-10-02 04:54:31"
2025-10-02,2991853,187535,TIMWE_RENEWED_NOTIF,63980,DELIVERED,3000,"2025-10-02 04:54:31"
2025-10-02,2991855,217005,TIMWE_RENEWED_NOTIF,63980,DELIVERED,3000,"2025-10-02 04:55:10"
2025-10-02,2991855,217005,TIMWE_RENEWED_NOTIF,63980,DELIVERED,3000,"2025-10-02 04:55:10"
2025-10-02,2991857,216799,TIMWE_RENEWED_NOTIF,63980,DELIVERED,3000,"2025-10-02 04:55:32"
2025-10-02,2991857,216799,TIMWE_RENEWED_NOTIF,63980,DELIVERED,3000,"2025-10-02 04:55:32"
2025-10-02,2991859,215732,TIMWE_RENEWED_NOTIF,63980,DELIVERED,3000,"2025-10-02 04:56:16"
2025-10-02,2991859,215732,TIMWE_RENEWED_NOTIF,63980,DELIVERED,3000,"2025-10-02 04:56:16"
2025-10-02,2991861,213252,TIMWE_RENEWED_NOTIF,63980,DELIVERED,3000,"2025-10-02 04:57:34"
2025-10-02,2991861,213252,TIMWE_RENEWED_NOTIF,63980,DELIVERED,3000,"2025-10-02 04:57:34"
2025-10-02,2991863,211628,TIMWE_RENEWED_NOTIF,63980,DELIVERED,3000,"2025-10-02 04:58:03"
2025-10-02,2991863,211628,TIMWE_RENEWED_NOTIF,63980,DELIVERED,3000,"2025-10-02 04:58:03"
2025-10-02,2991863,211628,TIMWE_RENEWED_NOTIF,63980,DELIVERED,3000,"2025-10-02 04:58:03"
2025-10-02,2991863,211628,TIMWE_RENEWED_NOTIF,63980,DELIVERED,3000,"2025-10-02 04:58:03"
2025-10-02,2991863,211628,TIMWE_RENEWED_NOTIF,63980,DELIVERED,3000,"2025-10-02 04:58:03"
2025-10-02,2991865,214698,TIMWE_RENEWED_NOTIF,63980,DELIVERED,3000,"2025-10-02 04:59:09"
2025-10-02,2991865,214698,TIMWE_RENEWED_NOTIF,63980,DELIVERED,3000,"2025-10-02 04:59:09"
2025-10-02,2991867,235538,TIMWE_RENEWED_NOTIF,63980,DELIVERED,3000,"2025-10-02 04:59:10"
2025-10-02,2991867,235538,TIMWE_RENEWED_NOTIF,63980,DELIVERED,3000,"2025-10-02 04:59:10"
2025-10-02,2991872,239421,TIMWE_RENEWED_NOTIF,63980,DELIVERED,3000,"2025-10-02 05:03:31"
2025-10-02,2991872,239421,TIMWE_RENEWED_NOTIF,63980,DELIVERED,3000,"2025-10-02 05:03:31"
2025-10-02,2991872,239421,TIMWE_RENEWED_NOTIF,63980,DELIVERED,3000,"2025-10-02 05:03:31"
2025-10-02,2991872,239421,TIMWE_RENEWED_NOTIF,63980,DELIVERED,3000,"2025-10-02 05:03:31"
2025-10-02,2991872,239421,TIMWE_RENEWED_NOTIF,63980,DELIVERED,3000,"2025-10-02 05:03:31"
2025-10-02,2991874,239161,TIMWE_RENEWED_NOTIF,63980,DELIVERED,3000,"2025-10-02 05:04:23"
2025-10-02,2991874,239161,TIMWE_RENEWED_NOTIF,63980,DELIVERED,3000,"2025-10-02 05:04:23"
2025-10-02,2991879,227260,TIMWE_RENEWED_NOTIF,63980,DELIVERED,3000,"2025-10-02 05:07:12"
2025-10-02,2991879,227260,TIMWE_RENEWED_NOTIF,63980,DELIVERED,3000,"2025-10-02 05:07:12"
2025-10-02,2991879,227260,TIMWE_RENEWED_NOTIF,63980,DELIVERED,3000,"2025-10-02 05:07:12"
2025-10-02,2991881,187901,TIMWE_RENEWED_NOTIF,63980,DELIVERED,3000,"2025-10-02 05:10:57"
2025-10-02,2991881,187901,TIMWE_RENEWED_NOTIF,63980,DELIVERED,3000,"2025-10-02 05:10:57"
2025-10-02,2991881,187901,TIMWE_RENEWED_NOTIF,63980,DELIVERED,3000,"2025-10-02 05:10:57"
2025-10-02,2991883,212494,TIMWE_RENEWED_NOTIF,63980,DELIVERED,3000,"2025-10-02 05:11:24"
2025-10-02,2991883,212494,TIMWE_RENEWED_NOTIF,63980,DELIVERED,3000,"2025-10-02 05:11:24"
2025-10-02,2991883,212494,TIMWE_RENEWED_NOTIF,63980,DELIVERED,3000,"2025-10-02 05:11:24"
2025-10-02,2991883,212494,TIMWE_RENEWED_NOTIF,63980,DELIVERED,3000,"2025-10-02 05:11:24"
2025-10-02,2991883,212494,TIMWE_RENEWED_NOTIF,63980,DELIVERED,3000,"2025-10-02 05:11:24"
2025-10-02,2991885,165124,TIMWE_RENEWED_NOTIF,63980,DELIVERED,3000,"2025-10-02 05:11:31"
2025-10-02,2991885,165124,TIMWE_RENEWED_NOTIF,63980,DELIVERED,3000,"2025-10-02 05:11:31"
2025-10-02,2991885,165124,TIMWE_RENEWED_NOTIF,63980,DELIVERED,3000,"2025-10-02 05:11:31"
2025-10-02,2991885,165124,TIMWE_RENEWED_NOTIF,63980,DELIVERED,3000,"2025-10-02 05:11:31"
2025-10-02,2991885,165124,TIMWE_RENEWED_NOTIF,63980,DELIVERED,3000,"2025-10-02 05:11:31"
2025-10-02,2991885,165124,TIMWE_RENEWED_NOTIF,63980,DELIVERED,3000,"2025-10-02 05:11:31"
2025-10-02,2991887,206615,TIMWE_RENEWED_NOTIF,63980,DELIVERED,3000,"2025-10-02 05:13:59"
2025-10-02,2991887,206615,TIMWE_RENEWED_NOTIF,63980,DELIVERED,3000,"2025-10-02 05:13:59"
2025-10-02,2991887,206615,TIMWE_RENEWED_NOTIF,63980,DELIVERED,3000,"2025-10-02 05:13:59"
2025-10-02,2991889,211432,TIMWE_RENEWED_NOTIF,63980,DELIVERED,3000,"2025-10-02 05:14:45"
2025-10-02,2991889,211432,TIMWE_RENEWED_NOTIF,63980,DELIVERED,3000,"2025-10-02 05:14:45"
2025-10-02,2991891,215551,TIMWE_RENEWED_NOTIF,63980,DELIVERED,3000,"2025-10-02 05:18:00"
2025-10-02,2991891,215551,TIMWE_RENEWED_NOTIF,63980,DELIVERED,3000,"2025-10-02 05:18:00"
2025-10-02,2991893,211834,TIMWE_RENEWED_NOTIF,63980,DELIVERED,3000,"2025-10-02 05:19:53"
2025-10-02,2991893,211834,TIMWE_RENEWED_NOTIF,63980,DELIVERED,3000,"2025-10-02 05:19:53"
2025-10-02,2991895,210416,TIMWE_RENEWED_NOTIF,63980,DELIVERED,3000,"2025-10-02 05:21:05"
2025-10-02,2991895,210416,TIMWE_RENEWED_NOTIF,63980,DELIVERED,3000,"2025-10-02 05:21:05"
2025-10-02,2991897,217900,TIMWE_RENEWED_NOTIF,63980,DELIVERED,3000,"2025-10-02 05:22:31"
2025-10-02,2991897,217900,TIMWE_RENEWED_NOTIF,63980,DELIVERED,3000,"2025-10-02 05:22:31"
2025-10-02,2991899,217773,TIMWE_RENEWED_NOTIF,63980,DELIVERED,3000,"2025-10-02 05:23:09"
2025-10-02,2991899,217773,TIMWE_RENEWED_NOTIF,63980,DELIVERED,3000,"2025-10-02 05:23:09"
2025-10-02,2991899,217773,TIMWE_RENEWED_NOTIF,63980,DELIVERED,3000,"2025-10-02 05:23:09"
2025-10-02,2991899,217773,TIMWE_RENEWED_NOTIF,63980,DELIVERED,3000,"2025-10-02 05:23:09"
2025-10-02,2991899,217773,TIMWE_RENEWED_NOTIF,63980,DELIVERED,3000,"2025-10-02 05:23:09"
2025-10-02,2991901,205954,TIMWE_RENEWED_NOTIF,63980,DELIVERED,3000,"2025-10-02 05:24:07"
2025-10-02,2991901,205954,TIMWE_RENEWED_NOTIF,63980,DELIVERED,3000,"2025-10-02 05:24:07"
2025-10-02,2991903,204564,TIMWE_RENEWED_NOTIF,63980,DELIVERED,3000,"2025-10-02 05:24:09"
2025-10-02,2991903,204564,TIMWE_RENEWED_NOTIF,63980,DELIVERED,3000,"2025-10-02 05:24:09"
2025-10-02,2991905,216219,TIMWE_RENEWED_NOTIF,63980,DELIVERED,3000,"2025-10-02 05:24:51"
2025-10-02,2991905,216219,TIMWE_RENEWED_NOTIF,63980,DELIVERED,3000,"2025-10-02 05:24:51"
2025-10-02,2991907,206301,TIMWE_RENEWED_NOTIF,63980,DELIVERED,3000,"2025-10-02 05:25:33"
2025-10-02,2991907,206301,TIMWE_RENEWED_NOTIF,63980,DELIVERED,3000,"2025-10-02 05:25:33"
2025-10-02,2991909,221844,TIMWE_RENEWED_NOTIF,63980,DELIVERED,3000,"2025-10-02 05:30:19"
2025-10-02,2991909,221844,TIMWE_RENEWED_NOTIF,63980,DELIVERED,3000,"2025-10-02 05:30:19"
2025-10-02,2991909,221844,TIMWE_RENEWED_NOTIF,63980,DELIVERED,3000,"2025-10-02 05:30:19"
2025-10-02,2991909,221844,TIMWE_RENEWED_NOTIF,63980,DELIVERED,3000,"2025-10-02 05:30:19"
2025-10-02,2991909,221844,TIMWE_RENEWED_NOTIF,63980,DELIVERED,3000,"2025-10-02 05:30:19"
2025-10-02,2991911,237268,TIMWE_RENEWED_NOTIF,63980,DELIVERED,3000,"2025-10-02 05:31:14"
2025-10-02,2991911,237268,TIMWE_RENEWED_NOTIF,63980,DELIVERED,3000,"2025-10-02 05:31:14"
2025-10-02,2991911,237268,TIMWE_RENEWED_NOTIF,63980,DELIVERED,3000,"2025-10-02 05:31:14"
2025-10-02,2991911,237268,TIMWE_RENEWED_NOTIF,63980,DELIVERED,3000,"2025-10-02 05:31:14"
2025-10-02,2991913,227880,TIMWE_RENEWED_NOTIF,63980,DELIVERED,3000,"2025-10-02 05:34:44"
2025-10-02,2991913,227880,TIMWE_RENEWED_NOTIF,63980,DELIVERED,3000,"2025-10-02 05:34:44"
2025-10-02,2991915,239239,TIMWE_RENEWED_NOTIF,63980,DELIVERED,3000,"2025-10-02 05:42:57"
2025-10-02,2991915,239239,TIMWE_RENEWED_NOTIF,63980,DELIVERED,3000,"2025-10-02 05:42:57"
2025-10-02,2991915,239239,TIMWE_RENEWED_NOTIF,63980,DELIVERED,3000,"2025-10-02 05:42:57"
2025-10-02,2991915,239239,TIMWE_RENEWED_NOTIF,63980,DELIVERED,3000,"2025-10-02 05:42:57"
2025-10-02,2991917,236386,TIMWE_RENEWED_NOTIF,63980,DELIVERED,3000,"2025-10-02 05:43:40"
2025-10-02,2991917,236386,TIMWE_RENEWED_NOTIF,63980,DELIVERED,3000,"2025-10-02 05:43:40"
2025-10-02,2991919,239415,TIMWE_RENEWED_NOTIF,63980,DELIVERED,3000,"2025-10-02 05:44:16"
2025-10-02,2991919,239415,TIMWE_RENEWED_NOTIF,63980,DELIVERED,3000,"2025-10-02 05:44:16"
2025-10-02,2991921,239378,TIMWE_RENEWED_NOTIF,63980,DELIVERED,3000,"2025-10-02 05:45:28"
2025-10-02,2991921,239378,TIMWE_RENEWED_NOTIF,63980,DELIVERED,3000,"2025-10-02 05:45:28"
2025-10-02,2991923,231730,TIMWE_RENEWED_NOTIF,63980,DELIVERED,3000,"2025-10-02 05:46:01"
2025-10-02,2991923,231730,TIMWE_RENEWED_NOTIF,63980,DELIVERED,3000,"2025-10-02 05:46:01"
2025-10-02,2991923,231730,TIMWE_RENEWED_NOTIF,63980,DELIVERED,3000,"2025-10-02 05:46:01"
2025-10-02,2991923,231730,TIMWE_RENEWED_NOTIF,63980,DELIVERED,3000,"2025-10-02 05:46:01"
2025-10-02,2991925,219616,TIMWE_RENEWED_NOTIF,63980,DELIVERED,3000,"2025-10-02 05:47:07"
2025-10-02,2991925,219616,TIMWE_RENEWED_NOTIF,63980,DELIVERED,3000,"2025-10-02 05:47:07"
2025-10-02,2991927,226917,TIMWE_RENEWED_NOTIF,63980,DELIVERED,3000,"2025-10-02 05:50:22"
2025-10-02,2991927,226917,TIMWE_RENEWED_NOTIF,63980,DELIVERED,3000,"2025-10-02 05:50:22"
2025-10-02,2991927,226917,TIMWE_RENEWED_NOTIF,63980,DELIVERED,3000,"2025-10-02 05:50:22"
2025-10-02,2991927,226917,TIMWE_RENEWED_NOTIF,63980,DELIVERED,3000,"2025-10-02 05:50:22"
2025-10-02,2991927,226917,TIMWE_RENEWED_NOTIF,63980,DELIVERED,3000,"2025-10-02 05:50:22"
2025-10-02,2993217,220343,TIMWE_RENEWED_NOTIF,63980,DELIVERED,3000,"2025-10-02 08:40:31"
2025-10-02,2993217,220343,TIMWE_RENEWED_NOTIF,63980,DELIVERED,3000,"2025-10-02 08:40:31"
2025-10-02,2993217,220343,TIMWE_RENEWED_NOTIF,63980,DELIVERED,3000,"2025-10-02 08:40:31"
2025-10-02,2993227,222443,TIMWE_RENEWED_NOTIF,63980,DELIVERED,3000,"2025-10-02 08:44:29"
2025-10-02,2993227,222443,TIMWE_RENEWED_NOTIF,63980,DELIVERED,3000,"2025-10-02 08:44:29"
2025-10-02,2993229,238400,TIMWE_RENEWED_NOTIF,63980,DELIVERED,3000,"2025-10-02 08:57:17"
2025-10-02,2993229,238400,TIMWE_RENEWED_NOTIF,63980,DELIVERED,3000,"2025-10-02 08:57:17"
2025-10-02,2993242,238816,TIMWE_RENEWED_NOTIF,63980,DELIVERED,3000,"2025-10-02 09:00:48"
2025-10-02,2993242,238816,TIMWE_RENEWED_NOTIF,63980,DELIVERED,3000,"2025-10-02 09:00:48"
2025-10-02,2993245,214896,TIMWE_RENEWED_NOTIF,63980,DELIVERED,3000,"2025-10-02 09:01:40"
2025-10-02,2993245,214896,TIMWE_RENEWED_NOTIF,63980,DELIVERED,3000,"2025-10-02 09:01:40"
2025-10-02,2993247,230206,TIMWE_RENEWED_NOTIF,63980,DELIVERED,3000,"2025-10-02 09:02:30"
2025-10-02,2993247,230206,TIMWE_RENEWED_NOTIF,63980,DELIVERED,3000,"2025-10-02 09:02:30"
2025-10-02,2993249,218672,TIMWE_RENEWED_NOTIF,63980,DELIVERED,3000,"2025-10-02 09:02:33"
2025-10-02,2993249,218672,TIMWE_RENEWED_NOTIF,63980,DELIVERED,3000,"2025-10-02 09:02:33"
2025-10-02,2993252,210508,TIMWE_RENEWED_NOTIF,63980,DELIVERED,3000,"2025-10-02 09:04:06"
2025-10-02,2993252,210508,TIMWE_RENEWED_NOTIF,63980,DELIVERED,3000,"2025-10-02 09:04:06"
2025-10-02,2993254,239391,TIMWE_RENEWED_NOTIF,63980,DELIVERED,3000,"2025-10-02 09:09:24"
2025-10-02,2993254,239391,TIMWE_RENEWED_NOTIF,63980,DELIVERED,3000,"2025-10-02 09:09:24"
2025-10-02,2993261,212495,TIMWE_RENEWED_NOTIF,63980,DELIVERED,3000,"2025-10-02 09:18:58"
2025-10-02,2993261,212495,TIMWE_RENEWED_NOTIF,63980,DELIVERED,3000,"2025-10-02 09:18:58"
2025-10-02,2993263,215290,TIMWE_RENEWED_NOTIF,63980,DELIVERED,3000,"2025-10-02 09:22:16"
2025-10-02,2993263,215290,TIMWE_RENEWED_NOTIF,63980,DELIVERED,3000,"2025-10-02 09:22:16"
2025-10-02,2993263,215290,TIMWE_RENEWED_NOTIF,63980,DELIVERED,3000,"2025-10-02 09:22:16"
2025-10-02,2993265,204751,TIMWE_RENEWED_NOTIF,63980,DELIVERED,3000,"2025-10-02 09:23:42"
2025-10-02,2993265,204751,TIMWE_RENEWED_NOTIF,63980,DELIVERED,3000,"2025-10-02 09:23:42"
2025-10-02,2993284,209134,TIMWE_RENEWED_NOTIF,63980,DELIVERED,3000,"2025-10-02 09:30:04"
2025-10-02,2993284,209134,TIMWE_RENEWED_NOTIF,63980,DELIVERED,3000,"2025-10-02 09:30:04"
2025-10-02,2993758,220525,TIMWE_RENEWED_NOTIF,63980,DELIVERED,3000,"2025-10-02 11:53:29"
2025-10-02,2993758,220525,TIMWE_RENEWED_NOTIF,63980,DELIVERED,3000,"2025-10-02 11:53:29"
2025-10-02,2993821,223467,TIMWE_RENEWED_NOTIF,63980,DELIVERED,3000,"2025-10-02 12:15:28"
2025-10-02,2993821,223467,TIMWE_RENEWED_NOTIF,63980,DELIVERED,3000,"2025-10-02 12:15:28"
2025-10-02,2993821,223467,TIMWE_RENEWED_NOTIF,63980,DELIVERED,3000,"2025-10-02 12:15:28"
2025-10-02,2993821,223467,TIMWE_RENEWED_NOTIF,63980,DELIVERED,3000,"2025-10-02 12:15:28"
2025-10-02,2993821,223467,TIMWE_RENEWED_NOTIF,63980,DELIVERED,3000,"2025-10-02 12:15:28"
2025-10-02,2993836,233893,TIMWE_RENEWED_NOTIF,63980,DELIVERED,3000,"2025-10-02 12:17:31"
2025-10-02,2993836,233893,TIMWE_RENEWED_NOTIF,63980,DELIVERED,3000,"2025-10-02 12:17:31"
2025-10-02,2993924,239290,TIMWE_RENEWED_NOTIF,63980,DELIVERED,3000,"2025-10-02 12:41:47"
2025-10-02,2993924,239290,TIMWE_RENEWED_NOTIF,63980,DELIVERED,3000,"2025-10-02 12:41:47"
2025-10-02,2993924,239290,TIMWE_RENEWED_NOTIF,63980,DELIVERED,3000,"2025-10-02 12:41:47"
2025-10-02,2993924,239290,TIMWE_RENEWED_NOTIF,63980,DELIVERED,3000,"2025-10-02 12:41:47"
2025-10-02,2993924,239290,TIMWE_RENEWED_NOTIF,63980,DELIVERED,3000,"2025-10-02 12:41:47"
2025-10-02,2993965,216387,TIMWE_RENEWED_NOTIF,63980,DELIVERED,3000,"2025-10-02 12:48:54"
2025-10-02,2993965,216387,TIMWE_RENEWED_NOTIF,63980,DELIVERED,3000,"2025-10-02 12:48:54"
2025-10-02,2993972,239350,TIMWE_RENEWED_NOTIF,63980,DELIVERED,3000,"2025-10-02 12:51:59"
2025-10-02,2993972,239350,TIMWE_RENEWED_NOTIF,63980,DELIVERED,3000,"2025-10-02 12:51:59"
2025-10-02,2993983,223991,TIMWE_RENEWED_NOTIF,63980,DELIVERED,3000,"2025-10-02 12:56:25"
2025-10-02,2993983,223991,TIMWE_RENEWED_NOTIF,63980,DELIVERED,3000,"2025-10-02 12:56:25"
2025-10-02,2993983,223991,TIMWE_RENEWED_NOTIF,63980,DELIVERED,3000,"2025-10-02 12:56:25"
2025-10-02,2993999,239276,TIMWE_RENEWED_NOTIF,63980,DELIVERED,3000,"2025-10-02 12:57:47"
2025-10-02,2993999,239276,TIMWE_RENEWED_NOTIF,63980,DELIVERED,3000,"2025-10-02 12:57:47"
2025-10-02,2993999,239276,TIMWE_RENEWED_NOTIF,63980,DELIVERED,3000,"2025-10-02 12:57:47"
2025-10-02,2993999,239276,TIMWE_RENEWED_NOTIF,63980,DELIVERED,3000,"2025-10-02 12:57:47"
2025-10-02,2993999,239276,TIMWE_RENEWED_NOTIF,63980,DELIVERED,3000,"2025-10-02 12:57:47"
2025-10-02,2994006,218404,TIMWE_RENEWED_NOTIF,63980,DELIVERED,3000,"2025-10-02 12:58:31"
2025-10-02,2994006,218404,TIMWE_RENEWED_NOTIF,63980,DELIVERED,3000,"2025-10-02 12:58:31"
2025-10-02,2994006,218404,TIMWE_RENEWED_NOTIF,63980,DELIVERED,3000,"2025-10-02 12:58:31"
2025-10-02,2994006,218404,TIMWE_RENEWED_NOTIF,63980,DELIVERED,3000,"2025-10-02 12:58:31"
2025-10-02,2994006,218404,TIMWE_RENEWED_NOTIF,63980,DELIVERED,3000,"2025-10-02 12:58:31"
2025-10-02,2994012,222031,TIMWE_RENEWED_NOTIF,63980,DELIVERED,3000,"2025-10-02 12:59:05"
2025-10-02,2994012,222031,TIMWE_RENEWED_NOTIF,63980,DELIVERED,3000,"2025-10-02 12:59:05"
2025-10-02,2994021,219333,TIMWE_RENEWED_NOTIF,63980,DELIVERED,3000,"2025-10-02 13:01:40"
2025-10-02,2994021,219333,TIMWE_RENEWED_NOTIF,63980,DELIVERED,3000,"2025-10-02 13:01:40"
2025-10-02,2994023,209740,TIMWE_RENEWED_NOTIF,63980,DELIVERED,3000,"2025-10-02 13:02:12"
2025-10-02,2994023,209740,TIMWE_RENEWED_NOTIF,63980,DELIVERED,3000,"2025-10-02 13:02:12"
2025-10-02,2994028,231921,TIMWE_RENEWED_NOTIF,63980,DELIVERED,3000,"2025-10-02 13:02:27"
2025-10-02,2994028,231921,TIMWE_RENEWED_NOTIF,63980,DELIVERED,3000,"2025-10-02 13:02:27"
2025-10-02,2994028,231921,TIMWE_RENEWED_NOTIF,63980,DELIVERED,3000,"2025-10-02 13:02:27"
2025-10-02,2994028,231921,TIMWE_RENEWED_NOTIF,63980,DELIVERED,3000,"2025-10-02 13:02:27"
2025-10-02,2994028,231921,TIMWE_RENEWED_NOTIF,63980,DELIVERED,3000,"2025-10-02 13:02:27"
2025-10-02,2994032,217249,TIMWE_RENEWED_NOTIF,63980,DELIVERED,3000,"2025-10-02 13:03:34"
2025-10-02,2994032,217249,TIMWE_RENEWED_NOTIF,63980,DELIVERED,3000,"2025-10-02 13:03:34"
2025-10-02,2994034,218430,TIMWE_RENEWED_NOTIF,63980,DELIVERED,3000,"2025-10-02 13:07:19"
2025-10-02,2994034,218430,TIMWE_RENEWED_NOTIF,63980,DELIVERED,3000,"2025-10-02 13:07:19"
2025-10-02,2994036,226355,TIMWE_RENEWED_NOTIF,63980,DELIVERED,3000,"2025-10-02 13:07:20"
2025-10-02,2994036,226355,TIMWE_RENEWED_NOTIF,63980,DELIVERED,3000,"2025-10-02 13:07:20"
2025-10-02,2994062,217822,TIMWE_RENEWED_NOTIF,63980,DELIVERED,3000,"2025-10-02 13:10:41"
2025-10-02,2994062,217822,TIMWE_RENEWED_NOTIF,63980,DELIVERED,3000,"2025-10-02 13:10:41"
2025-10-02,2994062,217822,TIMWE_RENEWED_NOTIF,63980,DELIVERED,3000,"2025-10-02 13:10:41"
2025-10-02,2994062,217822,TIMWE_RENEWED_NOTIF,63980,DELIVERED,3000,"2025-10-02 13:10:41"
2025-10-02,2994062,217822,TIMWE_RENEWED_NOTIF,63980,DELIVERED,3000,"2025-10-02 13:10:41"
2025-10-02,2994071,226694,TIMWE_RENEWED_NOTIF,63980,DELIVERED,3000,"2025-10-02 13:11:26"
2025-10-02,2994071,226694,TIMWE_RENEWED_NOTIF,63980,DELIVERED,3000,"2025-10-02 13:11:26"
2025-10-02,2994073,229946,TIMWE_RENEWED_NOTIF,63980,DELIVERED,3000,"2025-10-02 13:11:47"
2025-10-02,2994073,229946,TIMWE_RENEWED_NOTIF,63980,DELIVERED,3000,"2025-10-02 13:11:47"
2025-10-02,2994078,225056,TIMWE_RENEWED_NOTIF,63980,DELIVERED,3000,"2025-10-02 13:13:05"
2025-10-02,2994078,225056,TIMWE_RENEWED_NOTIF,63980,DELIVERED,3000,"2025-10-02 13:13:05"
2025-10-02,2994080,209007,TIMWE_RENEWED_NOTIF,63980,DELIVERED,3000,"2025-10-02 13:13:06"
2025-10-02,2994080,209007,TIMWE_RENEWED_NOTIF,63980,DELIVERED,3000,"2025-10-02 13:13:06"
2025-10-02,2994087,228258,TIMWE_RENEWED_NOTIF,63980,DELIVERED,3000,"2025-10-02 13:14:25"
2025-10-02,2994087,228258,TIMWE_RENEWED_NOTIF,63980,DELIVERED,3000,"2025-10-02 13:14:25"
2025-10-02,2994087,228258,TIMWE_RENEWED_NOTIF,63980,DELIVERED,3000,"2025-10-02 13:14:25"
2025-10-02,2994089,209011,TIMWE_RENEWED_NOTIF,63980,DELIVERED,3000,"2025-10-02 13:16:00"
2025-10-02,2994089,209011,TIMWE_RENEWED_NOTIF,63980,DELIVERED,3000,"2025-10-02 13:16:00"
2025-10-02,2994116,228163,TIMWE_RENEWED_NOTIF,63980,DELIVERED,3000,"2025-10-02 13:21:24"
2025-10-02,2994116,228163,TIMWE_RENEWED_NOTIF,63980,DELIVERED,3000,"2025-10-02 13:21:24"
2025-10-02,2994116,228163,TIMWE_RENEWED_NOTIF,63980,DELIVERED,3000,"2025-10-02 13:21:24"
2025-10-02,2994116,228163,TIMWE_RENEWED_NOTIF,63980,DELIVERED,3000,"2025-10-02 13:21:24"
2025-10-02,2994141,224441,TIMWE_RENEWED_NOTIF,63980,DELIVERED,3000,"2025-10-02 13:25:46"
2025-10-02,2994141,224441,TIMWE_RENEWED_NOTIF,63980,DELIVERED,3000,"2025-10-02 13:25:46"
2025-10-02,2994161,205168,TIMWE_RENEWED_NOTIF,63980,DELIVERED,3000,"2025-10-02 13:28:28"
2025-10-02,2994161,205168,TIMWE_RENEWED_NOTIF,63980,DELIVERED,3000,"2025-10-02 13:28:28"
2025-10-02,2994161,205168,TIMWE_RENEWED_NOTIF,63980,DELIVERED,3000,"2025-10-02 13:28:28"
2025-10-02,2994161,205168,TIMWE_RENEWED_NOTIF,63980,DELIVERED,3000,"2025-10-02 13:28:28"
2025-10-02,2994181,215894,TIMWE_RENEWED_NOTIF,63980,DELIVERED,3000,"2025-10-02 13:32:18"
2025-10-02,2994181,215894,TIMWE_RENEWED_NOTIF,63980,DELIVERED,3000,"2025-10-02 13:32:18"
2025-10-02,2995110,213370,TIMWE_RENEWED_NOTIF,63980,DELIVERED,3000,"2025-10-02 14:49:44"
2025-10-02,2995110,213370,TIMWE_RENEWED_NOTIF,63980,DELIVERED,3000,"2025-10-02 14:49:44"
2025-10-02,2995110,213370,TIMWE_RENEWED_NOTIF,63980,DELIVERED,3000,"2025-10-02 14:49:44"
2025-10-02,2995149,226314,TIMWE_RENEWED_NOTIF,63980,DELIVERED,3000,"2025-10-02 14:57:35"
2025-10-02,2995149,226314,TIMWE_RENEWED_NOTIF,63980,DELIVERED,3000,"2025-10-02 14:57:35"
2025-10-02,2995160,229583,TIMWE_RENEWED_NOTIF,63980,DELIVERED,3000,"2025-10-02 14:58:51"
2025-10-02,2995160,229583,TIMWE_RENEWED_NOTIF,63980,DELIVERED,3000,"2025-10-02 14:58:51"
2025-10-02,2995167,227380,TIMWE_RENEWED_NOTIF,63980,DELIVERED,3000,"2025-10-02 14:59:26"
2025-10-02,2995167,227380,TIMWE_RENEWED_NOTIF,63980,DELIVERED,3000,"2025-10-02 14:59:26"
2025-10-02,2995167,227380,TIMWE_RENEWED_NOTIF,63980,DELIVERED,3000,"2025-10-02 14:59:26"
2025-10-02,2995167,227380,TIMWE_RENEWED_NOTIF,63980,DELIVERED,3000,"2025-10-02 14:59:26"
2025-10-02,2995167,227380,TIMWE_RENEWED_NOTIF,63980,DELIVERED,3000,"2025-10-02 14:59:26"
2025-10-02,2995169,226174,TIMWE_RENEWED_NOTIF,63980,DELIVERED,3000,"2025-10-02 14:59:38"
2025-10-02,2995169,226174,TIMWE_RENEWED_NOTIF,63980,DELIVERED,3000,"2025-10-02 14:59:38"
2025-10-02,2995172,220982,TIMWE_RENEWED_NOTIF,63980,DELIVERED,3000,"2025-10-02 15:01:30"
2025-10-02,2995172,220982,TIMWE_RENEWED_NOTIF,63980,DELIVERED,3000,"2025-10-02 15:01:30"
2025-10-02,2995190,207889,TIMWE_RENEWED_NOTIF,63980,DELIVERED,3000,"2025-10-02 15:05:56"
2025-10-02,2995190,207889,TIMWE_RENEWED_NOTIF,63980,DELIVERED,3000,"2025-10-02 15:05:56"
2025-10-02,2995190,207889,TIMWE_RENEWED_NOTIF,63980,DELIVERED,3000,"2025-10-02 15:05:56"
2025-10-02,2995190,207889,TIMWE_RENEWED_NOTIF,63980,DELIVERED,3000,"2025-10-02 15:05:56"
2025-10-02,2995241,230436,TIMWE_RENEWED_NOTIF,63980,DELIVERED,3000,"2025-10-02 15:18:06"
2025-10-02,2995241,230436,TIMWE_RENEWED_NOTIF,63980,DELIVERED,3000,"2025-10-02 15:18:06"
2025-10-02,2995248,218488,TIMWE_RENEWED_NOTIF,63980,DELIVERED,3000,"2025-10-02 15:18:49"
2025-10-02,2995248,218488,TIMWE_RENEWED_NOTIF,63980,DELIVERED,3000,"2025-10-02 15:18:49"
2025-10-02,2995258,204605,TIMWE_RENEWED_NOTIF,63980,DELIVERED,3000,"2025-10-02 15:20:50"
2025-10-02,2995258,204605,TIMWE_RENEWED_NOTIF,63980,DELIVERED,3000,"2025-10-02 15:20:50"
2025-10-02,2995262,219244,TIMWE_RENEWED_NOTIF,63980,DELIVERED,3000,"2025-10-02 15:21:32"
2025-10-02,2995262,219244,TIMWE_RENEWED_NOTIF,63980,DELIVERED,3000,"2025-10-02 15:21:32"
2025-10-02,2995265,226487,TIMWE_RENEWED_NOTIF,63980,DELIVERED,3000,"2025-10-02 15:21:52"
2025-10-02,2995265,226487,TIMWE_RENEWED_NOTIF,63980,DELIVERED,3000,"2025-10-02 15:21:52"
2025-10-02,2995265,226487,TIMWE_RENEWED_NOTIF,63980,DELIVERED,3000,"2025-10-02 15:21:52"
2025-10-02,2995265,226487,TIMWE_RENEWED_NOTIF,63980,DELIVERED,3000,"2025-10-02 15:21:52"
2025-10-02,2995265,226487,TIMWE_RENEWED_NOTIF,63980,DELIVERED,3000,"2025-10-02 15:21:52"
2025-10-02,2995957,216179,TIMWE_RENEWED_NOTIF,63980,DELIVERED,3000,"2025-10-02 17:52:10"
2025-10-02,2995957,216179,TIMWE_RENEWED_NOTIF,63980,DELIVERED,3000,"2025-10-02 17:52:10"
2025-10-02,2995957,216179,TIMWE_RENEWED_NOTIF,63980,DELIVERED,3000,"2025-10-02 17:52:10"
2025-10-02,2995957,216179,TIMWE_RENEWED_NOTIF,63980,DELIVERED,3000,"2025-10-02 17:52:10"
2025-10-02,2995959,216411,TIMWE_RENEWED_NOTIF,63980,DELIVERED,3000,"2025-10-02 17:52:11"
2025-10-02,2995959,216411,TIMWE_RENEWED_NOTIF,63980,DELIVERED,3000,"2025-10-02 17:52:11"
2025-10-02,2995959,216411,TIMWE_RENEWED_NOTIF,63980,DELIVERED,3000,"2025-10-02 17:52:11"
2025-10-02,2995959,216411,TIMWE_RENEWED_NOTIF,63980,DELIVERED,3000,"2025-10-02 17:52:11"
2025-10-02,2995959,216411,TIMWE_RENEWED_NOTIF,63980,DELIVERED,3000,"2025-10-02 17:52:11"
2025-10-02,2995964,235068,TIMWE_RENEWED_NOTIF,63980,DELIVERED,3000,"2025-10-02 17:54:13"
2025-10-02,2995964,235068,TIMWE_RENEWED_NOTIF,63980,DELIVERED,3000,"2025-10-02 17:54:13"
2025-10-02,2995967,209178,TIMWE_RENEWED_NOTIF,63980,DELIVERED,3000,"2025-10-02 17:54:40"
2025-10-02,2995967,209178,TIMWE_RENEWED_NOTIF,63980,DELIVERED,3000,"2025-10-02 17:54:40"
2025-10-02,2995971,227248,TIMWE_RENEWED_NOTIF,63980,DELIVERED,3000,"2025-10-02 17:55:23"
2025-10-02,2995971,227248,TIMWE_RENEWED_NOTIF,63980,DELIVERED,3000,"2025-10-02 17:55:23"
2025-10-02,2995988,226183,TIMWE_RENEWED_NOTIF,63980,DELIVERED,3000,"2025-10-02 17:58:03"
2025-10-02,2995988,226183,TIMWE_RENEWED_NOTIF,63980,DELIVERED,3000,"2025-10-02 17:58:03"
2025-10-02,2995988,226183,TIMWE_RENEWED_NOTIF,63980,DELIVERED,3000,"2025-10-02 17:58:03"
2025-10-02,2995988,226183,TIMWE_RENEWED_NOTIF,63980,DELIVERED,3000,"2025-10-02 17:58:03"
2025-10-02,2996029,226333,TIMWE_RENEWED_NOTIF,63980,DELIVERED,3000,"2025-10-02 18:05:00"
2025-10-02,2996029,226333,TIMWE_RENEWED_NOTIF,63980,DELIVERED,3000,"2025-10-02 18:05:00"
2025-10-02,2996029,226333,TIMWE_RENEWED_NOTIF,63980,DELIVERED,3000,"2025-10-02 18:05:00"
2025-10-02,2996031,187330,TIMWE_RENEWED_NOTIF,63980,DELIVERED,3000,"2025-10-02 18:05:26"
2025-10-02,2996031,187330,TIMWE_RENEWED_NOTIF,63980,DELIVERED,3000,"2025-10-02 18:05:26"
2025-10-02,2996031,187330,TIMWE_RENEWED_NOTIF,63980,DELIVERED,3000,"2025-10-02 18:05:26"
2025-10-02,2996044,232169,TIMWE_RENEWED_NOTIF,63980,DELIVERED,3000,"2025-10-02 18:06:23"
2025-10-02,2996044,232169,TIMWE_RENEWED_NOTIF,63980,DELIVERED,3000,"2025-10-02 18:06:23"
2025-10-02,2996044,232169,TIMWE_RENEWED_NOTIF,63980,DELIVERED,3000,"2025-10-02 18:06:23"
2025-10-02,2996046,186996,TIMWE_RENEWED_NOTIF,63980,DELIVERED,3000,"2025-10-02 18:06:49"
2025-10-02,2996046,186996,TIMWE_RENEWED_NOTIF,63980,DELIVERED,3000,"2025-10-02 18:06:49"
2025-10-02,2996046,186996,TIMWE_RENEWED_NOTIF,63980,DELIVERED,3000,"2025-10-02 18:06:49"
2025-10-02,2996046,186996,TIMWE_RENEWED_NOTIF,63980,DELIVERED,3000,"2025-10-02 18:06:49"
2025-10-02,2996046,186996,TIMWE_RENEWED_NOTIF,63980,DELIVERED,3000,"2025-10-02 18:06:49"
2025-10-02,2996046,186996,TIMWE_RENEWED_NOTIF,63980,DELIVERED,3000,"2025-10-02 18:06:49"
2025-10-02,2996049,234057,TIMWE_RENEWED_NOTIF,63980,DELIVERED,3000,"2025-10-02 18:07:21"
2025-10-02,2996049,234057,TIMWE_RENEWED_NOTIF,63980,DELIVERED,3000,"2025-10-02 18:07:21"
2025-10-02,2996051,210470,TIMWE_RENEWED_NOTIF,63980,DELIVERED,3000,"2025-10-02 18:07:28"
2025-10-02,2996051,210470,TIMWE_RENEWED_NOTIF,63980,DELIVERED,3000,"2025-10-02 18:07:28"
2025-10-02,2996059,228071,TIMWE_RENEWED_NOTIF,63980,DELIVERED,3000,"2025-10-02 18:09:22"
2025-10-02,2996059,228071,TIMWE_RENEWED_NOTIF,63980,DELIVERED,3000,"2025-10-02 18:09:22"
2025-10-02,2996067,225445,TIMWE_RENEWED_NOTIF,63980,DELIVERED,3000,"2025-10-02 18:12:50"
2025-10-02,2996067,225445,TIMWE_RENEWED_NOTIF,63980,DELIVERED,3000,"2025-10-02 18:12:50"
2025-10-02,2996067,225445,TIMWE_RENEWED_NOTIF,63980,DELIVERED,3000,"2025-10-02 18:12:50"
2025-10-02,2996067,225445,TIMWE_RENEWED_NOTIF,63980,DELIVERED,3000,"2025-10-02 18:12:50"
2025-10-02,2996067,225445,TIMWE_RENEWED_NOTIF,63980,DELIVERED,3000,"2025-10-02 18:12:50"
2025-10-02,2996069,236411,TIMWE_RENEWED_NOTIF,63980,DELIVERED,3000,"2025-10-02 18:13:09"
2025-10-02,2996069,236411,TIMWE_RENEWED_NOTIF,63980,DELIVERED,3000,"2025-10-02 18:13:09"
2025-10-02,2996071,237353,TIMWE_RENEWED_NOTIF,63980,DELIVERED,3000,"2025-10-02 18:13:38"
2025-10-02,2996071,237353,TIMWE_RENEWED_NOTIF,63980,DELIVERED,3000,"2025-10-02 18:13:38"
2025-10-02,2996076,209330,TIMWE_RENEWED_NOTIF,63980,DELIVERED,3000,"2025-10-02 18:14:44"
2025-10-02,2996076,209330,TIMWE_RENEWED_NOTIF,63980,DELIVERED,3000,"2025-10-02 18:14:44"
2025-10-02,2996076,209330,TIMWE_RENEWED_NOTIF,63980,DELIVERED,3000,"2025-10-02 18:14:44"
2025-10-02,2996076,209330,TIMWE_RENEWED_NOTIF,63980,DELIVERED,3000,"2025-10-02 18:14:44"
2025-10-02,2996076,209330,TIMWE_RENEWED_NOTIF,63980,DELIVERED,3000,"2025-10-02 18:14:44"
2025-10-02,2996078,218200,TIMWE_RENEWED_NOTIF,63980,DELIVERED,3000,"2025-10-02 18:15:04"
2025-10-02,2996078,218200,TIMWE_RENEWED_NOTIF,63980,DELIVERED,3000,"2025-10-02 18:15:04"
2025-10-02,2996082,221269,TIMWE_RENEWED_NOTIF,63980,DELIVERED,3000,"2025-10-02 18:15:41"
2025-10-02,2996082,221269,TIMWE_RENEWED_NOTIF,63980,DELIVERED,3000,"2025-10-02 18:15:41"
2025-10-02,2996084,219719,TIMWE_RENEWED_NOTIF,63980,DELIVERED,3000,"2025-10-02 18:15:49"
2025-10-02,2996084,219719,TIMWE_RENEWED_NOTIF,63980,DELIVERED,3000,"2025-10-02 18:15:49"
2025-10-02,2996084,219719,TIMWE_RENEWED_NOTIF,63980,DELIVERED,3000,"2025-10-02 18:15:49"
2025-10-02,2996084,219719,TIMWE_RENEWED_NOTIF,63980,DELIVERED,3000,"2025-10-02 18:15:49"
2025-10-02,2996084,219719,TIMWE_RENEWED_NOTIF,63980,DELIVERED,3000,"2025-10-02 18:15:49"
2025-10-02,2996089,221538,TIMWE_RENEWED_NOTIF,63980,DELIVERED,3000,"2025-10-02 18:16:27"
2025-10-02,2996089,221538,TIMWE_RENEWED_NOTIF,63980,DELIVERED,3000,"2025-10-02 18:16:27"
2025-10-02,2996089,221538,TIMWE_RENEWED_NOTIF,63980,DELIVERED,3000,"2025-10-02 18:16:27"
2025-10-02,2996089,221538,TIMWE_RENEWED_NOTIF,63980,DELIVERED,3000,"2025-10-02 18:16:27"
2025-10-02,2996089,221538,TIMWE_RENEWED_NOTIF,63980,DELIVERED,3000,"2025-10-02 18:16:27"
2025-10-02,2996091,221754,TIMWE_RENEWED_NOTIF,63980,DELIVERED,3000,"2025-10-02 18:17:01"
2025-10-02,2996091,221754,TIMWE_RENEWED_NOTIF,63980,DELIVERED,3000,"2025-10-02 18:17:01"
2025-10-02,2996097,224950,TIMWE_RENEWED_NOTIF,63980,DELIVERED,3000,"2025-10-02 18:17:54"
2025-10-02,2996097,224950,TIMWE_RENEWED_NOTIF,63980,DELIVERED,3000,"2025-10-02 18:17:54"
2025-10-02,2996097,224950,TIMWE_RENEWED_NOTIF,63980,DELIVERED,3000,"2025-10-02 18:17:54"
2025-10-02,2996101,221308,TIMWE_RENEWED_NOTIF,63980,DELIVERED,3000,"2025-10-02 18:18:22"
2025-10-02,2996101,221308,TIMWE_RENEWED_NOTIF,63980,DELIVERED,3000,"2025-10-02 18:18:22"
2025-10-02,2996101,221308,TIMWE_RENEWED_NOTIF,63980,DELIVERED,3000,"2025-10-02 18:18:22"
2025-10-02,2996101,221308,TIMWE_RENEWED_NOTIF,63980,DELIVERED,3000,"2025-10-02 18:18:22"
2025-10-02,2996101,221308,TIMWE_RENEWED_NOTIF,63980,DELIVERED,3000,"2025-10-02 18:18:22"
2025-10-02,2996105,226161,TIMWE_RENEWED_NOTIF,63980,DELIVERED,3000,"2025-10-02 18:18:42"
2025-10-02,2996105,226161,TIMWE_RENEWED_NOTIF,63980,DELIVERED,3000,"2025-10-02 18:18:42"
2025-10-02,2996107,217108,TIMWE_RENEWED_NOTIF,63980,DELIVERED,3000,"2025-10-02 18:18:48"
2025-10-02,2996107,217108,TIMWE_RENEWED_NOTIF,63980,DELIVERED,3000,"2025-10-02 18:18:48"
2025-10-02,2996107,217108,TIMWE_RENEWED_NOTIF,63980,DELIVERED,3000,"2025-10-02 18:18:48"
2025-10-02,2996123,211145,TIMWE_RENEWED_NOTIF,63980,DELIVERED,3000,"2025-10-02 18:25:48"
2025-10-02,2996123,211145,TIMWE_RENEWED_NOTIF,63980,DELIVERED,3000,"2025-10-02 18:25:48"
2025-10-02,2996123,211145,TIMWE_RENEWED_NOTIF,63980,DELIVERED,3000,"2025-10-02 18:25:48"
2025-10-02,2996140,223314,TIMWE_RENEWED_NOTIF,63980,DELIVERED,3000,"2025-10-02 18:27:14"
2025-10-02,2996140,223314,TIMWE_RENEWED_NOTIF,63980,DELIVERED,3000,"2025-10-02 18:27:14"
2025-10-02,2996154,220350,TIMWE_RENEWED_NOTIF,63980,DELIVERED,3000,"2025-10-02 18:28:26"
2025-10-02,2996154,220350,TIMWE_RENEWED_NOTIF,63980,DELIVERED,3000,"2025-10-02 18:28:26"
2025-10-02,2996156,217229,TIMWE_RENEWED_NOTIF,63980,DELIVERED,3000,"2025-10-02 18:28:39"
2025-10-02,2996156,217229,TIMWE_RENEWED_NOTIF,63980,DELIVERED,3000,"2025-10-02 18:28:39"
2025-10-02,2996197,213620,TIMWE_RENEWED_NOTIF,63980,DELIVERED,3000,"2025-10-02 18:33:04"
2025-10-02,2996197,213620,TIMWE_RENEWED_NOTIF,63980,DELIVERED,3000,"2025-10-02 18:33:04"
2025-10-02,2996202,216173,TIMWE_RENEWED_NOTIF,63980,DELIVERED,3000,"2025-10-02 18:33:18"
2025-10-02,2996202,216173,TIMWE_RENEWED_NOTIF,63980,DELIVERED,3000,"2025-10-02 18:33:18"
2025-10-02,2996202,216173,TIMWE_RENEWED_NOTIF,63980,DELIVERED,3000,"2025-10-02 18:33:18"
2025-10-02,2996208,216153,TIMWE_RENEWED_NOTIF,63980,DELIVERED,3000,"2025-10-02 18:35:02"
2025-10-02,2996208,216153,TIMWE_RENEWED_NOTIF,63980,DELIVERED,3000,"2025-10-02 18:35:02"
2025-10-02,2996234,182274,TIMWE_RENEWED_NOTIF,63980,DELIVERED,3000,"2025-10-02 18:39:17"
2025-10-02,2996234,182274,TIMWE_RENEWED_NOTIF,63980,DELIVERED,3000,"2025-10-02 18:39:17"
2025-10-02,2996234,182274,TIMWE_RENEWED_NOTIF,63980,DELIVERED,3000,"2025-10-02 18:39:17"
2025-10-02,2996767,236880,TIMWE_RENEWED_NOTIF,63980,DELIVERED,3000,"2025-10-02 20:04:14"
2025-10-02,2996767,236880,TIMWE_RENEWED_NOTIF,63980,DELIVERED,3000,"2025-10-02 20:04:14"
2025-10-02,2996923,209465,TIMWE_RENEWED_NOTIF,63980,DELIVERED,3000,"2025-10-02 20:30:11"
2025-10-02,2996923,209465,TIMWE_RENEWED_NOTIF,63980,DELIVERED,3000,"2025-10-02 20:30:11"
2025-10-02,2997085,226053,TIMWE_RENEWED_NOTIF,63980,DELIVERED,3000,"2025-10-02 20:30:49"
2025-10-02,2997085,226053,TIMWE_RENEWED_NOTIF,63980,DELIVERED,3000,"2025-10-02 20:30:49"
2025-10-02,2999108,226817,TIMWE_RENEWED_NOTIF,63980,DELIVERED,3000,"2025-10-02 20:49:48"
2025-10-02,2999108,226817,TIMWE_RENEWED_NOTIF,63980,DELIVERED,3000,"2025-10-02 20:49:48"
2025-10-02,2999108,226817,TIMWE_RENEWED_NOTIF,63980,DELIVERED,3000,"2025-10-02 20:49:48"
2025-10-02,2999108,226817,TIMWE_RENEWED_NOTIF,63980,DELIVERED,3000,"2025-10-02 20:49:48"
2025-10-02,2999173,232680,TIMWE_RENEWED_NOTIF,63980,DELIVERED,3000,"2025-10-02 20:49:53"
2025-10-02,2999173,232680,TIMWE_RENEWED_NOTIF,63980,DELIVERED,3000,"2025-10-02 20:49:53"
2025-10-02,2999745,214202,TIMWE_RENEWED_NOTIF,63980,DELIVERED,3000,"2025-10-02 20:55:50"
2025-10-02,2999745,214202,TIMWE_RENEWED_NOTIF,63980,DELIVERED,3000,"2025-10-02 20:55:50"
2025-10-02,2999937,222461,TIMWE_RENEWED_NOTIF,63980,DELIVERED,3000,"2025-10-02 20:57:50"
2025-10-02,2999937,222461,TIMWE_RENEWED_NOTIF,63980,DELIVERED,3000,"2025-10-02 20:57:50"
2025-10-02,2999937,222461,TIMWE_RENEWED_NOTIF,63980,DELIVERED,3000,"2025-10-02 20:57:50"
2025-10-02,2999937,222461,TIMWE_RENEWED_NOTIF,63980,DELIVERED,3000,"2025-10-02 20:57:50"
2025-10-02,2999937,222461,TIMWE_RENEWED_NOTIF,63980,DELIVERED,3000,"2025-10-02 20:57:50"
2025-10-02,3001725,237932,TIMWE_RENEWED_NOTIF,63980,DELIVERED,3000,"2025-10-02 21:14:09"
2025-10-02,3001725,237932,TIMWE_RENEWED_NOTIF,63980,DELIVERED,3000,"2025-10-02 21:14:09"
2025-10-02,3002553,212866,TIMWE_RENEWED_NOTIF,63980,DELIVERED,3000,"2025-10-02 21:21:59"
2025-10-02,3002553,212866,TIMWE_RENEWED_NOTIF,63980,DELIVERED,3000,"2025-10-02 21:21:59"
2025-10-02,3002568,225629,TIMWE_RENEWED_NOTIF,63980,DELIVERED,3000,"2025-10-02 21:22:00"
2025-10-02,3002568,225629,TIMWE_RENEWED_NOTIF,63980,DELIVERED,3000,"2025-10-02 21:22:00"
2025-10-02,3003286,204569,TIMWE_RENEWED_NOTIF,63980,DELIVERED,3000,"2025-10-02 21:28:56"
2025-10-02,3003286,204569,TIMWE_RENEWED_NOTIF,63980,DELIVERED,3000,"2025-10-02 21:28:56"
2025-10-02,3004006,210089,TIMWE_RENEWED_NOTIF,63980,DELIVERED,3000,"2025-10-02 21:35:50"
2025-10-02,3004006,210089,TIMWE_RENEWED_NOTIF,63980,DELIVERED,3000,"2025-10-02 21:35:50"
2025-10-02,3005782,209804,TIMWE_RENEWED_NOTIF,63980,DELIVERED,3000,"2025-10-02 22:09:08"
2025-10-02,3005782,209804,TIMWE_RENEWED_NOTIF,63980,DELIVERED,3000,"2025-10-02 22:09:08"
2025-10-02,3007414,225131,TIMWE_RENEWED_NOTIF,63980,DELIVERED,3000,"2025-10-02 22:24:10"
2025-10-02,3007414,225131,TIMWE_RENEWED_NOTIF,63980,DELIVERED,3000,"2025-10-02 22:24:10"
2025-10-02,3007570,235704,TIMWE_RENEWED_NOTIF,63980,DELIVERED,3000,"2025-10-02 22:25:57"
2025-10-02,3007570,235704,TIMWE_RENEWED_NOTIF,63980,DELIVERED,3000,"2025-10-02 22:25:57"
2025-10-02,3009206,236526,TIMWE_RENEWED_NOTIF,63980,DELIVERED,3000,"2025-10-02 22:41:18"
2025-10-02,3009206,236526,TIMWE_RENEWED_NOTIF,63980,DELIVERED,3000,"2025-10-02 22:41:18"
2025-10-02,3009577,226978,TIMWE_RENEWED_NOTIF,63980,DELIVERED,3000,"2025-10-02 22:45:04"
2025-10-02,3009577,226978,TIMWE_RENEWED_NOTIF,63980,DELIVERED,3000,"2025-10-02 22:45:04"
2025-10-02,3009765,226117,TIMWE_RENEWED_NOTIF,63980,DELIVERED,3000,"2025-10-02 22:47:06"
2025-10-02,3009765,226117,TIMWE_RENEWED_NOTIF,63980,DELIVERED,3000,"2025-10-02 22:47:06"
2025-10-02,3009765,226117,TIMWE_RENEWED_NOTIF,63980,DELIVERED,3000,"2025-10-02 22:47:06"
2025-10-02,3011404,205748,TIMWE_RENEWED_NOTIF,63980,DELIVERED,3000,"2025-10-02 23:08:18"
2025-10-02,3011404,205748,TIMWE_RENEWED_NOTIF,63980,DELIVERED,3000,"2025-10-02 23:08:18"
2025-10-02,3011449,205152,TIMWE_RENEWED_NOTIF,63980,DELIVERED,3000,"2025-10-02 23:09:01"
2025-10-02,3011449,205152,TIMWE_RENEWED_NOTIF,63980,DELIVERED,3000,"2025-10-02 23:09:01"
2025-10-02,3011449,205152,TIMWE_RENEWED_NOTIF,63980,DELIVERED,3000,"2025-10-02 23:09:01"
2025-10-02,3011449,205152,TIMWE_RENEWED_NOTIF,63980,DELIVERED,3000,"2025-10-02 23:09:01"
2025-10-02,3011449,205152,TIMWE_RENEWED_NOTIF,63980,DELIVERED,3000,"2025-10-02 23:09:01"
2025-10-02,3011874,226208,TIMWE_RENEWED_NOTIF,63980,DELIVERED,3000,"2025-10-02 23:32:44"
2025-10-02,3011874,226208,TIMWE_RENEWED_NOTIF,63980,DELIVERED,3000,"2025-10-02 23:32:44"
2025-10-03,3013197,228341,TIMWE_RENEWED_NOTIF,63980,DELIVERED,3000,"2025-10-03 00:30:55"
2025-10-03,3013197,228341,TIMWE_RENEWED_NOTIF,63980,DELIVERED,3000,"2025-10-03 00:30:55"
2025-10-03,3013197,228341,TIMWE_RENEWED_NOTIF,63980,DELIVERED,3000,"2025-10-03 00:30:55"
2025-10-03,3013197,228341,TIMWE_RENEWED_NOTIF,63980,DELIVERED,3000,"2025-10-03 00:30:55"
2025-10-03,3013197,228341,TIMWE_RENEWED_NOTIF,63980,DELIVERED,3000,"2025-10-03 00:30:55"
2025-10-03,3013791,239192,TIMWE_RENEWED_NOTIF,63980,DELIVERED,3000,"2025-10-03 00:38:44"
2025-10-03,3013791,239192,TIMWE_RENEWED_NOTIF,63980,DELIVERED,3000,"2025-10-03 00:38:44"
2025-10-03,3014126,225599,TIMWE_RENEWED_NOTIF,63980,DELIVERED,3000,"2025-10-03 00:42:39"
2025-10-03,3014126,225599,TIMWE_RENEWED_NOTIF,63980,DELIVERED,3000,"2025-10-03 00:42:39"
2025-10-03,3014126,225599,TIMWE_RENEWED_NOTIF,63980,DELIVERED,3000,"2025-10-03 00:42:39"
2025-10-03,3014126,225599,TIMWE_RENEWED_NOTIF,63980,DELIVERED,3000,"2025-10-03 00:42:39"
2025-10-03,3014974,172270,TIMWE_RENEWED_NOTIF,63980,DELIVERED,3000,"2025-10-03 04:47:11"
2025-10-03,3014974,172270,TIMWE_RENEWED_NOTIF,63980,DELIVERED,3000,"2025-10-03 04:47:11"
2025-10-03,3014974,172270,TIMWE_RENEWED_NOTIF,63980,DELIVERED,3000,"2025-10-03 04:47:11"
2025-10-03,3014974,172270,TIMWE_RENEWED_NOTIF,63980,DELIVERED,3000,"2025-10-03 04:47:11"
2025-10-03,3014974,172270,TIMWE_RENEWED_NOTIF,63980,DELIVERED,3000,"2025-10-03 04:47:11"
2025-10-03,3014974,172270,TIMWE_RENEWED_NOTIF,63980,DELIVERED,3000,"2025-10-03 04:47:11"
2025-10-03,3014974,172270,TIMWE_RENEWED_NOTIF,63980,DELIVERED,3000,"2025-10-03 04:47:11"
2025-10-03,3014974,172270,TIMWE_RENEWED_NOTIF,63980,DELIVERED,3000,"2025-10-03 04:47:11"
2025-10-03,3014976,180802,TIMWE_RENEWED_NOTIF,63980,DELIVERED,3000,"2025-10-03 04:48:29"
2025-10-03,3014976,180802,TIMWE_RENEWED_NOTIF,63980,DELIVERED,3000,"2025-10-03 04:48:29"
2025-10-03,3014976,180802,TIMWE_RENEWED_NOTIF,63980,DELIVERED,3000,"2025-10-03 04:48:29"
2025-10-03,3014976,180802,TIMWE_RENEWED_NOTIF,63980,DELIVERED,3000,"2025-10-03 04:48:29"
2025-10-03,3014978,188143,TIMWE_RENEWED_NOTIF,63980,DELIVERED,3000,"2025-10-03 04:49:33"
2025-10-03,3014978,188143,TIMWE_RENEWED_NOTIF,63980,DELIVERED,3000,"2025-10-03 04:49:33"
2025-10-03,3014978,188143,TIMWE_RENEWED_NOTIF,63980,DELIVERED,3000,"2025-10-03 04:49:33"
2025-10-03,3014978,188143,TIMWE_RENEWED_NOTIF,63980,DELIVERED,3000,"2025-10-03 04:49:33"
2025-10-03,3014978,188143,TIMWE_RENEWED_NOTIF,63980,DELIVERED,3000,"2025-10-03 04:49:33"
2025-10-03,3014978,188143,TIMWE_RENEWED_NOTIF,63980,DELIVERED,3000,"2025-10-03 04:49:33"
2025-10-03,3014980,210070,TIMWE_RENEWED_NOTIF,63980,DELIVERED,3000,"2025-10-03 04:53:43"
2025-10-03,3014980,210070,TIMWE_RENEWED_NOTIF,63980,DELIVERED,3000,"2025-10-03 04:53:43"
2025-10-03,3014980,210070,TIMWE_RENEWED_NOTIF,63980,DELIVERED,3000,"2025-10-03 04:53:43"
2025-10-03,3014980,210070,TIMWE_RENEWED_NOTIF,63980,DELIVERED,3000,"2025-10-03 04:53:43"
2025-10-03,3014980,210070,TIMWE_RENEWED_NOTIF,63980,DELIVERED,3000,"2025-10-03 04:53:43"
2025-10-03,3014984,237493,TIMWE_RENEWED_NOTIF,63980,DELIVERED,3000,"2025-10-03 05:01:38"
2025-10-03,3014984,237493,TIMWE_RENEWED_NOTIF,63980,DELIVERED,3000,"2025-10-03 05:01:38"
2025-10-03,3014986,239482,TIMWE_RENEWED_NOTIF,63980,DELIVERED,3000,"2025-10-03 05:02:09"
2025-10-03,3014986,239482,TIMWE_RENEWED_NOTIF,63980,DELIVERED,3000,"2025-10-03 05:02:09"
2025-10-03,3014986,239482,TIMWE_RENEWED_NOTIF,63980,DELIVERED,3000,"2025-10-03 05:02:09"
2025-10-03,3014986,239482,TIMWE_RENEWED_NOTIF,63980,DELIVERED,3000,"2025-10-03 05:02:09"
2025-10-03,3014986,239482,TIMWE_RENEWED_NOTIF,63980,DELIVERED,3000,"2025-10-03 05:02:09"
2025-10-03,3014988,235428,TIMWE_RENEWED_NOTIF,63980,DELIVERED,3000,"2025-10-03 05:02:09"
2025-10-03,3014988,235428,TIMWE_RENEWED_NOTIF,63980,DELIVERED,3000,"2025-10-03 05:02:09"
2025-10-03,3014990,239527,TIMWE_RENEWED_NOTIF,63980,DELIVERED,3000,"2025-10-03 05:03:13"
2025-10-03,3014990,239527,TIMWE_RENEWED_NOTIF,63980,DELIVERED,3000,"2025-10-03 05:03:13"
2025-10-03,3014992,239553,TIMWE_RENEWED_NOTIF,63980,DELIVERED,3000,"2025-10-03 05:03:47"
2025-10-03,3014992,239553,TIMWE_RENEWED_NOTIF,63980,DELIVERED,3000,"2025-10-03 05:03:47"
2025-10-03,3014992,239553,TIMWE_RENEWED_NOTIF,63980,DELIVERED,3000,"2025-10-03 05:03:47"
2025-10-03,3014992,239553,TIMWE_RENEWED_NOTIF,63980,DELIVERED,3000,"2025-10-03 05:03:47"
2025-10-03,3014992,239553,TIMWE_RENEWED_NOTIF,63980,DELIVERED,3000,"2025-10-03 05:03:47"
2025-10-03,3014994,221726,TIMWE_RENEWED_NOTIF,63980,DELIVERED,3000,"2025-10-03 05:05:06"
2025-10-03,3014994,221726,TIMWE_RENEWED_NOTIF,63980,DELIVERED,3000,"2025-10-03 05:05:06"
2025-10-03,3014996,221892,TIMWE_RENEWED_NOTIF,63980,DELIVERED,3000,"2025-10-03 05:06:19"
2025-10-03,3014996,221892,TIMWE_RENEWED_NOTIF,63980,DELIVERED,3000,"2025-10-03 05:06:19"
2025-10-03,3014996,221892,TIMWE_RENEWED_NOTIF,63980,DELIVERED,3000,"2025-10-03 05:06:19"
2025-10-03,3014998,222005,TIMWE_RENEWED_NOTIF,63980,DELIVERED,3000,"2025-10-03 05:06:58"
2025-10-03,3014998,222005,TIMWE_RENEWED_NOTIF,63980,DELIVERED,3000,"2025-10-03 05:06:58"
2025-10-03,3014998,222005,TIMWE_RENEWED_NOTIF,63980,DELIVERED,3000,"2025-10-03 05:06:58"
2025-10-03,3014998,222005,TIMWE_RENEWED_NOTIF,63980,DELIVERED,3000,"2025-10-03 05:06:58"
2025-10-03,3014998,222005,TIMWE_RENEWED_NOTIF,63980,DELIVERED,3000,"2025-10-03 05:06:58"
2025-10-03,3015001,168099,TIMWE_RENEWED_NOTIF,63980,DELIVERED,3000,"2025-10-03 05:23:39"
2025-10-03,3015001,168099,TIMWE_RENEWED_NOTIF,63980,DELIVERED,3000,"2025-10-03 05:23:39"
2025-10-03,3015001,168099,TIMWE_RENEWED_NOTIF,63980,DELIVERED,3000,"2025-10-03 05:23:39"
2025-10-03,3015001,168099,TIMWE_RENEWED_NOTIF,63980,DELIVERED,3000,"2025-10-03 05:23:39"
2025-10-03,3015001,168099,TIMWE_RENEWED_NOTIF,63980,DELIVERED,3000,"2025-10-03 05:23:39"
2025-10-03,3015001,168099,TIMWE_RENEWED_NOTIF,63980,DELIVERED,3000,"2025-10-03 05:23:39"
2025-10-03,3015001,168099,TIMWE_RENEWED_NOTIF,63980,DELIVERED,3000,"2025-10-03 05:23:39"
2025-10-03,3015001,168099,TIMWE_RENEWED_NOTIF,63980,DELIVERED,3000,"2025-10-03 05:23:39"
2025-10-03,3015003,225945,TIMWE_RENEWED_NOTIF,63980,DELIVERED,3000,"2025-10-03 05:32:39"
2025-10-03,3015003,225945,TIMWE_RENEWED_NOTIF,63980,DELIVERED,3000,"2025-10-03 05:32:39"
2025-10-03,3015005,237391,TIMWE_RENEWED_NOTIF,63980,DELIVERED,3000,"2025-10-03 05:33:00"
2025-10-03,3015005,237391,TIMWE_RENEWED_NOTIF,63980,DELIVERED,3000,"2025-10-03 05:33:00"
2025-10-03,3015007,206506,TIMWE_RENEWED_NOTIF,63980,DELIVERED,3000,"2025-10-03 05:33:27"
2025-10-03,3015007,206506,TIMWE_RENEWED_NOTIF,63980,DELIVERED,3000,"2025-10-03 05:33:27"
2025-10-03,3015009,224240,TIMWE_RENEWED_NOTIF,63980,DELIVERED,3000,"2025-10-03 05:35:12"
2025-10-03,3015009,224240,TIMWE_RENEWED_NOTIF,63980,DELIVERED,3000,"2025-10-03 05:35:12"
2025-10-03,3015011,224575,TIMWE_RENEWED_NOTIF,63980,DELIVERED,3000,"2025-10-03 05:39:43"
2025-10-03,3015011,224575,TIMWE_RENEWED_NOTIF,63980,DELIVERED,3000,"2025-10-03 05:39:43"
2025-10-03,3015013,238592,TIMWE_RENEWED_NOTIF,63980,DELIVERED,3000,"2025-10-03 05:40:48"
2025-10-03,3015013,238592,TIMWE_RENEWED_NOTIF,63980,DELIVERED,3000,"2025-10-03 05:40:48"
2025-10-03,3015015,233805,TIMWE_RENEWED_NOTIF,63980,DELIVERED,3000,"2025-10-03 05:40:48"
2025-10-03,3015015,233805,TIMWE_RENEWED_NOTIF,63980,DELIVERED,3000,"2025-10-03 05:40:48"
2025-10-03,3015017,228363,TIMWE_RENEWED_NOTIF,63980,DELIVERED,3000,"2025-10-03 05:40:55"
2025-10-03,3015017,228363,TIMWE_RENEWED_NOTIF,63980,DELIVERED,3000,"2025-10-03 05:40:55"
2025-10-03,3015017,228363,TIMWE_RENEWED_NOTIF,63980,DELIVERED,3000,"2025-10-03 05:40:55"
2025-10-03,3015017,228363,TIMWE_RENEWED_NOTIF,63980,DELIVERED,3000,"2025-10-03 05:40:55"
2025-10-03,3015017,228363,TIMWE_RENEWED_NOTIF,63980,DELIVERED,3000,"2025-10-03 05:40:55"
2025-10-03,3015019,238652,TIMWE_RENEWED_NOTIF,63980,DELIVERED,3000,"2025-10-03 05:40:57"
2025-10-03,3015019,238652,TIMWE_RENEWED_NOTIF,63980,DELIVERED,3000,"2025-10-03 05:40:57"
2025-10-03,3015019,238652,TIMWE_RENEWED_NOTIF,63980,DELIVERED,3000,"2025-10-03 05:40:57"
2025-10-03,3015019,238652,TIMWE_RENEWED_NOTIF,63980,DELIVERED,3000,"2025-10-03 05:40:57"
2025-10-03,3015021,221321,TIMWE_RENEWED_NOTIF,63980,DELIVERED,3000,"2025-10-03 05:42:11"
2025-10-03,3015021,221321,TIMWE_RENEWED_NOTIF,63980,DELIVERED,3000,"2025-10-03 05:42:11"
2025-10-03,3015021,221321,TIMWE_RENEWED_NOTIF,63980,DELIVERED,3000,"2025-10-03 05:42:11"
2025-10-03,3015021,221321,TIMWE_RENEWED_NOTIF,63980,DELIVERED,3000,"2025-10-03 05:42:11"
2025-10-03,3015021,221321,TIMWE_RENEWED_NOTIF,63980,DELIVERED,3000,"2025-10-03 05:42:11"
2025-10-03,3015023,231770,TIMWE_RENEWED_NOTIF,63980,DELIVERED,3000,"2025-10-03 05:43:16"
2025-10-03,3015023,231770,TIMWE_RENEWED_NOTIF,63980,DELIVERED,3000,"2025-10-03 05:43:16"
2025-10-03,3015025,231734,TIMWE_RENEWED_NOTIF,63980,DELIVERED,3000,"2025-10-03 05:44:36"
2025-10-03,3015025,231734,TIMWE_RENEWED_NOTIF,63980,DELIVERED,3000,"2025-10-03 05:44:36"
2025-10-03,3015027,239502,TIMWE_RENEWED_NOTIF,63980,DELIVERED,3000,"2025-10-03 05:45:01"
2025-10-03,3015027,239502,TIMWE_RENEWED_NOTIF,63980,DELIVERED,3000,"2025-10-03 05:45:01"
2025-10-03,3015031,234654,TIMWE_RENEWED_NOTIF,63980,DELIVERED,3000,"2025-10-03 05:48:23"
2025-10-03,3015031,234654,TIMWE_RENEWED_NOTIF,63980,DELIVERED,3000,"2025-10-03 05:48:23"
2025-10-03,3015793,170418,TIMWE_RENEWED_NOTIF,63980,DELIVERED,3000,"2025-10-03 08:12:28"
2025-10-03,3015793,170418,TIMWE_RENEWED_NOTIF,63980,DELIVERED,3000,"2025-10-03 08:12:28"
2025-10-03,3015793,170418,TIMWE_RENEWED_NOTIF,63980,DELIVERED,3000,"2025-10-03 08:12:28"
2025-10-03,3015793,170418,TIMWE_RENEWED_NOTIF,63980,DELIVERED,3000,"2025-10-03 08:12:28"
2025-10-03,3015793,170418,TIMWE_RENEWED_NOTIF,63980,DELIVERED,3000,"2025-10-03 08:12:28"
2025-10-03,3015880,181135,TIMWE_RENEWED_NOTIF,63980,DELIVERED,3000,"2025-10-03 08:20:16"
2025-10-03,3015880,181135,TIMWE_RENEWED_NOTIF,63980,DELIVERED,3000,"2025-10-03 08:20:16"
2025-10-03,3015880,181135,TIMWE_RENEWED_NOTIF,63980,DELIVERED,3000,"2025-10-03 08:20:16"
2025-10-03,3015880,181135,TIMWE_RENEWED_NOTIF,63980,DELIVERED,3000,"2025-10-03 08:20:16"
2025-10-03,3016176,215476,TIMWE_RENEWED_NOTIF,63980,DELIVERED,3000,"2025-10-03 09:11:57"
2025-10-03,3016176,215476,TIMWE_RENEWED_NOTIF,63980,DELIVERED,3000,"2025-10-03 09:11:57"
2025-10-03,3016182,225625,TIMWE_RENEWED_NOTIF,63980,DELIVERED,3000,"2025-10-03 09:13:43"
2025-10-03,3016182,225625,TIMWE_RENEWED_NOTIF,63980,DELIVERED,3000,"2025-10-03 09:13:43"
2025-10-03,3016182,225625,TIMWE_RENEWED_NOTIF,63980,DELIVERED,3000,"2025-10-03 09:13:43"
2025-10-03,3016182,225625,TIMWE_RENEWED_NOTIF,63980,DELIVERED,3000,"2025-10-03 09:13:43"
2025-10-03,3016184,204978,TIMWE_RENEWED_NOTIF,63980,DELIVERED,3000,"2025-10-03 09:13:46"
2025-10-03,3016184,204978,TIMWE_RENEWED_NOTIF,63980,DELIVERED,3000,"2025-10-03 09:13:46"
2025-10-03,3016189,218701,TIMWE_RENEWED_NOTIF,63980,DELIVERED,3000,"2025-10-03 09:14:26"
2025-10-03,3016189,218701,TIMWE_RENEWED_NOTIF,63980,DELIVERED,3000,"2025-10-03 09:14:26"
2025-10-03,3016189,218701,TIMWE_RENEWED_NOTIF,63980,DELIVERED,3000,"2025-10-03 09:14:26"
2025-10-03,3016189,218701,TIMWE_RENEWED_NOTIF,63980,DELIVERED,3000,"2025-10-03 09:14:26"
2025-10-03,3016205,222360,TIMWE_RENEWED_NOTIF,63980,DELIVERED,3000,"2025-10-03 09:21:45"
2025-10-03,3016205,222360,TIMWE_RENEWED_NOTIF,63980,DELIVERED,3000,"2025-10-03 09:21:45"
2025-10-03,3016207,236305,TIMWE_RENEWED_NOTIF,63980,DELIVERED,3000,"2025-10-03 09:22:19"
2025-10-03,3016207,236305,TIMWE_RENEWED_NOTIF,63980,DELIVERED,3000,"2025-10-03 09:22:19"
2025-10-03,3016215,213549,TIMWE_RENEWED_NOTIF,63980,DELIVERED,3000,"2025-10-03 09:24:55"
2025-10-03,3016215,213549,TIMWE_RENEWED_NOTIF,63980,DELIVERED,3000,"2025-10-03 09:24:55"
2025-10-03,3016215,213549,TIMWE_RENEWED_NOTIF,63980,DELIVERED,3000,"2025-10-03 09:24:55"
2025-10-03,3016215,213549,TIMWE_RENEWED_NOTIF,63980,DELIVERED,3000,"2025-10-03 09:24:55"
2025-10-03,3016215,213549,TIMWE_RENEWED_NOTIF,63980,DELIVERED,3000,"2025-10-03 09:24:55"
2025-10-03,3016226,210133,TIMWE_RENEWED_NOTIF,63980,DELIVERED,3000,"2025-10-03 09:27:58"
2025-10-03,3016226,210133,TIMWE_RENEWED_NOTIF,63980,DELIVERED,3000,"2025-10-03 09:27:58"
2025-10-03,3016226,210133,TIMWE_RENEWED_NOTIF,63980,DELIVERED,3000,"2025-10-03 09:27:58"
2025-10-03,3016228,205068,TIMWE_RENEWED_NOTIF,63980,DELIVERED,3000,"2025-10-03 09:28:03"
2025-10-03,3016228,205068,TIMWE_RENEWED_NOTIF,63980,DELIVERED,3000,"2025-10-03 09:28:03"
2025-10-03,3016665,214344,TIMWE_RENEWED_NOTIF,63980,DELIVERED,3000,"2025-10-03 11:27:16"
2025-10-03,3016665,214344,TIMWE_RENEWED_NOTIF,63980,DELIVERED,3000,"2025-10-03 11:27:16"
2025-10-03,3016667,239588,TIMWE_RENEWED_NOTIF,63980,DELIVERED,3000,"2025-10-03 11:30:05"
2025-10-03,3016667,239588,TIMWE_RENEWED_NOTIF,63980,DELIVERED,3000,"2025-10-03 11:30:05"
2025-10-03,3016667,239588,TIMWE_RENEWED_NOTIF,63980,DELIVERED,3000,"2025-10-03 11:30:05"
2025-10-03,3016667,239588,TIMWE_RENEWED_NOTIF,63980,DELIVERED,3000,"2025-10-03 11:30:05"
2025-10-03,3016782,221552,TIMWE_RENEWED_NOTIF,63980,DELIVERED,3000,"2025-10-03 11:51:49"
2025-10-03,3016782,221552,TIMWE_RENEWED_NOTIF,63980,DELIVERED,3000,"2025-10-03 11:51:49"
2025-10-03,3016860,210143,TIMWE_RENEWED_NOTIF,63980,DELIVERED,3000,"2025-10-03 12:09:22"
2025-10-03,3016860,210143,TIMWE_RENEWED_NOTIF,63980,DELIVERED,3000,"2025-10-03 12:09:22"
2025-10-03,3016862,239455,TIMWE_RENEWED_NOTIF,63980,DELIVERED,3000,"2025-10-03 12:10:04"
2025-10-03,3016862,239455,TIMWE_RENEWED_NOTIF,63980,DELIVERED,3000,"2025-10-03 12:10:04"
2025-10-03,3016864,185375,TIMWE_RENEWED_NOTIF,63980,DELIVERED,3000,"2025-10-03 12:10:23"
2025-10-03,3016864,185375,TIMWE_RENEWED_NOTIF,63980,DELIVERED,3000,"2025-10-03 12:10:23"
2025-10-03,3016864,185375,TIMWE_RENEWED_NOTIF,63980,DELIVERED,3000,"2025-10-03 12:10:23"
2025-10-03,3016876,222482,TIMWE_RENEWED_NOTIF,63980,DELIVERED,3000,"2025-10-03 12:13:01"
2025-10-03,3016876,222482,TIMWE_RENEWED_NOTIF,63980,DELIVERED,3000,"2025-10-03 12:13:01"
2025-10-03,3016902,217194,TIMWE_RENEWED_NOTIF,63980,DELIVERED,3000,"2025-10-03 12:18:59"
2025-10-03,3016902,217194,TIMWE_RENEWED_NOTIF,63980,DELIVERED,3000,"2025-10-03 12:18:59"
2025-10-03,3016902,217194,TIMWE_RENEWED_NOTIF,63980,DELIVERED,3000,"2025-10-03 12:18:59"
2025-10-03,3016902,217194,TIMWE_RENEWED_NOTIF,63980,DELIVERED,3000,"2025-10-03 12:18:59"
2025-10-03,3016902,217194,TIMWE_RENEWED_NOTIF,63980,DELIVERED,3000,"2025-10-03 12:18:59"
2025-10-03,3016914,206965,TIMWE_RENEWED_NOTIF,63980,DELIVERED,3000,"2025-10-03 12:20:20"
2025-10-03,3016914,206965,TIMWE_RENEWED_NOTIF,63980,DELIVERED,3000,"2025-10-03 12:20:20"
2025-10-03,3016914,206965,TIMWE_RENEWED_NOTIF,63980,DELIVERED,3000,"2025-10-03 12:20:20"
2025-10-03,3016922,204131,TIMWE_RENEWED_NOTIF,63980,DELIVERED,3000,"2025-10-03 12:21:33"
2025-10-03,3016922,204131,TIMWE_RENEWED_NOTIF,63980,DELIVERED,3000,"2025-10-03 12:21:33"
2025-10-03,3016922,204131,TIMWE_RENEWED_NOTIF,63980,DELIVERED,3000,"2025-10-03 12:21:33"
2025-10-03,3016926,207127,TIMWE_RENEWED_NOTIF,63980,DELIVERED,3000,"2025-10-03 12:22:30"
2025-10-03,3016926,207127,TIMWE_RENEWED_NOTIF,63980,DELIVERED,3000,"2025-10-03 12:22:30"
2025-10-03,3016935,225868,TIMWE_RENEWED_NOTIF,63980,DELIVERED,3000,"2025-10-03 12:23:48"
2025-10-03,3016935,225868,TIMWE_RENEWED_NOTIF,63980,DELIVERED,3000,"2025-10-03 12:23:48"
2025-10-03,3016963,214539,TIMWE_RENEWED_NOTIF,63980,DELIVERED,3000,"2025-10-03 12:32:17"
2025-10-03,3016963,214539,TIMWE_RENEWED_NOTIF,63980,DELIVERED,3000,"2025-10-03 12:32:17"
2025-10-03,3016991,218018,TIMWE_RENEWED_NOTIF,63980,DELIVERED,3000,"2025-10-03 12:37:59"
2025-10-03,3016991,218018,TIMWE_RENEWED_NOTIF,63980,DELIVERED,3000,"2025-10-03 12:37:59"
2025-10-03,3016991,218018,TIMWE_RENEWED_NOTIF,63980,DELIVERED,3000,"2025-10-03 12:37:59"
2025-10-03,3016993,207633,TIMWE_RENEWED_NOTIF,63980,DELIVERED,3000,"2025-10-03 12:39:50"
2025-10-03,3016993,207633,TIMWE_RENEWED_NOTIF,63980,DELIVERED,3000,"2025-10-03 12:39:50"
2025-10-03,3016999,226452,TIMWE_RENEWED_NOTIF,63980,DELIVERED,3000,"2025-10-03 12:40:46"
2025-10-03,3016999,226452,TIMWE_RENEWED_NOTIF,63980,DELIVERED,3000,"2025-10-03 12:40:46"
2025-10-03,3016999,226452,TIMWE_RENEWED_NOTIF,63980,DELIVERED,3000,"2025-10-03 12:40:46"
2025-10-03,3016999,226452,TIMWE_RENEWED_NOTIF,63980,DELIVERED,3000,"2025-10-03 12:40:46"
2025-10-03,3017001,222209,TIMWE_RENEWED_NOTIF,63980,DELIVERED,3000,"2025-10-03 12:43:45"
2025-10-03,3017001,222209,TIMWE_RENEWED_NOTIF,63980,DELIVERED,3000,"2025-10-03 12:43:45"
2025-10-03,3017001,222209,TIMWE_RENEWED_NOTIF,63980,DELIVERED,3000,"2025-10-03 12:43:45"
2025-10-03,3017010,220662,TIMWE_RENEWED_NOTIF,63980,DELIVERED,3000,"2025-10-03 12:44:35"
2025-10-03,3017010,220662,TIMWE_RENEWED_NOTIF,63980,DELIVERED,3000,"2025-10-03 12:44:35"
2025-10-03,3017020,236684,TIMWE_RENEWED_NOTIF,63980,DELIVERED,3000,"2025-10-03 12:45:51"
2025-10-03,3017020,236684,TIMWE_RENEWED_NOTIF,63980,DELIVERED,3000,"2025-10-03 12:45:51"
2025-10-03,3017032,227648,TIMWE_RENEWED_NOTIF,63980,DELIVERED,3000,"2025-10-03 12:46:48"
2025-10-03,3017032,227648,TIMWE_RENEWED_NOTIF,63980,DELIVERED,3000,"2025-10-03 12:46:48"
2025-10-03,3017032,227648,TIMWE_RENEWED_NOTIF,63980,DELIVERED,3000,"2025-10-03 12:46:48"
2025-10-03,3017043,216456,TIMWE_RENEWED_NOTIF,63980,DELIVERED,3000,"2025-10-03 12:48:41"
2025-10-03,3017043,216456,TIMWE_RENEWED_NOTIF,63980,DELIVERED,3000,"2025-10-03 12:48:41"
2025-10-03,3017043,216456,TIMWE_RENEWED_NOTIF,63980,DELIVERED,3000,"2025-10-03 12:48:41"
2025-10-03,3017043,216456,TIMWE_RENEWED_NOTIF,63980,DELIVERED,3000,"2025-10-03 12:48:41"
2025-10-03,3017046,234571,TIMWE_RENEWED_NOTIF,63980,DELIVERED,3000,"2025-10-03 12:49:43"
2025-10-03,3017046,234571,TIMWE_RENEWED_NOTIF,63980,DELIVERED,3000,"2025-10-03 12:49:43"
2025-10-03,3017046,234571,TIMWE_RENEWED_NOTIF,63980,DELIVERED,3000,"2025-10-03 12:49:43"
2025-10-03,3017053,172054,TIMWE_RENEWED_NOTIF,63980,DELIVERED,3000,"2025-10-03 12:52:46"
2025-10-03,3017053,172054,TIMWE_RENEWED_NOTIF,63980,DELIVERED,3000,"2025-10-03 12:52:46"
2025-10-03,3017053,172054,TIMWE_RENEWED_NOTIF,63980,DELIVERED,3000,"2025-10-03 12:52:46"
2025-10-03,3017192,231768,TIMWE_RENEWED_NOTIF,63980,DELIVERED,3000,"2025-10-03 13:27:10"
2025-10-03,3017192,231768,TIMWE_RENEWED_NOTIF,63980,DELIVERED,3000,"2025-10-03 13:27:10"
2025-10-03,3017202,221110,TIMWE_RENEWED_NOTIF,63980,DELIVERED,3000,"2025-10-03 13:27:49"
2025-10-03,3017202,221110,TIMWE_RENEWED_NOTIF,63980,DELIVERED,3000,"2025-10-03 13:27:49"
2025-10-03,3017205,222605,TIMWE_RENEWED_NOTIF,63980,DELIVERED,3000,"2025-10-03 13:28:01"
2025-10-03,3017205,222605,TIMWE_RENEWED_NOTIF,63980,DELIVERED,3000,"2025-10-03 13:28:01"
2025-10-03,3017207,223273,TIMWE_RENEWED_NOTIF,63980,DELIVERED,3000,"2025-10-03 13:28:11"
2025-10-03,3017207,223273,TIMWE_RENEWED_NOTIF,63980,DELIVERED,3000,"2025-10-03 13:28:11"
2025-10-03,3017216,237494,TIMWE_RENEWED_NOTIF,63980,DELIVERED,3000,"2025-10-03 13:29:12"
2025-10-03,3017216,237494,TIMWE_RENEWED_NOTIF,63980,DELIVERED,3000,"2025-10-03 13:29:12"
2025-10-03,3017265,207853,TIMWE_RENEWED_NOTIF,63980,DELIVERED,3000,"2025-10-03 13:36:49"
2025-10-03,3017265,207853,TIMWE_RENEWED_NOTIF,63980,DELIVERED,3000,"2025-10-03 13:36:49"
2025-10-03,3017265,207853,TIMWE_RENEWED_NOTIF,63980,DELIVERED,3000,"2025-10-03 13:36:49"
2025-10-03,3017265,207853,TIMWE_RENEWED_NOTIF,63980,DELIVERED,3000,"2025-10-03 13:36:49"
2025-10-03,3017265,207853,TIMWE_RENEWED_NOTIF,63980,DELIVERED,3000,"2025-10-03 13:36:49"
2025-10-03,3017270,228774,TIMWE_RENEWED_NOTIF,63980,DELIVERED,3000,"2025-10-03 13:37:35"
2025-10-03,3017270,228774,TIMWE_RENEWED_NOTIF,63980,DELIVERED,3000,"2025-10-03 13:37:35"
2025-10-03,3017425,204067,TIMWE_RENEWED_NOTIF,63980,DELIVERED,3000,"2025-10-03 13:53:01"
2025-10-03,3017425,204067,TIMWE_RENEWED_NOTIF,63980,DELIVERED,3000,"2025-10-03 13:53:01"
2025-10-03,3018160,222550,TIMWE_RENEWED_NOTIF,63980,DELIVERED,3000,"2025-10-03 17:49:37"
2025-10-03,3018160,222550,TIMWE_RENEWED_NOTIF,63980,DELIVERED,3000,"2025-10-03 17:49:37"
2025-10-03,3018169,176675,TIMWE_RENEWED_NOTIF,63980,DELIVERED,3000,"2025-10-03 17:51:43"
2025-10-03,3018169,176675,TIMWE_RENEWED_NOTIF,63980,DELIVERED,3000,"2025-10-03 17:51:43"
2025-10-03,3018169,176675,TIMWE_RENEWED_NOTIF,63980,DELIVERED,3000,"2025-10-03 17:51:43"
2025-10-03,3018169,176675,TIMWE_RENEWED_NOTIF,63980,DELIVERED,3000,"2025-10-03 17:51:43"
2025-10-03,3018169,176675,TIMWE_RENEWED_NOTIF,63980,DELIVERED,3000,"2025-10-03 17:51:43"
2025-10-03,3018172,211979,TIMWE_RENEWED_NOTIF,63980,DELIVERED,3000,"2025-10-03 17:52:06"
2025-10-03,3018172,211979,TIMWE_RENEWED_NOTIF,63980,DELIVERED,3000,"2025-10-03 17:52:06"
2025-10-03,3018175,206034,TIMWE_RENEWED_NOTIF,63980,DELIVERED,3000,"2025-10-03 17:53:26"
2025-10-03,3018175,206034,TIMWE_RENEWED_NOTIF,63980,DELIVERED,3000,"2025-10-03 17:53:26"
2025-10-03,3018181,213126,TIMWE_RENEWED_NOTIF,63980,DELIVERED,3000,"2025-10-03 17:54:19"
2025-10-03,3018181,213126,TIMWE_RENEWED_NOTIF,63980,DELIVERED,3000,"2025-10-03 17:54:19"
2025-10-03,3018181,213126,TIMWE_RENEWED_NOTIF,63980,DELIVERED,3000,"2025-10-03 17:54:19"
2025-10-03,3018181,213126,TIMWE_RENEWED_NOTIF,63980,DELIVERED,3000,"2025-10-03 17:54:19"
2025-10-03,3018181,213126,TIMWE_RENEWED_NOTIF,63980,DELIVERED,3000,"2025-10-03 17:54:19"
2025-10-03,3018183,232186,TIMWE_RENEWED_NOTIF,63980,DELIVERED,3000,"2025-10-03 17:54:29"
2025-10-03,3018183,232186,TIMWE_RENEWED_NOTIF,63980,DELIVERED,3000,"2025-10-03 17:54:29"
2025-10-03,3018186,224024,TIMWE_RENEWED_NOTIF,63980,DELIVERED,3000,"2025-10-03 17:55:34"
2025-10-03,3018186,224024,TIMWE_RENEWED_NOTIF,63980,DELIVERED,3000,"2025-10-03 17:55:34"
2025-10-03,3018188,239319,TIMWE_RENEWED_NOTIF,63980,DELIVERED,3000,"2025-10-03 17:55:55"
2025-10-03,3018188,239319,TIMWE_RENEWED_NOTIF,63980,DELIVERED,3000,"2025-10-03 17:55:55"
2025-10-03,3018188,239319,TIMWE_RENEWED_NOTIF,63980,DELIVERED,3000,"2025-10-03 17:55:55"
2025-10-03,3018190,210949,TIMWE_RENEWED_NOTIF,63980,DELIVERED,3000,"2025-10-03 17:55:56"
2025-10-03,3018190,210949,TIMWE_RENEWED_NOTIF,63980,DELIVERED,3000,"2025-10-03 17:55:56"
2025-10-03,3018192,181105,TIMWE_RENEWED_NOTIF,63980,DELIVERED,3000,"2025-10-03 17:56:12"
2025-10-03,3018192,181105,TIMWE_RENEWED_NOTIF,63980,DELIVERED,3000,"2025-10-03 17:56:12"
2025-10-03,3018192,181105,TIMWE_RENEWED_NOTIF,63980,DELIVERED,3000,"2025-10-03 17:56:12"
2025-10-03,3018192,181105,TIMWE_RENEWED_NOTIF,63980,DELIVERED,3000,"2025-10-03 17:56:12"
2025-10-03,3018192,181105,TIMWE_RENEWED_NOTIF,63980,DELIVERED,3000,"2025-10-03 17:56:12"
2025-10-03,3018192,181105,TIMWE_RENEWED_NOTIF,63980,DELIVERED,3000,"2025-10-03 17:56:12"
2025-10-03,3018192,181105,TIMWE_RENEWED_NOTIF,63980,DELIVERED,3000,"2025-10-03 17:56:12"
2025-10-03,3018194,228111,TIMWE_RENEWED_NOTIF,63980,DELIVERED,3000,"2025-10-03 17:56:27"
2025-10-03,3018194,228111,TIMWE_RENEWED_NOTIF,63980,DELIVERED,3000,"2025-10-03 17:56:27"
2025-10-03,3018196,208337,TIMWE_RENEWED_NOTIF,63980,DELIVERED,3000,"2025-10-03 17:56:42"
2025-10-03,3018196,208337,TIMWE_RENEWED_NOTIF,63980,DELIVERED,3000,"2025-10-03 17:56:42"
2025-10-03,3018198,222396,TIMWE_RENEWED_NOTIF,63980,DELIVERED,3000,"2025-10-03 17:56:43"
2025-10-03,3018198,222396,TIMWE_RENEWED_NOTIF,63980,DELIVERED,3000,"2025-10-03 17:56:43"
2025-10-03,3018202,214455,TIMWE_RENEWED_NOTIF,63980,DELIVERED,3000,"2025-10-03 17:57:01"
2025-10-03,3018202,214455,TIMWE_RENEWED_NOTIF,63980,DELIVERED,3000,"2025-10-03 17:57:01"
2025-10-03,3018202,214455,TIMWE_RENEWED_NOTIF,63980,DELIVERED,3000,"2025-10-03 17:57:01"
2025-10-03,3018204,217070,TIMWE_RENEWED_NOTIF,63980,DELIVERED,3000,"2025-10-03 17:57:17"
2025-10-03,3018204,217070,TIMWE_RENEWED_NOTIF,63980,DELIVERED,3000,"2025-10-03 17:57:17"
2025-10-03,3018204,217070,TIMWE_RENEWED_NOTIF,63980,DELIVERED,3000,"2025-10-03 17:57:17"
2025-10-03,3018206,213958,TIMWE_RENEWED_NOTIF,63980,DELIVERED,3000,"2025-10-03 17:57:45"
2025-10-03,3018206,213958,TIMWE_RENEWED_NOTIF,63980,DELIVERED,3000,"2025-10-03 17:57:45"
2025-10-03,3018208,215978,TIMWE_RENEWED_NOTIF,63980,DELIVERED,3000,"2025-10-03 17:57:48"
2025-10-03,3018208,215978,TIMWE_RENEWED_NOTIF,63980,DELIVERED,3000,"2025-10-03 17:57:48"
2025-10-03,3018210,170171,TIMWE_RENEWED_NOTIF,63980,DELIVERED,3000,"2025-10-03 17:58:21"
2025-10-03,3018210,170171,TIMWE_RENEWED_NOTIF,63980,DELIVERED,3000,"2025-10-03 17:58:21"
2025-10-03,3018210,170171,TIMWE_RENEWED_NOTIF,63980,DELIVERED,3000,"2025-10-03 17:58:21"
2025-10-03,3018210,170171,TIMWE_RENEWED_NOTIF,63980,DELIVERED,3000,"2025-10-03 17:58:21"
2025-10-03,3018210,170171,TIMWE_RENEWED_NOTIF,63980,DELIVERED,3000,"2025-10-03 17:58:21"
2025-10-03,3018210,170171,TIMWE_RENEWED_NOTIF,63980,DELIVERED,3000,"2025-10-03 17:58:21"
2025-10-03,3018210,170171,TIMWE_RENEWED_NOTIF,63980,DELIVERED,3000,"2025-10-03 17:58:21"
2025-10-03,3018210,170171,TIMWE_RENEWED_NOTIF,63980,DELIVERED,3000,"2025-10-03 17:58:21"
2025-10-03,3018212,229772,TIMWE_RENEWED_NOTIF,63980,DELIVERED,3000,"2025-10-03 17:58:39"
2025-10-03,3018212,229772,TIMWE_RENEWED_NOTIF,63980,DELIVERED,3000,"2025-10-03 17:58:39"
2025-10-03,3018212,229772,TIMWE_RENEWED_NOTIF,63980,DELIVERED,3000,"2025-10-03 17:58:39"
2025-10-03,3018212,229772,TIMWE_RENEWED_NOTIF,63980,DELIVERED,3000,"2025-10-03 17:58:39"
2025-10-03,3018214,187952,TIMWE_RENEWED_NOTIF,63980,DELIVERED,3000,"2025-10-03 17:59:17"
2025-10-03,3018214,187952,TIMWE_RENEWED_NOTIF,63980,DELIVERED,3000,"2025-10-03 17:59:17"
2025-10-03,3018214,187952,TIMWE_RENEWED_NOTIF,63980,DELIVERED,3000,"2025-10-03 17:59:17"
2025-10-03,3018214,187952,TIMWE_RENEWED_NOTIF,63980,DELIVERED,3000,"2025-10-03 17:59:17"
2025-10-03,3018214,187952,TIMWE_RENEWED_NOTIF,63980,DELIVERED,3000,"2025-10-03 17:59:17"
2025-10-03,3018214,187952,TIMWE_RENEWED_NOTIF,63980,DELIVERED,3000,"2025-10-03 17:59:17"
2025-10-03,3018248,217767,TIMWE_RENEWED_NOTIF,63980,DELIVERED,3000,"2025-10-03 18:02:03"
2025-10-03,3018248,217767,TIMWE_RENEWED_NOTIF,63980,DELIVERED,3000,"2025-10-03 18:02:03"
2025-10-03,3018253,215534,TIMWE_RENEWED_NOTIF,63980,DELIVERED,3000,"2025-10-03 18:02:43"
2025-10-03,3018253,215534,TIMWE_RENEWED_NOTIF,63980,DELIVERED,3000,"2025-10-03 18:02:43"
2025-10-03,3018256,205457,TIMWE_RENEWED_NOTIF,63980,DELIVERED,3000,"2025-10-03 18:03:29"
2025-10-03,3018256,205457,TIMWE_RENEWED_NOTIF,63980,DELIVERED,3000,"2025-10-03 18:03:29"
2025-10-03,3018256,205457,TIMWE_RENEWED_NOTIF,63980,DELIVERED,3000,"2025-10-03 18:03:29"
2025-10-03,3018256,205457,TIMWE_RENEWED_NOTIF,63980,DELIVERED,3000,"2025-10-03 18:03:29"
2025-10-03,3018256,205457,TIMWE_RENEWED_NOTIF,63980,DELIVERED,3000,"2025-10-03 18:03:29"
2025-10-03,3018269,215678,TIMWE_RENEWED_NOTIF,63980,DELIVERED,3000,"2025-10-03 18:04:15"
2025-10-03,3018269,215678,TIMWE_RENEWED_NOTIF,63980,DELIVERED,3000,"2025-10-03 18:04:15"
2025-10-03,3018279,209910,TIMWE_RENEWED_NOTIF,63980,DELIVERED,3000,"2025-10-03 18:04:37"
2025-10-03,3018279,209910,TIMWE_RENEWED_NOTIF,63980,DELIVERED,3000,"2025-10-03 18:04:37"
2025-10-03,3018282,222204,TIMWE_RENEWED_NOTIF,63980,DELIVERED,3000,"2025-10-03 18:05:26"
2025-10-03,3018282,222204,TIMWE_RENEWED_NOTIF,63980,DELIVERED,3000,"2025-10-03 18:05:26"
2025-10-03,3018282,222204,TIMWE_RENEWED_NOTIF,63980,DELIVERED,3000,"2025-10-03 18:05:26"
2025-10-03,3018282,222204,TIMWE_RENEWED_NOTIF,63980,DELIVERED,3000,"2025-10-03 18:05:26"
2025-10-03,3018282,222204,TIMWE_RENEWED_NOTIF,63980,DELIVERED,3000,"2025-10-03 18:05:26"
2025-10-03,3018286,170111,TIMWE_RENEWED_NOTIF,63980,DELIVERED,3000,"2025-10-03 18:06:26"
2025-10-03,3018286,170111,TIMWE_RENEWED_NOTIF,63980,DELIVERED,3000,"2025-10-03 18:06:26"
2025-10-03,3018286,170111,TIMWE_RENEWED_NOTIF,63980,DELIVERED,3000,"2025-10-03 18:06:26"
2025-10-03,3018286,170111,TIMWE_RENEWED_NOTIF,63980,DELIVERED,3000,"2025-10-03 18:06:26"
2025-10-03,3018286,170111,TIMWE_RENEWED_NOTIF,63980,DELIVERED,3000,"2025-10-03 18:06:26"
2025-10-03,3018286,170111,TIMWE_RENEWED_NOTIF,63980,DELIVERED,3000,"2025-10-03 18:06:26"
2025-10-03,3018286,170111,TIMWE_RENEWED_NOTIF,63980,DELIVERED,3000,"2025-10-03 18:06:26"
2025-10-03,3018314,221311,TIMWE_RENEWED_NOTIF,63980,DELIVERED,3000,"2025-10-03 18:15:31"
2025-10-03,3018314,221311,TIMWE_RENEWED_NOTIF,63980,DELIVERED,3000,"2025-10-03 18:15:31"
2025-10-03,3018314,221311,TIMWE_RENEWED_NOTIF,63980,DELIVERED,3000,"2025-10-03 18:15:31"
2025-10-03,3018314,221311,TIMWE_RENEWED_NOTIF,63980,DELIVERED,3000,"2025-10-03 18:15:31"
2025-10-03,3018314,221311,TIMWE_RENEWED_NOTIF,63980,DELIVERED,3000,"2025-10-03 18:15:31"
2025-10-03,3018319,223550,TIMWE_RENEWED_NOTIF,63980,DELIVERED,3000,"2025-10-03 18:15:54"
2025-10-03,3018319,223550,TIMWE_RENEWED_NOTIF,63980,DELIVERED,3000,"2025-10-03 18:15:54"
2025-10-03,3018321,209621,TIMWE_RENEWED_NOTIF,63980,DELIVERED,3000,"2025-10-03 18:17:08"
2025-10-03,3018321,209621,TIMWE_RENEWED_NOTIF,63980,DELIVERED,3000,"2025-10-03 18:17:08"
2025-10-03,3018323,232902,TIMWE_RENEWED_NOTIF,63980,DELIVERED,3000,"2025-10-03 18:18:00"
2025-10-03,3018323,232902,TIMWE_RENEWED_NOTIF,63980,DELIVERED,3000,"2025-10-03 18:18:00"
2025-10-03,3018332,214599,TIMWE_RENEWED_NOTIF,63980,DELIVERED,3000,"2025-10-03 18:19:55"
2025-10-03,3018332,214599,TIMWE_RENEWED_NOTIF,63980,DELIVERED,3000,"2025-10-03 18:19:55"
2025-10-03,3018348,228414,TIMWE_RENEWED_NOTIF,63980,DELIVERED,3000,"2025-10-03 18:22:31"
2025-10-03,3018348,228414,TIMWE_RENEWED_NOTIF,63980,DELIVERED,3000,"2025-10-03 18:22:31"
2025-10-03,3018365,235237,TIMWE_RENEWED_NOTIF,63980,DELIVERED,3000,"2025-10-03 18:24:18"
2025-10-03,3018365,235237,TIMWE_RENEWED_NOTIF,63980,DELIVERED,3000,"2025-10-03 18:24:18"
2025-10-03,3018367,223927,TIMWE_RENEWED_NOTIF,63980,DELIVERED,3000,"2025-10-03 18:24:28"
2025-10-03,3018367,223927,TIMWE_RENEWED_NOTIF,63980,DELIVERED,3000,"2025-10-03 18:24:28"
2025-10-03,3018369,223529,TIMWE_RENEWED_NOTIF,63980,DELIVERED,3000,"2025-10-03 18:24:32"
2025-10-03,3018369,223529,TIMWE_RENEWED_NOTIF,63980,DELIVERED,3000,"2025-10-03 18:24:32"
2025-10-03,3018371,236681,TIMWE_RENEWED_NOTIF,63980,DELIVERED,3000,"2025-10-03 18:24:46"
2025-10-03,3018371,236681,TIMWE_RENEWED_NOTIF,63980,DELIVERED,3000,"2025-10-03 18:24:46"
2025-10-03,3018371,236681,TIMWE_RENEWED_NOTIF,63980,DELIVERED,3000,"2025-10-03 18:24:46"
2025-10-03,3018371,236681,TIMWE_RENEWED_NOTIF,63980,DELIVERED,3000,"2025-10-03 18:24:46"
2025-10-03,3018371,236681,TIMWE_RENEWED_NOTIF,63980,DELIVERED,3000,"2025-10-03 18:24:46"
2025-10-03,3018373,238927,TIMWE_RENEWED_NOTIF,63980,DELIVERED,3000,"2025-10-03 18:24:55"
2025-10-03,3018373,238927,TIMWE_RENEWED_NOTIF,63980,DELIVERED,3000,"2025-10-03 18:24:55"
2025-10-03,3018376,221779,TIMWE_RENEWED_NOTIF,63980,DELIVERED,3000,"2025-10-03 18:25:04"
2025-10-03,3018376,221779,TIMWE_RENEWED_NOTIF,63980,DELIVERED,3000,"2025-10-03 18:25:04"
2025-10-03,3018376,221779,TIMWE_RENEWED_NOTIF,63980,DELIVERED,3000,"2025-10-03 18:25:04"
2025-10-03,3018380,233088,TIMWE_RENEWED_NOTIF,63980,DELIVERED,3000,"2025-10-03 18:25:28"
2025-10-03,3018380,233088,TIMWE_RENEWED_NOTIF,63980,DELIVERED,3000,"2025-10-03 18:25:28"
2025-10-03,3018380,233088,TIMWE_RENEWED_NOTIF,63980,DELIVERED,3000,"2025-10-03 18:25:28"
2025-10-03,3018380,233088,TIMWE_RENEWED_NOTIF,63980,DELIVERED,3000,"2025-10-03 18:25:28"
2025-10-03,3018382,230585,TIMWE_RENEWED_NOTIF,63980,DELIVERED,3000,"2025-10-03 18:25:36"
2025-10-03,3018382,230585,TIMWE_RENEWED_NOTIF,63980,DELIVERED,3000,"2025-10-03 18:25:36"
2025-10-03,3018386,207986,TIMWE_RENEWED_NOTIF,63980,DELIVERED,3000,"2025-10-03 18:25:40"
2025-10-03,3018386,207986,TIMWE_RENEWED_NOTIF,63980,DELIVERED,3000,"2025-10-03 18:25:40"
2025-10-03,3018386,207986,TIMWE_RENEWED_NOTIF,63980,DELIVERED,3000,"2025-10-03 18:25:40"
2025-10-03,3018407,207991,TIMWE_RENEWED_NOTIF,63980,DELIVERED,3000,"2025-10-03 18:29:49"
2025-10-03,3018407,207991,TIMWE_RENEWED_NOTIF,63980,DELIVERED,3000,"2025-10-03 18:29:49"
2025-10-03,3018407,207991,TIMWE_RENEWED_NOTIF,63980,DELIVERED,3000,"2025-10-03 18:29:49"
2025-10-03,3018414,214436,TIMWE_RENEWED_NOTIF,63980,DELIVERED,3000,"2025-10-03 18:31:07"
2025-10-03,3018414,214436,TIMWE_RENEWED_NOTIF,63980,DELIVERED,3000,"2025-10-03 18:31:07"
2025-10-03,3018431,226549,TIMWE_RENEWED_NOTIF,63980,DELIVERED,3000,"2025-10-03 18:33:14"
2025-10-03,3018431,226549,TIMWE_RENEWED_NOTIF,63980,DELIVERED,3000,"2025-10-03 18:33:14"
2025-10-03,3018436,208345,TIMWE_RENEWED_NOTIF,63980,DELIVERED,3000,"2025-10-03 18:33:33"
2025-10-03,3018436,208345,TIMWE_RENEWED_NOTIF,63980,DELIVERED,3000,"2025-10-03 18:33:33"
2025-10-03,3018443,204881,TIMWE_RENEWED_NOTIF,63980,DELIVERED,3000,"2025-10-03 18:34:35"
2025-10-03,3018443,204881,TIMWE_RENEWED_NOTIF,63980,DELIVERED,3000,"2025-10-03 18:34:35"
2025-10-03,3018443,204881,TIMWE_RENEWED_NOTIF,63980,DELIVERED,3000,"2025-10-03 18:34:35"
2025-10-03,3018443,204881,TIMWE_RENEWED_NOTIF,63980,DELIVERED,3000,"2025-10-03 18:34:35"
2025-10-03,3018443,204881,TIMWE_RENEWED_NOTIF,63980,DELIVERED,3000,"2025-10-03 18:34:35"
2025-10-03,3018445,210716,TIMWE_RENEWED_NOTIF,63980,DELIVERED,3000,"2025-10-03 18:34:41"
2025-10-03,3018445,210716,TIMWE_RENEWED_NOTIF,63980,DELIVERED,3000,"2025-10-03 18:34:41"
2025-10-03,3018445,210716,TIMWE_RENEWED_NOTIF,63980,DELIVERED,3000,"2025-10-03 18:34:41"
2025-10-03,3018445,210716,TIMWE_RENEWED_NOTIF,63980,DELIVERED,3000,"2025-10-03 18:34:41"
2025-10-03,3018497,213464,TIMWE_RENEWED_NOTIF,63980,DELIVERED,3000,"2025-10-03 18:49:46"
2025-10-03,3018497,213464,TIMWE_RENEWED_NOTIF,63980,DELIVERED,3000,"2025-10-03 18:49:46"
2025-10-03,3018497,213464,TIMWE_RENEWED_NOTIF,63980,DELIVERED,3000,"2025-10-03 18:49:46"
2025-10-03,3018887,204918,TIMWE_RENEWED_NOTIF,63980,DELIVERED,3000,"2025-10-03 19:45:20"
2025-10-03,3018887,204918,TIMWE_RENEWED_NOTIF,63980,DELIVERED,3000,"2025-10-03 19:45:20"
2025-10-03,3018893,213092,TIMWE_RENEWED_NOTIF,63980,DELIVERED,3000,"2025-10-03 19:46:10"
2025-10-03,3018893,213092,TIMWE_RENEWED_NOTIF,63980,DELIVERED,3000,"2025-10-03 19:46:10"
2025-10-03,3018901,218605,TIMWE_RENEWED_NOTIF,63980,DELIVERED,3000,"2025-10-03 19:48:10"
2025-10-03,3018901,218605,TIMWE_RENEWED_NOTIF,63980,DELIVERED,3000,"2025-10-03 19:48:10"
2025-10-03,3018907,222298,TIMWE_RENEWED_NOTIF,63980,DELIVERED,3000,"2025-10-03 19:49:01"
2025-10-03,3018907,222298,TIMWE_RENEWED_NOTIF,63980,DELIVERED,3000,"2025-10-03 19:49:01"
2025-10-03,3018909,237415,TIMWE_RENEWED_NOTIF,63980,DELIVERED,3000,"2025-10-03 19:49:11"
2025-10-03,3018909,237415,TIMWE_RENEWED_NOTIF,63980,DELIVERED,3000,"2025-10-03 19:49:11"
2025-10-03,3018921,239561,TIMWE_RENEWED_NOTIF,63980,DELIVERED,3000,"2025-10-03 19:51:25"
2025-10-03,3018921,239561,TIMWE_RENEWED_NOTIF,63980,DELIVERED,3000,"2025-10-03 19:51:25"
2025-10-03,3018939,227150,TIMWE_RENEWED_NOTIF,63980,DELIVERED,3000,"2025-10-03 19:54:55"
2025-10-03,3018939,227150,TIMWE_RENEWED_NOTIF,63980,DELIVERED,3000,"2025-10-03 19:54:55"
2025-10-03,3018939,227150,TIMWE_RENEWED_NOTIF,63980,DELIVERED,3000,"2025-10-03 19:54:55"
2025-10-03,3019175,221987,TIMWE_RENEWED_NOTIF,63980,DELIVERED,3000,"2025-10-03 20:30:00"
2025-10-03,3019175,221987,TIMWE_RENEWED_NOTIF,63980,DELIVERED,3000,"2025-10-03 20:30:00"
2025-10-03,3019192,221810,TIMWE_RENEWED_NOTIF,63980,DELIVERED,3000,"2025-10-03 20:33:23"
2025-10-03,3019192,221810,TIMWE_RENEWED_NOTIF,63980,DELIVERED,3000,"2025-10-03 20:33:23"
2025-10-03,3019192,221810,TIMWE_RENEWED_NOTIF,63980,DELIVERED,3000,"2025-10-03 20:33:23"
2025-10-03,3019192,221810,TIMWE_RENEWED_NOTIF,63980,DELIVERED,3000,"2025-10-03 20:33:23"
2025-10-03,3019192,221810,TIMWE_RENEWED_NOTIF,63980,DELIVERED,3000,"2025-10-03 20:33:23"
2025-10-03,3019197,239616,TIMWE_RENEWED_NOTIF,63980,DELIVERED,3000,"2025-10-03 20:33:55"
2025-10-03,3019197,239616,TIMWE_RENEWED_NOTIF,63980,DELIVERED,3000,"2025-10-03 20:33:55"
2025-10-03,3019197,239616,TIMWE_RENEWED_NOTIF,63980,DELIVERED,3000,"2025-10-03 20:33:55"
2025-10-03,3019199,217676,TIMWE_RENEWED_NOTIF,63980,DELIVERED,3000,"2025-10-03 20:34:02"
2025-10-03,3019199,217676,TIMWE_RENEWED_NOTIF,63980,DELIVERED,3000,"2025-10-03 20:34:02"
2025-10-03,3019208,221314,TIMWE_RENEWED_NOTIF,63980,DELIVERED,3000,"2025-10-03 20:35:48"
2025-10-03,3019208,221314,TIMWE_RENEWED_NOTIF,63980,DELIVERED,3000,"2025-10-03 20:35:48"
2025-10-03,3019208,221314,TIMWE_RENEWED_NOTIF,63980,DELIVERED,3000,"2025-10-03 20:35:48"
2025-10-03,3019232,207911,TIMWE_RENEWED_NOTIF,63980,DELIVERED,3000,"2025-10-03 20:38:42"
2025-10-03,3019232,207911,TIMWE_RENEWED_NOTIF,63980,DELIVERED,3000,"2025-10-03 20:38:42"
2025-10-03,3019232,207911,TIMWE_RENEWED_NOTIF,63980,DELIVERED,3000,"2025-10-03 20:38:42"
2025-10-03,3019232,207911,TIMWE_RENEWED_NOTIF,63980,DELIVERED,3000,"2025-10-03 20:38:42"
2025-10-03,3019232,207911,TIMWE_RENEWED_NOTIF,63980,DELIVERED,3000,"2025-10-03 20:38:42"
2025-10-03,3019244,216717,TIMWE_RENEWED_NOTIF,63980,DELIVERED,3000,"2025-10-03 20:40:04"
2025-10-03,3019244,216717,TIMWE_RENEWED_NOTIF,63980,DELIVERED,3000,"2025-10-03 20:40:04"
2025-10-03,3019246,222873,TIMWE_RENEWED_NOTIF,63980,DELIVERED,3000,"2025-10-03 20:40:07"
2025-10-03,3019246,222873,TIMWE_RENEWED_NOTIF,63980,DELIVERED,3000,"2025-10-03 20:40:07"
2025-10-03,3019252,228115,TIMWE_RENEWED_NOTIF,63980,DELIVERED,3000,"2025-10-03 20:40:23"
2025-10-03,3019252,228115,TIMWE_RENEWED_NOTIF,63980,DELIVERED,3000,"2025-10-03 20:40:23"
2025-10-03,3019252,228115,TIMWE_RENEWED_NOTIF,63980,DELIVERED,3000,"2025-10-03 20:40:23"
2025-10-03,3019252,228115,TIMWE_RENEWED_NOTIF,63980,DELIVERED,3000,"2025-10-03 20:40:23"
2025-10-03,3019252,228115,TIMWE_RENEWED_NOTIF,63980,DELIVERED,3000,"2025-10-03 20:40:23"
2025-10-03,3019256,213671,TIMWE_RENEWED_NOTIF,63980,DELIVERED,3000,"2025-10-03 20:40:41"
2025-10-03,3019256,213671,TIMWE_RENEWED_NOTIF,63980,DELIVERED,3000,"2025-10-03 20:40:41"
2025-10-03,3019256,213671,TIMWE_RENEWED_NOTIF,63980,DELIVERED,3000,"2025-10-03 20:40:41"
2025-10-03,3019256,213671,TIMWE_RENEWED_NOTIF,63980,DELIVERED,3000,"2025-10-03 20:40:41"
2025-10-03,3019256,213671,TIMWE_RENEWED_NOTIF,63980,DELIVERED,3000,"2025-10-03 20:40:41"
2025-10-03,3019259,239664,TIMWE_RENEWED_NOTIF,63980,DELIVERED,3000,"2025-10-03 20:41:15"
2025-10-03,3019259,239664,TIMWE_RENEWED_NOTIF,63980,DELIVERED,3000,"2025-10-03 20:41:15"
2025-10-03,3019261,221963,TIMWE_RENEWED_NOTIF,63980,DELIVERED,3000,"2025-10-03 20:41:48"
2025-10-03,3019261,221963,TIMWE_RENEWED_NOTIF,63980,DELIVERED,3000,"2025-10-03 20:41:48"
2025-10-03,3019261,221963,TIMWE_RENEWED_NOTIF,63980,DELIVERED,3000,"2025-10-03 20:41:48"
2025-10-03,3019263,227192,TIMWE_RENEWED_NOTIF,63980,DELIVERED,3000,"2025-10-03 20:41:50"
2025-10-03,3019263,227192,TIMWE_RENEWED_NOTIF,63980,DELIVERED,3000,"2025-10-03 20:41:50"
2025-10-03,3019268,237704,TIMWE_RENEWED_NOTIF,63980,DELIVERED,3000,"2025-10-03 20:42:19"
2025-10-03,3019268,237704,TIMWE_RENEWED_NOTIF,63980,DELIVERED,3000,"2025-10-03 20:42:19"
2025-10-03,3019268,237704,TIMWE_RENEWED_NOTIF,63980,DELIVERED,3000,"2025-10-03 20:42:19"
2025-10-03,3019268,237704,TIMWE_RENEWED_NOTIF,63980,DELIVERED,3000,"2025-10-03 20:42:19"
2025-10-03,3019268,237704,TIMWE_RENEWED_NOTIF,63980,DELIVERED,3000,"2025-10-03 20:42:19"
2025-10-03,3019273,235835,TIMWE_RENEWED_NOTIF,63980,DELIVERED,3000,"2025-10-03 20:43:23"
2025-10-03,3019273,235835,TIMWE_RENEWED_NOTIF,63980,DELIVERED,3000,"2025-10-03 20:43:23"
2025-10-03,3019273,235835,TIMWE_RENEWED_NOTIF,63980,DELIVERED,3000,"2025-10-03 20:43:23"
2025-10-03,3019275,221054,TIMWE_RENEWED_NOTIF,63980,DELIVERED,3000,"2025-10-03 20:44:15"
2025-10-03,3019275,221054,TIMWE_RENEWED_NOTIF,63980,DELIVERED,3000,"2025-10-03 20:44:15"
2025-10-03,3019277,210524,TIMWE_RENEWED_NOTIF,63980,DELIVERED,3000,"2025-10-03 20:45:18"
2025-10-03,3019277,210524,TIMWE_RENEWED_NOTIF,63980,DELIVERED,3000,"2025-10-03 20:45:18"
2025-10-03,3019277,210524,TIMWE_RENEWED_NOTIF,63980,DELIVERED,3000,"2025-10-03 20:45:18"
2025-10-03,3019277,210524,TIMWE_RENEWED_NOTIF,63980,DELIVERED,3000,"2025-10-03 20:45:18"
2025-10-03,3019277,210524,TIMWE_RENEWED_NOTIF,63980,DELIVERED,3000,"2025-10-03 20:45:18"
2025-10-03,3019290,224462,TIMWE_RENEWED_NOTIF,63980,DELIVERED,3000,"2025-10-03 20:48:35"
2025-10-03,3019290,224462,TIMWE_RENEWED_NOTIF,63980,DELIVERED,3000,"2025-10-03 20:48:35"
2025-10-03,3019292,223659,TIMWE_RENEWED_NOTIF,63980,DELIVERED,3000,"2025-10-03 20:49:10"
2025-10-03,3019292,223659,TIMWE_RENEWED_NOTIF,63980,DELIVERED,3000,"2025-10-03 20:49:10"
2025-10-03,3019388,228033,TIMWE_RENEWED_NOTIF,63980,DELIVERED,3000,"2025-10-03 21:24:07"
2025-10-03,3019388,228033,TIMWE_RENEWED_NOTIF,63980,DELIVERED,3000,"2025-10-03 21:24:07"
2025-10-03,3019451,186123,TIMWE_RENEWED_NOTIF,63980,DELIVERED,3000,"2025-10-03 21:26:30"
2025-10-03,3019451,186123,TIMWE_RENEWED_NOTIF,63980,DELIVERED,3000,"2025-10-03 21:26:30"
2025-10-03,3019451,186123,TIMWE_RENEWED_NOTIF,63980,DELIVERED,3000,"2025-10-03 21:26:30"
2025-10-03,3019493,208325,TIMWE_RENEWED_NOTIF,63980,DELIVERED,3000,"2025-10-03 21:27:30"
2025-10-03,3019493,208325,TIMWE_RENEWED_NOTIF,63980,DELIVERED,3000,"2025-10-03 21:27:30"
2025-10-03,3019721,178228,TIMWE_RENEWED_NOTIF,63980,DELIVERED,3000,"2025-10-03 21:30:27"
2025-10-03,3019721,178228,TIMWE_RENEWED_NOTIF,63980,DELIVERED,3000,"2025-10-03 21:30:27"
2025-10-03,3019721,178228,TIMWE_RENEWED_NOTIF,63980,DELIVERED,3000,"2025-10-03 21:30:27"
2025-10-03,3019721,178228,TIMWE_RENEWED_NOTIF,63980,DELIVERED,3000,"2025-10-03 21:30:27"
2025-10-03,3019721,178228,TIMWE_RENEWED_NOTIF,63980,DELIVERED,3000,"2025-10-03 21:30:27"
2025-10-03,3019721,178228,TIMWE_RENEWED_NOTIF,63980,DELIVERED,3000,"2025-10-03 21:30:27"
2025-10-03,3019721,178228,TIMWE_RENEWED_NOTIF,63980,DELIVERED,3000,"2025-10-03 21:30:27"
2025-10-03,3019821,209982,TIMWE_RENEWED_NOTIF,63980,DELIVERED,3000,"2025-10-03 21:30:56"
2025-10-03,3019821,209982,TIMWE_RENEWED_NOTIF,63980,DELIVERED,3000,"2025-10-03 21:30:56"
2025-10-03,3019917,209445,TIMWE_RENEWED_NOTIF,63980,DELIVERED,3000,"2025-10-03 21:32:03"
2025-10-03,3019917,209445,TIMWE_RENEWED_NOTIF,63980,DELIVERED,3000,"2025-10-03 21:32:03"
2025-10-03,3020560,218045,TIMWE_RENEWED_NOTIF,63980,DELIVERED,3000,"2025-10-03 21:37:50"
2025-10-03,3020560,218045,TIMWE_RENEWED_NOTIF,63980,DELIVERED,3000,"2025-10-03 21:37:50"
2025-10-03,3020793,216505,TIMWE_RENEWED_NOTIF,63980,DELIVERED,3000,"2025-10-03 21:39:52"
2025-10-03,3020793,216505,TIMWE_RENEWED_NOTIF,63980,DELIVERED,3000,"2025-10-03 21:39:52"
2025-10-03,3020793,216505,TIMWE_RENEWED_NOTIF,63980,DELIVERED,3000,"2025-10-03 21:39:52"
2025-10-03,3020793,216505,TIMWE_RENEWED_NOTIF,63980,DELIVERED,3000,"2025-10-03 21:39:52"
2025-10-03,3021028,206817,TIMWE_RENEWED_NOTIF,63980,DELIVERED,3000,"2025-10-03 21:42:56"
2025-10-03,3021028,206817,TIMWE_RENEWED_NOTIF,63980,DELIVERED,3000,"2025-10-03 21:42:56"
2025-10-03,3022809,207256,TIMWE_RENEWED_NOTIF,63980,DELIVERED,3000,"2025-10-03 22:05:59"
2025-10-03,3022809,207256,TIMWE_RENEWED_NOTIF,63980,DELIVERED,3000,"2025-10-03 22:05:59"
2025-10-03,3022809,207256,TIMWE_RENEWED_NOTIF,63980,DELIVERED,3000,"2025-10-03 22:05:59"
2025-10-03,3023693,228194,TIMWE_RENEWED_NOTIF,63980,DELIVERED,3000,"2025-10-03 22:14:13"
2025-10-03,3023693,228194,TIMWE_RENEWED_NOTIF,63980,DELIVERED,3000,"2025-10-03 22:14:13"
2025-10-03,3024278,219633,TIMWE_RENEWED_NOTIF,63980,DELIVERED,3000,"2025-10-03 22:37:17"
2025-10-03,3024278,219633,TIMWE_RENEWED_NOTIF,63980,DELIVERED,3000,"2025-10-03 22:37:17"
2025-10-03,3024302,224513,TIMWE_RENEWED_NOTIF,63980,DELIVERED,3000,"2025-10-03 22:42:23"
2025-10-03,3024302,224513,TIMWE_RENEWED_NOTIF,63980,DELIVERED,3000,"2025-10-03 22:42:23"
2025-10-03,3024302,224513,TIMWE_RENEWED_NOTIF,63980,DELIVERED,3000,"2025-10-03 22:42:23"
2025-10-03,3024302,224513,TIMWE_RENEWED_NOTIF,63980,DELIVERED,3000,"2025-10-03 22:42:23"
2025-10-03,3024304,215446,TIMWE_RENEWED_NOTIF,63980,DELIVERED,3000,"2025-10-03 22:42:25"
2025-10-03,3024304,215446,TIMWE_RENEWED_NOTIF,63980,DELIVERED,3000,"2025-10-03 22:42:25"
2025-10-03,3024345,217640,TIMWE_RENEWED_NOTIF,63980,DELIVERED,3000,"2025-10-03 22:54:44"
2025-10-03,3024345,217640,TIMWE_RENEWED_NOTIF,63980,DELIVERED,3000,"2025-10-03 22:54:44"
2025-10-03,3024345,217640,TIMWE_RENEWED_NOTIF,63980,DELIVERED,3000,"2025-10-03 22:54:44"
2025-10-03,3024345,217640,TIMWE_RENEWED_NOTIF,63980,DELIVERED,3000,"2025-10-03 22:54:44"
2025-10-03,3024345,217640,TIMWE_RENEWED_NOTIF,63980,DELIVERED,3000,"2025-10-03 22:54:44"
2025-10-03,3024355,236241,TIMWE_RENEWED_NOTIF,63980,DELIVERED,3000,"2025-10-03 22:55:32"
2025-10-03,3024355,236241,TIMWE_RENEWED_NOTIF,63980,DELIVERED,3000,"2025-10-03 22:55:32"
2025-10-03,3024357,205015,TIMWE_RENEWED_NOTIF,63980,DELIVERED,3000,"2025-10-03 22:56:00"
2025-10-03,3024357,205015,TIMWE_RENEWED_NOTIF,63980,DELIVERED,3000,"2025-10-03 22:56:00"
2025-10-03,3024427,214514,TIMWE_RENEWED_NOTIF,63980,DELIVERED,3000,"2025-10-03 23:12:30"
2025-10-03,3024427,214514,TIMWE_RENEWED_NOTIF,63980,DELIVERED,3000,"2025-10-03 23:12:30"
2025-10-03,3024427,214514,TIMWE_RENEWED_NOTIF,63980,DELIVERED,3000,"2025-10-03 23:12:30"
2025-10-03,3024427,214514,TIMWE_RENEWED_NOTIF,63980,DELIVERED,3000,"2025-10-03 23:12:30"
2025-10-03,3024427,214514,TIMWE_RENEWED_NOTIF,63980,DELIVERED,3000,"2025-10-03 23:12:30"
2025-10-03,3024498,227920,TIMWE_RENEWED_NOTIF,63980,DELIVERED,3000,"2025-10-03 23:19:32"
2025-10-03,3024498,227920,TIMWE_RENEWED_NOTIF,63980,DELIVERED,3000,"2025-10-03 23:19:32"
2025-10-03,3024498,227920,TIMWE_RENEWED_NOTIF,63980,DELIVERED,3000,"2025-10-03 23:19:32"
2025-10-03,3024498,227920,TIMWE_RENEWED_NOTIF,63980,DELIVERED,3000,"2025-10-03 23:19:32"
2025-10-03,3024498,227920,TIMWE_RENEWED_NOTIF,63980,DELIVERED,3000,"2025-10-03 23:19:32"
2025-10-04,3024815,188390,TIMWE_RENEWED_NOTIF,63980,DELIVERED,3000,"2025-10-04 05:01:39"
2025-10-04,3024815,188390,TIMWE_RENEWED_NOTIF,63980,DELIVERED,3000,"2025-10-04 05:01:39"
2025-10-04,3024815,188390,TIMWE_RENEWED_NOTIF,63980,DELIVERED,3000,"2025-10-04 05:01:39"
2025-10-04,3024815,188390,TIMWE_RENEWED_NOTIF,63980,DELIVERED,3000,"2025-10-04 05:01:39"
2025-10-04,3024815,188390,TIMWE_RENEWED_NOTIF,63980,DELIVERED,3000,"2025-10-04 05:01:39"
2025-10-04,3024815,188390,TIMWE_RENEWED_NOTIF,63980,DELIVERED,3000,"2025-10-04 05:01:39"
2025-10-04,3024817,214513,TIMWE_RENEWED_NOTIF,63980,DELIVERED,3000,"2025-10-04 05:02:50"
2025-10-04,3024817,214513,TIMWE_RENEWED_NOTIF,63980,DELIVERED,3000,"2025-10-04 05:02:50"
2025-10-04,3024817,214513,TIMWE_RENEWED_NOTIF,63980,DELIVERED,3000,"2025-10-04 05:02:50"
2025-10-04,3024817,214513,TIMWE_RENEWED_NOTIF,63980,DELIVERED,3000,"2025-10-04 05:02:50"
2025-10-04,3024819,172524,TIMWE_RENEWED_NOTIF,63980,DELIVERED,3000,"2025-10-04 05:03:14"
2025-10-04,3024819,172524,TIMWE_RENEWED_NOTIF,63980,DELIVERED,3000,"2025-10-04 05:03:14"
2025-10-04,3024819,172524,TIMWE_RENEWED_NOTIF,63980,DELIVERED,3000,"2025-10-04 05:03:14"
2025-10-04,3024819,172524,TIMWE_RENEWED_NOTIF,63980,DELIVERED,3000,"2025-10-04 05:03:14"
2025-10-04,3024819,172524,TIMWE_RENEWED_NOTIF,63980,DELIVERED,3000,"2025-10-04 05:03:14"
2025-10-04,3024821,188339,TIMWE_RENEWED_NOTIF,63980,DELIVERED,3000,"2025-10-04 05:03:15"
2025-10-04,3024821,188339,TIMWE_RENEWED_NOTIF,63980,DELIVERED,3000,"2025-10-04 05:03:15"
2025-10-04,3024821,188339,TIMWE_RENEWED_NOTIF,63980,DELIVERED,3000,"2025-10-04 05:03:15"
2025-10-04,3024823,213094,TIMWE_RENEWED_NOTIF,63980,DELIVERED,3000,"2025-10-04 05:03:19"
2025-10-04,3024823,213094,TIMWE_RENEWED_NOTIF,63980,DELIVERED,3000,"2025-10-04 05:03:19"
2025-10-04,3024825,205976,TIMWE_RENEWED_NOTIF,63980,DELIVERED,3000,"2025-10-04 05:06:38"
2025-10-04,3024825,205976,TIMWE_RENEWED_NOTIF,63980,DELIVERED,3000,"2025-10-04 05:06:38"
2025-10-04,3024825,205976,TIMWE_RENEWED_NOTIF,63980,DELIVERED,3000,"2025-10-04 05:06:38"
2025-10-04,3024827,209110,TIMWE_RENEWED_NOTIF,63980,DELIVERED,3000,"2025-10-04 05:07:33"
2025-10-04,3024827,209110,TIMWE_RENEWED_NOTIF,63980,DELIVERED,3000,"2025-10-04 05:07:33"
2025-10-04,3024829,216357,TIMWE_RENEWED_NOTIF,63980,DELIVERED,3000,"2025-10-04 05:07:33"
2025-10-04,3024829,216357,TIMWE_RENEWED_NOTIF,63980,DELIVERED,3000,"2025-10-04 05:07:33"
2025-10-04,3024831,207937,TIMWE_RENEWED_NOTIF,63980,DELIVERED,3000,"2025-10-04 05:09:16"
2025-10-04,3024831,207937,TIMWE_RENEWED_NOTIF,63980,DELIVERED,3000,"2025-10-04 05:09:16"
2025-10-04,3024831,207937,TIMWE_RENEWED_NOTIF,63980,DELIVERED,3000,"2025-10-04 05:09:16"
2025-10-04,3024837,210835,TIMWE_RENEWED_NOTIF,63980,DELIVERED,3000,"2025-10-04 05:12:02"
2025-10-04,3024837,210835,TIMWE_RENEWED_NOTIF,63980,DELIVERED,3000,"2025-10-04 05:12:02"
2025-10-04,3024841,188440,TIMWE_RENEWED_NOTIF,63980,DELIVERED,3000,"2025-10-04 05:13:03"
2025-10-04,3024841,188440,TIMWE_RENEWED_NOTIF,63980,DELIVERED,3000,"2025-10-04 05:13:03"
2025-10-04,3024841,188440,TIMWE_RENEWED_NOTIF,63980,DELIVERED,3000,"2025-10-04 05:13:03"
2025-10-04,3024841,188440,TIMWE_RENEWED_NOTIF,63980,DELIVERED,3000,"2025-10-04 05:13:03"
2025-10-04,3024841,188440,TIMWE_RENEWED_NOTIF,63980,DELIVERED,3000,"2025-10-04 05:13:03"
2025-10-04,3024841,188440,TIMWE_RENEWED_NOTIF,63980,DELIVERED,3000,"2025-10-04 05:13:03"
2025-10-04,3024843,221114,TIMWE_RENEWED_NOTIF,63980,DELIVERED,3000,"2025-10-04 05:15:04"
2025-10-04,3024843,221114,TIMWE_RENEWED_NOTIF,63980,DELIVERED,3000,"2025-10-04 05:15:04"
2025-10-04,3024845,211095,TIMWE_RENEWED_NOTIF,63980,DELIVERED,3000,"2025-10-04 05:15:21"
2025-10-04,3024845,211095,TIMWE_RENEWED_NOTIF,63980,DELIVERED,3000,"2025-10-04 05:15:21"
2025-10-04,3024847,217762,TIMWE_RENEWED_NOTIF,63980,DELIVERED,3000,"2025-10-04 05:15:26"
2025-10-04,3024847,217762,TIMWE_RENEWED_NOTIF,63980,DELIVERED,3000,"2025-10-04 05:15:26"
2025-10-04,3024849,216690,TIMWE_RENEWED_NOTIF,63980,DELIVERED,3000,"2025-10-04 05:15:34"
2025-10-04,3024849,216690,TIMWE_RENEWED_NOTIF,63980,DELIVERED,3000,"2025-10-04 05:15:34"
2025-10-04,3024851,215364,TIMWE_RENEWED_NOTIF,63980,DELIVERED,3000,"2025-10-04 05:15:49"
2025-10-04,3024851,215364,TIMWE_RENEWED_NOTIF,63980,DELIVERED,3000,"2025-10-04 05:15:49"
2025-10-04,3024851,215364,TIMWE_RENEWED_NOTIF,63980,DELIVERED,3000,"2025-10-04 05:15:49"
2025-10-04,3024853,216715,TIMWE_RENEWED_NOTIF,63980,DELIVERED,3000,"2025-10-04 05:15:55"
2025-10-04,3024853,216715,TIMWE_RENEWED_NOTIF,63980,DELIVERED,3000,"2025-10-04 05:15:55"
2025-10-04,3024855,216772,TIMWE_RENEWED_NOTIF,63980,DELIVERED,3000,"2025-10-04 05:16:50"
2025-10-04,3024855,216772,TIMWE_RENEWED_NOTIF,63980,DELIVERED,3000,"2025-10-04 05:16:50"
2025-10-04,3024857,229669,TIMWE_RENEWED_NOTIF,63980,DELIVERED,3000,"2025-10-04 05:16:52"
2025-10-04,3024857,229669,TIMWE_RENEWED_NOTIF,63980,DELIVERED,3000,"2025-10-04 05:16:52"
2025-10-04,3024857,229669,TIMWE_RENEWED_NOTIF,63980,DELIVERED,3000,"2025-10-04 05:16:52"
2025-10-04,3024857,229669,TIMWE_RENEWED_NOTIF,63980,DELIVERED,3000,"2025-10-04 05:16:52"
2025-10-04,3024861,235714,TIMWE_RENEWED_NOTIF,63980,DELIVERED,3000,"2025-10-04 05:17:50"
2025-10-04,3024861,235714,TIMWE_RENEWED_NOTIF,63980,DELIVERED,3000,"2025-10-04 05:17:50"
2025-10-04,3024865,220617,TIMWE_RENEWED_NOTIF,63980,DELIVERED,3000,"2025-10-04 05:19:26"
2025-10-04,3024865,220617,TIMWE_RENEWED_NOTIF,63980,DELIVERED,3000,"2025-10-04 05:19:26"
2025-10-04,3024865,220617,TIMWE_RENEWED_NOTIF,63980,DELIVERED,3000,"2025-10-04 05:19:26"
2025-10-04,3024867,231873,TIMWE_RENEWED_NOTIF,63980,DELIVERED,3000,"2025-10-04 05:19:48"
2025-10-04,3024867,231873,TIMWE_RENEWED_NOTIF,63980,DELIVERED,3000,"2025-10-04 05:19:48"
2025-10-04,3024869,223988,TIMWE_RENEWED_NOTIF,63980,DELIVERED,3000,"2025-10-04 05:20:20"
2025-10-04,3024869,223988,TIMWE_RENEWED_NOTIF,63980,DELIVERED,3000,"2025-10-04 05:20:20"
2025-10-04,3024869,223988,TIMWE_RENEWED_NOTIF,63980,DELIVERED,3000,"2025-10-04 05:20:20"
2025-10-04,3024869,223988,TIMWE_RENEWED_NOTIF,63980,DELIVERED,3000,"2025-10-04 05:20:20"
2025-10-04,3024869,223988,TIMWE_RENEWED_NOTIF,63980,DELIVERED,3000,"2025-10-04 05:20:20"
2025-10-04,3024871,224154,TIMWE_RENEWED_NOTIF,63980,DELIVERED,3000,"2025-10-04 05:20:33"
2025-10-04,3024871,224154,TIMWE_RENEWED_NOTIF,63980,DELIVERED,3000,"2025-10-04 05:20:33"
2025-10-04,3024871,224154,TIMWE_RENEWED_NOTIF,63980,DELIVERED,3000,"2025-10-04 05:20:33"
2025-10-04,3024871,224154,TIMWE_RENEWED_NOTIF,63980,DELIVERED,3000,"2025-10-04 05:20:33"
2025-10-04,3024871,224154,TIMWE_RENEWED_NOTIF,63980,DELIVERED,3000,"2025-10-04 05:20:33"
2025-10-04,3024873,239729,TIMWE_RENEWED_NOTIF,63980,DELIVERED,3000,"2025-10-04 05:21:28"
2025-10-04,3024873,239729,TIMWE_RENEWED_NOTIF,63980,DELIVERED,3000,"2025-10-04 05:21:28"
2025-10-04,3024873,239729,TIMWE_RENEWED_NOTIF,63980,DELIVERED,3000,"2025-10-04 05:21:28"
2025-10-04,3024873,239729,TIMWE_RENEWED_NOTIF,63980,DELIVERED,3000,"2025-10-04 05:21:28"
2025-10-04,3024875,228575,TIMWE_RENEWED_NOTIF,63980,DELIVERED,3000,"2025-10-04 05:21:29"
2025-10-04,3024875,228575,TIMWE_RENEWED_NOTIF,63980,DELIVERED,3000,"2025-10-04 05:21:29"
2025-10-04,3024875,228575,TIMWE_RENEWED_NOTIF,63980,DELIVERED,3000,"2025-10-04 05:21:29"
2025-10-04,3024875,228575,TIMWE_RENEWED_NOTIF,63980,DELIVERED,3000,"2025-10-04 05:21:29"
2025-10-04,3024875,228575,TIMWE_RENEWED_NOTIF,63980,DELIVERED,3000,"2025-10-04 05:21:29"
2025-10-04,3024875,228575,TIMWE_RENEWED_NOTIF,63980,DELIVERED,3000,"2025-10-04 05:21:29"
2025-10-04,3024877,228594,TIMWE_RENEWED_NOTIF,63980,DELIVERED,3000,"2025-10-04 05:21:43"
2025-10-04,3024877,228594,TIMWE_RENEWED_NOTIF,63980,DELIVERED,3000,"2025-10-04 05:21:43"
2025-10-04,3024877,228594,TIMWE_RENEWED_NOTIF,63980,DELIVERED,3000,"2025-10-04 05:21:43"
2025-10-04,3024879,239885,TIMWE_RENEWED_NOTIF,63980,DELIVERED,3000,"2025-10-04 05:21:47"
2025-10-04,3024879,239885,TIMWE_RENEWED_NOTIF,63980,DELIVERED,3000,"2025-10-04 05:21:47"
2025-10-04,3024881,228692,TIMWE_RENEWED_NOTIF,63980,DELIVERED,3000,"2025-10-04 05:21:54"
2025-10-04,3024881,228692,TIMWE_RENEWED_NOTIF,63980,DELIVERED,3000,"2025-10-04 05:21:54"
2025-10-04,3024881,228692,TIMWE_RENEWED_NOTIF,63980,DELIVERED,3000,"2025-10-04 05:21:54"
2025-10-04,3024883,222978,TIMWE_RENEWED_NOTIF,63980,DELIVERED,3000,"2025-10-04 05:22:14"
2025-10-04,3024883,222978,TIMWE_RENEWED_NOTIF,63980,DELIVERED,3000,"2025-10-04 05:22:14"
2025-10-04,3024885,224928,TIMWE_RENEWED_NOTIF,63980,DELIVERED,3000,"2025-10-04 05:22:38"
2025-10-04,3024885,224928,TIMWE_RENEWED_NOTIF,63980,DELIVERED,3000,"2025-10-04 05:22:38"
2025-10-04,3024887,239779,TIMWE_RENEWED_NOTIF,63980,DELIVERED,3000,"2025-10-04 05:22:39"
2025-10-04,3024887,239779,TIMWE_RENEWED_NOTIF,63980,DELIVERED,3000,"2025-10-04 05:22:39"
2025-10-04,3024889,228621,TIMWE_RENEWED_NOTIF,63980,DELIVERED,3000,"2025-10-04 05:24:02"
2025-10-04,3024889,228621,TIMWE_RENEWED_NOTIF,63980,DELIVERED,3000,"2025-10-04 05:24:02"
2025-10-04,3024889,228621,TIMWE_RENEWED_NOTIF,63980,DELIVERED,3000,"2025-10-04 05:24:02"
2025-10-04,3024889,228621,TIMWE_RENEWED_NOTIF,63980,DELIVERED,3000,"2025-10-04 05:24:02"
2025-10-04,3024889,228621,TIMWE_RENEWED_NOTIF,63980,DELIVERED,3000,"2025-10-04 05:24:02"
2025-10-04,3024891,219543,TIMWE_RENEWED_NOTIF,63980,DELIVERED,3000,"2025-10-04 05:24:33"
2025-10-04,3024891,219543,TIMWE_RENEWED_NOTIF,63980,DELIVERED,3000,"2025-10-04 05:24:33"
2025-10-04,3024893,228788,TIMWE_RENEWED_NOTIF,63980,DELIVERED,3000,"2025-10-04 05:24:33"
2025-10-04,3024893,228788,TIMWE_RENEWED_NOTIF,63980,DELIVERED,3000,"2025-10-04 05:24:33"
2025-10-04,3024893,228788,TIMWE_RENEWED_NOTIF,63980,DELIVERED,3000,"2025-10-04 05:24:33"
2025-10-04,3024893,228788,TIMWE_RENEWED_NOTIF,63980,DELIVERED,3000,"2025-10-04 05:24:33"
2025-10-04,3024893,228788,TIMWE_RENEWED_NOTIF,63980,DELIVERED,3000,"2025-10-04 05:24:33"
2025-10-04,3024893,228788,TIMWE_RENEWED_NOTIF,63980,DELIVERED,3000,"2025-10-04 05:24:33"
2025-10-04,3024895,223464,TIMWE_RENEWED_NOTIF,63980,DELIVERED,3000,"2025-10-04 05:25:05"
2025-10-04,3024895,223464,TIMWE_RENEWED_NOTIF,63980,DELIVERED,3000,"2025-10-04 05:25:05"
2025-10-04,3024895,223464,TIMWE_RENEWED_NOTIF,63980,DELIVERED,3000,"2025-10-04 05:25:05"
2025-10-04,3024895,223464,TIMWE_RENEWED_NOTIF,63980,DELIVERED,3000,"2025-10-04 05:25:05"
2025-10-04,3024899,223555,TIMWE_RENEWED_NOTIF,63980,DELIVERED,3000,"2025-10-04 05:27:51"
2025-10-04,3024899,223555,TIMWE_RENEWED_NOTIF,63980,DELIVERED,3000,"2025-10-04 05:27:51"
2025-10-04,3024901,239680,TIMWE_RENEWED_NOTIF,63980,DELIVERED,3000,"2025-10-04 05:31:28"
2025-10-04,3024901,239680,TIMWE_RENEWED_NOTIF,63980,DELIVERED,3000,"2025-10-04 05:31:28"
2025-10-04,3024903,239736,TIMWE_RENEWED_NOTIF,63980,DELIVERED,3000,"2025-10-04 05:31:39"
2025-10-04,3024903,239736,TIMWE_RENEWED_NOTIF,63980,DELIVERED,3000,"2025-10-04 05:31:39"
2025-10-04,3024903,239736,TIMWE_RENEWED_NOTIF,63980,DELIVERED,3000,"2025-10-04 05:31:39"
2025-10-04,3024903,239736,TIMWE_RENEWED_NOTIF,63980,DELIVERED,3000,"2025-10-04 05:31:39"
2025-10-04,3024905,239675,TIMWE_RENEWED_NOTIF,63980,DELIVERED,3000,"2025-10-04 05:32:01"
2025-10-04,3024905,239675,TIMWE_RENEWED_NOTIF,63980,DELIVERED,3000,"2025-10-04 05:32:01"
2025-10-04,3024905,239675,TIMWE_RENEWED_NOTIF,63980,DELIVERED,3000,"2025-10-04 05:32:01"
2025-10-04,3024905,239675,TIMWE_RENEWED_NOTIF,63980,DELIVERED,3000,"2025-10-04 05:32:01"
2025-10-04,3024905,239675,TIMWE_RENEWED_NOTIF,63980,DELIVERED,3000,"2025-10-04 05:32:01"
2025-10-04,3024907,239867,TIMWE_RENEWED_NOTIF,63980,DELIVERED,3000,"2025-10-04 05:32:20"
2025-10-04,3024907,239867,TIMWE_RENEWED_NOTIF,63980,DELIVERED,3000,"2025-10-04 05:32:20"
2025-10-04,3024907,239867,TIMWE_RENEWED_NOTIF,63980,DELIVERED,3000,"2025-10-04 05:32:20"
2025-10-04,3024907,239867,TIMWE_RENEWED_NOTIF,63980,DELIVERED,3000,"2025-10-04 05:32:20"
2025-10-04,3024909,221884,TIMWE_RENEWED_NOTIF,63980,DELIVERED,3000,"2025-10-04 05:32:32"
2025-10-04,3024909,221884,TIMWE_RENEWED_NOTIF,63980,DELIVERED,3000,"2025-10-04 05:32:32"
2025-10-04,3024911,239904,TIMWE_RENEWED_NOTIF,63980,DELIVERED,3000,"2025-10-04 05:32:54"
2025-10-04,3024911,239904,TIMWE_RENEWED_NOTIF,63980,DELIVERED,3000,"2025-10-04 05:32:54"
2025-10-04,3024911,239904,TIMWE_RENEWED_NOTIF,63980,DELIVERED,3000,"2025-10-04 05:32:54"
2025-10-04,3024913,239791,TIMWE_RENEWED_NOTIF,63980,DELIVERED,3000,"2025-10-04 05:33:18"
2025-10-04,3024913,239791,TIMWE_RENEWED_NOTIF,63980,DELIVERED,3000,"2025-10-04 05:33:18"
2025-10-04,3024915,239926,TIMWE_RENEWED_NOTIF,63980,DELIVERED,3000,"2025-10-04 05:33:25"
2025-10-04,3024915,239926,TIMWE_RENEWED_NOTIF,63980,DELIVERED,3000,"2025-10-04 05:33:25"
2025-10-04,3024917,239769,TIMWE_RENEWED_NOTIF,63980,DELIVERED,3000,"2025-10-04 05:34:00"
2025-10-04,3024917,239769,TIMWE_RENEWED_NOTIF,63980,DELIVERED,3000,"2025-10-04 05:34:00"
2025-10-04,3024919,235171,TIMWE_RENEWED_NOTIF,63980,DELIVERED,3000,"2025-10-04 05:34:45"
2025-10-04,3024919,235171,TIMWE_RENEWED_NOTIF,63980,DELIVERED,3000,"2025-10-04 05:34:45"
2025-10-04,3026193,187405,TIMWE_RENEWED_NOTIF,63980,DELIVERED,3000,"2025-10-04 08:38:48"
2025-10-04,3026193,187405,TIMWE_RENEWED_NOTIF,63980,DELIVERED,3000,"2025-10-04 08:38:48"
2025-10-04,3026193,187405,TIMWE_RENEWED_NOTIF,63980,DELIVERED,3000,"2025-10-04 08:38:48"
2025-10-04,3026197,220475,TIMWE_RENEWED_NOTIF,63980,DELIVERED,3000,"2025-10-04 08:44:16"
2025-10-04,3026197,220475,TIMWE_RENEWED_NOTIF,63980,DELIVERED,3000,"2025-10-04 08:44:16"
2025-10-04,3026199,204577,TIMWE_RENEWED_NOTIF,63980,DELIVERED,3000,"2025-10-04 08:47:56"
2025-10-04,3026199,204577,TIMWE_RENEWED_NOTIF,63980,DELIVERED,3000,"2025-10-04 08:47:56"
2025-10-04,3026212,215073,TIMWE_RENEWED_NOTIF,63980,DELIVERED,3000,"2025-10-04 08:56:13"
2025-10-04,3026212,215073,TIMWE_RENEWED_NOTIF,63980,DELIVERED,3000,"2025-10-04 08:56:13"
2025-10-04,3026212,215073,TIMWE_RENEWED_NOTIF,63980,DELIVERED,3000,"2025-10-04 08:56:13"
2025-10-04,3026212,215073,TIMWE_RENEWED_NOTIF,63980,DELIVERED,3000,"2025-10-04 08:56:13"
2025-10-04,3026212,215073,TIMWE_RENEWED_NOTIF,63980,DELIVERED,3000,"2025-10-04 08:56:13"
2025-10-04,3026214,220021,TIMWE_RENEWED_NOTIF,63980,DELIVERED,3000,"2025-10-04 09:03:41"
2025-10-04,3026214,220021,TIMWE_RENEWED_NOTIF,63980,DELIVERED,3000,"2025-10-04 09:03:41"
2025-10-04,3026216,227352,TIMWE_RENEWED_NOTIF,63980,DELIVERED,3000,"2025-10-04 09:12:10"
2025-10-04,3026216,227352,TIMWE_RENEWED_NOTIF,63980,DELIVERED,3000,"2025-10-04 09:12:10"
2025-10-04,3026216,227352,TIMWE_RENEWED_NOTIF,63980,DELIVERED,3000,"2025-10-04 09:12:10"
2025-10-04,3026216,227352,TIMWE_RENEWED_NOTIF,63980,DELIVERED,3000,"2025-10-04 09:12:10"
2025-10-04,3026216,227352,TIMWE_RENEWED_NOTIF,63980,DELIVERED,3000,"2025-10-04 09:12:10"
2025-10-04,3026265,228772,TIMWE_RENEWED_NOTIF,63980,DELIVERED,3000,"2025-10-04 09:44:00"
2025-10-04,3026265,228772,TIMWE_RENEWED_NOTIF,63980,DELIVERED,3000,"2025-10-04 09:44:00"
2025-10-04,3026265,228772,TIMWE_RENEWED_NOTIF,63980,DELIVERED,3000,"2025-10-04 09:44:00"
2025-10-04,3026265,228772,TIMWE_RENEWED_NOTIF,63980,DELIVERED,3000,"2025-10-04 09:44:00"
2025-10-04,3026295,238383,TIMWE_RENEWED_NOTIF,63980,DELIVERED,3000,"2025-10-04 10:00:02"
2025-10-04,3026295,238383,TIMWE_RENEWED_NOTIF,63980,DELIVERED,3000,"2025-10-04 10:00:02"
2025-10-04,3026314,226342,TIMWE_RENEWED_NOTIF,63980,DELIVERED,3000,"2025-10-04 10:09:36"
2025-10-04,3026314,226342,TIMWE_RENEWED_NOTIF,63980,DELIVERED,3000,"2025-10-04 10:09:36"
2025-10-04,3026314,226342,TIMWE_RENEWED_NOTIF,63980,DELIVERED,3000,"2025-10-04 10:09:36"
2025-10-04,3026314,226342,TIMWE_RENEWED_NOTIF,63980,DELIVERED,3000,"2025-10-04 10:09:36"
2025-10-04,3026314,226342,TIMWE_RENEWED_NOTIF,63980,DELIVERED,3000,"2025-10-04 10:09:36"
2025-10-04,3026354,209633,TIMWE_RENEWED_NOTIF,63980,DELIVERED,3000,"2025-10-04 10:21:40"
2025-10-04,3026354,209633,TIMWE_RENEWED_NOTIF,63980,DELIVERED,3000,"2025-10-04 10:21:40"
2025-10-04,3026354,209633,TIMWE_RENEWED_NOTIF,63980,DELIVERED,3000,"2025-10-04 10:21:40"
2025-10-04,3026356,218017,TIMWE_RENEWED_NOTIF,63980,DELIVERED,3000,"2025-10-04 10:21:48"
2025-10-04,3026356,218017,TIMWE_RENEWED_NOTIF,63980,DELIVERED,3000,"2025-10-04 10:21:48"
2025-10-04,3026366,223359,TIMWE_RENEWED_NOTIF,63980,DELIVERED,3000,"2025-10-04 10:36:27"
2025-10-04,3026366,223359,TIMWE_RENEWED_NOTIF,63980,DELIVERED,3000,"2025-10-04 10:36:27"
2025-10-04,3026366,223359,TIMWE_RENEWED_NOTIF,63980,DELIVERED,3000,"2025-10-04 10:36:27"
2025-10-04,3026366,223359,TIMWE_RENEWED_NOTIF,63980,DELIVERED,3000,"2025-10-04 10:36:27"
2025-10-04,3026366,223359,TIMWE_RENEWED_NOTIF,63980,DELIVERED,3000,"2025-10-04 10:36:27"
2025-10-04,3026726,227824,TIMWE_RENEWED_NOTIF,63980,DELIVERED,3000,"2025-10-04 12:12:17"
2025-10-04,3026726,227824,TIMWE_RENEWED_NOTIF,63980,DELIVERED,3000,"2025-10-04 12:12:17"
2025-10-04,3026849,223899,TIMWE_RENEWED_NOTIF,63980,DELIVERED,3000,"2025-10-04 12:37:52"
2025-10-04,3026849,223899,TIMWE_RENEWED_NOTIF,63980,DELIVERED,3000,"2025-10-04 12:37:52"
2025-10-04,3026849,223899,TIMWE_RENEWED_NOTIF,63980,DELIVERED,3000,"2025-10-04 12:37:52"
2025-10-04,3026851,238414,TIMWE_RENEWED_NOTIF,63980,DELIVERED,3000,"2025-10-04 12:38:02"
2025-10-04,3026851,238414,TIMWE_RENEWED_NOTIF,63980,DELIVERED,3000,"2025-10-04 12:38:02"
2025-10-04,3026851,238414,TIMWE_RENEWED_NOTIF,63980,DELIVERED,3000,"2025-10-04 12:38:02"
2025-10-04,3026865,239397,TIMWE_RENEWED_NOTIF,63980,DELIVERED,3000,"2025-10-04 12:39:59"
2025-10-04,3026865,239397,TIMWE_RENEWED_NOTIF,63980,DELIVERED,3000,"2025-10-04 12:39:59"
2025-10-04,3026883,218666,TIMWE_RENEWED_NOTIF,63980,DELIVERED,3000,"2025-10-04 12:42:56"
2025-10-04,3026883,218666,TIMWE_RENEWED_NOTIF,63980,DELIVERED,3000,"2025-10-04 12:42:56"
2025-10-04,3026891,239889,TIMWE_RENEWED_NOTIF,63980,DELIVERED,3000,"2025-10-04 12:44:53"
2025-10-04,3026891,239889,TIMWE_RENEWED_NOTIF,63980,DELIVERED,3000,"2025-10-04 12:44:53"
2025-10-04,3026891,239889,TIMWE_RENEWED_NOTIF,63980,DELIVERED,3000,"2025-10-04 12:44:53"
2025-10-04,3026891,239889,TIMWE_RENEWED_NOTIF,63980,DELIVERED,3000,"2025-10-04 12:44:53"
2025-10-04,3026891,239889,TIMWE_RENEWED_NOTIF,63980,DELIVERED,3000,"2025-10-04 12:44:53"
2025-10-04,3026898,229877,TIMWE_RENEWED_NOTIF,63980,DELIVERED,3000,"2025-10-04 12:45:48"
2025-10-04,3026898,229877,TIMWE_RENEWED_NOTIF,63980,DELIVERED,3000,"2025-10-04 12:45:48"
2025-10-04,3026898,229877,TIMWE_RENEWED_NOTIF,63980,DELIVERED,3000,"2025-10-04 12:45:48"
2025-10-04,3026911,213188,TIMWE_RENEWED_NOTIF,63980,DELIVERED,3000,"2025-10-04 12:48:02"
2025-10-04,3026911,213188,TIMWE_RENEWED_NOTIF,63980,DELIVERED,3000,"2025-10-04 12:48:02"
2025-10-04,3026911,213188,TIMWE_RENEWED_NOTIF,63980,DELIVERED,3000,"2025-10-04 12:48:02"
2025-10-04,3026911,213188,TIMWE_RENEWED_NOTIF,63980,DELIVERED,3000,"2025-10-04 12:48:02"
2025-10-04,3026911,213188,TIMWE_RENEWED_NOTIF,63980,DELIVERED,3000,"2025-10-04 12:48:02"
2025-10-04,3026913,238514,TIMWE_RENEWED_NOTIF,63980,DELIVERED,3000,"2025-10-04 12:48:21"
2025-10-04,3026913,238514,TIMWE_RENEWED_NOTIF,63980,DELIVERED,3000,"2025-10-04 12:48:21"
2025-10-04,3026919,232612,TIMWE_RENEWED_NOTIF,63980,DELIVERED,3000,"2025-10-04 12:49:07"
2025-10-04,3026919,232612,TIMWE_RENEWED_NOTIF,63980,DELIVERED,3000,"2025-10-04 12:49:07"
2025-10-04,3026919,232612,TIMWE_RENEWED_NOTIF,63980,DELIVERED,3000,"2025-10-04 12:49:07"
2025-10-04,3026919,232612,TIMWE_RENEWED_NOTIF,63980,DELIVERED,3000,"2025-10-04 12:49:07"
2025-10-04,3026919,232612,TIMWE_RENEWED_NOTIF,63980,DELIVERED,3000,"2025-10-04 12:49:07"
2025-10-04,3026938,227547,TIMWE_RENEWED_NOTIF,63980,DELIVERED,3000,"2025-10-04 12:56:00"
2025-10-04,3026938,227547,TIMWE_RENEWED_NOTIF,63980,DELIVERED,3000,"2025-10-04 12:56:00"
2025-10-04,3026938,227547,TIMWE_RENEWED_NOTIF,63980,DELIVERED,3000,"2025-10-04 12:56:00"
2025-10-04,3026938,227547,TIMWE_RENEWED_NOTIF,63980,DELIVERED,3000,"2025-10-04 12:56:00"
2025-10-04,3026948,219174,TIMWE_RENEWED_NOTIF,63980,DELIVERED,3000,"2025-10-04 12:58:32"
2025-10-04,3026948,219174,TIMWE_RENEWED_NOTIF,63980,DELIVERED,3000,"2025-10-04 12:58:32"
2025-10-04,3026972,172900,TIMWE_RENEWED_NOTIF,63980,DELIVERED,3000,"2025-10-04 13:01:49"
2025-10-04,3026972,172900,TIMWE_RENEWED_NOTIF,63980,DELIVERED,3000,"2025-10-04 13:01:49"
2025-10-04,3026972,172900,TIMWE_RENEWED_NOTIF,63980,DELIVERED,3000,"2025-10-04 13:01:49"
2025-10-04,3026972,172900,TIMWE_RENEWED_NOTIF,63980,DELIVERED,3000,"2025-10-04 13:01:49"
2025-10-04,3026972,172900,TIMWE_RENEWED_NOTIF,63980,DELIVERED,3000,"2025-10-04 13:01:49"
2025-10-04,3026987,209306,TIMWE_RENEWED_NOTIF,63980,DELIVERED,3000,"2025-10-04 13:03:24"
2025-10-04,3026987,209306,TIMWE_RENEWED_NOTIF,63980,DELIVERED,3000,"2025-10-04 13:03:24"
2025-10-04,3026987,209306,TIMWE_RENEWED_NOTIF,63980,DELIVERED,3000,"2025-10-04 13:03:24"
2025-10-04,3027005,227018,TIMWE_RENEWED_NOTIF,63980,DELIVERED,3000,"2025-10-04 13:05:50"
2025-10-04,3027005,227018,TIMWE_RENEWED_NOTIF,63980,DELIVERED,3000,"2025-10-04 13:05:50"
2025-10-04,3027007,215527,TIMWE_RENEWED_NOTIF,63980,DELIVERED,3000,"2025-10-04 13:07:40"
2025-10-04,3027007,215527,TIMWE_RENEWED_NOTIF,63980,DELIVERED,3000,"2025-10-04 13:07:40"
2025-10-04,3027009,223795,TIMWE_RENEWED_NOTIF,63980,DELIVERED,3000,"2025-10-04 13:08:40"
2025-10-04,3027009,223795,TIMWE_RENEWED_NOTIF,63980,DELIVERED,3000,"2025-10-04 13:08:40"
2025-10-04,3027028,227657,TIMWE_RENEWED_NOTIF,63980,DELIVERED,3000,"2025-10-04 13:14:34"
2025-10-04,3027028,227657,TIMWE_RENEWED_NOTIF,63980,DELIVERED,3000,"2025-10-04 13:14:34"
2025-10-04,3027037,220243,TIMWE_RENEWED_NOTIF,63980,DELIVERED,3000,"2025-10-04 13:16:28"
2025-10-04,3027037,220243,TIMWE_RENEWED_NOTIF,63980,DELIVERED,3000,"2025-10-04 13:16:28"
2025-10-04,3027056,223866,TIMWE_RENEWED_NOTIF,63980,DELIVERED,3000,"2025-10-04 13:26:27"
2025-10-04,3027056,223866,TIMWE_RENEWED_NOTIF,63980,DELIVERED,3000,"2025-10-04 13:26:27"
2025-10-04,3027056,223866,TIMWE_RENEWED_NOTIF,63980,DELIVERED,3000,"2025-10-04 13:26:27"
2025-10-04,3027056,223866,TIMWE_RENEWED_NOTIF,63980,DELIVERED,3000,"2025-10-04 13:26:27"
2025-10-04,3027056,223866,TIMWE_RENEWED_NOTIF,63980,DELIVERED,3000,"2025-10-04 13:26:27"
2025-10-04,3027094,226207,TIMWE_RENEWED_NOTIF,63980,DELIVERED,3000,"2025-10-04 13:37:29"
2025-10-04,3027094,226207,TIMWE_RENEWED_NOTIF,63980,DELIVERED,3000,"2025-10-04 13:37:29"
2025-10-04,3027094,226207,TIMWE_RENEWED_NOTIF,63980,DELIVERED,3000,"2025-10-04 13:37:29"
2025-10-04,3027094,226207,TIMWE_RENEWED_NOTIF,63980,DELIVERED,3000,"2025-10-04 13:37:29"
2025-10-04,3027094,226207,TIMWE_RENEWED_NOTIF,63980,DELIVERED,3000,"2025-10-04 13:37:29"
2025-10-04,3027099,230485,TIMWE_RENEWED_NOTIF,63980,DELIVERED,3000,"2025-10-04 13:39:29"
2025-10-04,3027099,230485,TIMWE_RENEWED_NOTIF,63980,DELIVERED,3000,"2025-10-04 13:39:29"
2025-10-04,3027495,237038,TIMWE_RENEWED_NOTIF,63980,DELIVERED,3000,"2025-10-04 15:03:29"
2025-10-04,3027495,237038,TIMWE_RENEWED_NOTIF,63980,DELIVERED,3000,"2025-10-04 15:03:29"
2025-10-04,3027497,222165,TIMWE_RENEWED_NOTIF,63980,DELIVERED,3000,"2025-10-04 15:04:17"
2025-10-04,3027497,222165,TIMWE_RENEWED_NOTIF,63980,DELIVERED,3000,"2025-10-04 15:04:17"
2025-10-04,3027526,208636,TIMWE_RENEWED_NOTIF,63980,DELIVERED,3000,"2025-10-04 15:13:10"
2025-10-04,3027526,208636,TIMWE_RENEWED_NOTIF,63980,DELIVERED,3000,"2025-10-04 15:13:10"
2025-10-04,3027558,211571,TIMWE_RENEWED_NOTIF,63980,DELIVERED,3000,"2025-10-04 15:16:40"
2025-10-04,3027558,211571,TIMWE_RENEWED_NOTIF,63980,DELIVERED,3000,"2025-10-04 15:16:40"
2025-10-04,3027583,219480,TIMWE_RENEWED_NOTIF,63980,DELIVERED,3000,"2025-10-04 15:19:31"
2025-10-04,3027583,219480,TIMWE_RENEWED_NOTIF,63980,DELIVERED,3000,"2025-10-04 15:19:31"
2025-10-04,3027615,233219,TIMWE_RENEWED_NOTIF,63980,DELIVERED,3000,"2025-10-04 15:27:28"
2025-10-04,3027615,233219,TIMWE_RENEWED_NOTIF,63980,DELIVERED,3000,"2025-10-04 15:27:28"
2025-10-04,3027652,227462,TIMWE_RENEWED_NOTIF,63980,DELIVERED,3000,"2025-10-04 15:32:25"
2025-10-04,3027652,227462,TIMWE_RENEWED_NOTIF,63980,DELIVERED,3000,"2025-10-04 15:32:25"
2025-10-04,3027652,227462,TIMWE_RENEWED_NOTIF,63980,DELIVERED,3000,"2025-10-04 15:32:25"
2025-10-04,3027652,227462,TIMWE_RENEWED_NOTIF,63980,DELIVERED,3000,"2025-10-04 15:32:25"
2025-10-04,3027661,226318,TIMWE_RENEWED_NOTIF,63980,DELIVERED,3000,"2025-10-04 15:33:14"
2025-10-04,3027661,226318,TIMWE_RENEWED_NOTIF,63980,DELIVERED,3000,"2025-10-04 15:33:14"
2025-10-04,3027661,226318,TIMWE_RENEWED_NOTIF,63980,DELIVERED,3000,"2025-10-04 15:33:14"
2025-10-04,3027665,217210,TIMWE_RENEWED_NOTIF,63980,DELIVERED,3000,"2025-10-04 15:33:39"
2025-10-04,3027665,217210,TIMWE_RENEWED_NOTIF,63980,DELIVERED,3000,"2025-10-04 15:33:39"
2025-10-04,3027667,218797,TIMWE_RENEWED_NOTIF,63980,DELIVERED,3000,"2025-10-04 15:33:40"
2025-10-04,3027667,218797,TIMWE_RENEWED_NOTIF,63980,DELIVERED,3000,"2025-10-04 15:33:40"
2025-10-04,3027669,216904,TIMWE_RENEWED_NOTIF,63980,DELIVERED,3000,"2025-10-04 15:33:53"
2025-10-04,3027669,216904,TIMWE_RENEWED_NOTIF,63980,DELIVERED,3000,"2025-10-04 15:33:53"
2025-10-04,3027671,207001,TIMWE_RENEWED_NOTIF,63980,DELIVERED,3000,"2025-10-04 15:34:00"
2025-10-04,3027671,207001,TIMWE_RENEWED_NOTIF,63980,DELIVERED,3000,"2025-10-04 15:34:00"
2025-10-04,3027683,230693,TIMWE_RENEWED_NOTIF,63980,DELIVERED,3000,"2025-10-04 15:36:54"
2025-10-04,3027683,230693,TIMWE_RENEWED_NOTIF,63980,DELIVERED,3000,"2025-10-04 15:36:54"
2025-10-04,3027685,221165,TIMWE_RENEWED_NOTIF,63980,DELIVERED,3000,"2025-10-04 15:37:46"
2025-10-04,3027685,221165,TIMWE_RENEWED_NOTIF,63980,DELIVERED,3000,"2025-10-04 15:37:46"
2025-10-04,3027689,231380,TIMWE_RENEWED_NOTIF,63980,DELIVERED,3000,"2025-10-04 15:38:24"
2025-10-04,3027689,231380,TIMWE_RENEWED_NOTIF,63980,DELIVERED,3000,"2025-10-04 15:38:24"
2025-10-04,3027697,231265,TIMWE_RENEWED_NOTIF,63980,DELIVERED,3000,"2025-10-04 15:41:37"
2025-10-04,3027697,231265,TIMWE_RENEWED_NOTIF,63980,DELIVERED,3000,"2025-10-04 15:41:37"
2025-10-04,3027699,219353,TIMWE_RENEWED_NOTIF,63980,DELIVERED,3000,"2025-10-04 15:42:40"
2025-10-04,3027699,219353,TIMWE_RENEWED_NOTIF,63980,DELIVERED,3000,"2025-10-04 15:42:40"
2025-10-04,3027940,239600,TIMWE_RENEWED_NOTIF,63980,DELIVERED,3000,"2025-10-04 16:33:48"
2025-10-04,3027940,239600,TIMWE_RENEWED_NOTIF,63980,DELIVERED,3000,"2025-10-04 16:33:48"
2025-10-04,3028529,223084,TIMWE_RENEWED_NOTIF,63980,DELIVERED,3000,"2025-10-04 18:41:51"
2025-10-04,3028529,223084,TIMWE_RENEWED_NOTIF,63980,DELIVERED,3000,"2025-10-04 18:41:51"
2025-10-04,3028531,231559,TIMWE_RENEWED_NOTIF,63980,DELIVERED,3000,"2025-10-04 18:42:06"
2025-10-04,3028531,231559,TIMWE_RENEWED_NOTIF,63980,DELIVERED,3000,"2025-10-04 18:42:06"
2025-10-04,3028531,231559,TIMWE_RENEWED_NOTIF,63980,DELIVERED,3000,"2025-10-04 18:42:06"
2025-10-04,3028531,231559,TIMWE_RENEWED_NOTIF,63980,DELIVERED,3000,"2025-10-04 18:42:06"
2025-10-04,3028557,206092,TIMWE_RENEWED_NOTIF,63980,DELIVERED,3000,"2025-10-04 18:48:34"
2025-10-04,3028557,206092,TIMWE_RENEWED_NOTIF,63980,DELIVERED,3000,"2025-10-04 18:48:34"
2025-10-04,3028557,206092,TIMWE_RENEWED_NOTIF,63980,DELIVERED,3000,"2025-10-04 18:48:34"
2025-10-04,3028557,206092,TIMWE_RENEWED_NOTIF,63980,DELIVERED,3000,"2025-10-04 18:48:34"
2025-10-04,3028557,206092,TIMWE_RENEWED_NOTIF,63980,DELIVERED,3000,"2025-10-04 18:48:34"
2025-10-04,3028566,176816,TIMWE_RENEWED_NOTIF,63980,DELIVERED,3000,"2025-10-04 18:50:05"
2025-10-04,3028566,176816,TIMWE_RENEWED_NOTIF,63980,DELIVERED,3000,"2025-10-04 18:50:05"
2025-10-04,3028566,176816,TIMWE_RENEWED_NOTIF,63980,DELIVERED,3000,"2025-10-04 18:50:05"
2025-10-04,3028566,176816,TIMWE_RENEWED_NOTIF,63980,DELIVERED,3000,"2025-10-04 18:50:05"
2025-10-04,3028566,176816,TIMWE_RENEWED_NOTIF,63980,DELIVERED,3000,"2025-10-04 18:50:05"
2025-10-04,3028566,176816,TIMWE_RENEWED_NOTIF,63980,DELIVERED,3000,"2025-10-04 18:50:05"
2025-10-04,3028566,176816,TIMWE_RENEWED_NOTIF,63980,DELIVERED,3000,"2025-10-04 18:50:05"
2025-10-04,3028568,238612,TIMWE_RENEWED_NOTIF,63980,DELIVERED,3000,"2025-10-04 18:50:40"
2025-10-04,3028568,238612,TIMWE_RENEWED_NOTIF,63980,DELIVERED,3000,"2025-10-04 18:50:40"
2025-10-04,3028575,226845,TIMWE_RENEWED_NOTIF,63980,DELIVERED,3000,"2025-10-04 18:52:38"
2025-10-04,3028575,226845,TIMWE_RENEWED_NOTIF,63980,DELIVERED,3000,"2025-10-04 18:52:38"
2025-10-04,3028575,226845,TIMWE_RENEWED_NOTIF,63980,DELIVERED,3000,"2025-10-04 18:52:38"
2025-10-04,3028575,226845,TIMWE_RENEWED_NOTIF,63980,DELIVERED,3000,"2025-10-04 18:52:38"
2025-10-04,3028575,226845,TIMWE_RENEWED_NOTIF,63980,DELIVERED,3000,"2025-10-04 18:52:38"
2025-10-04,3028579,207946,TIMWE_RENEWED_NOTIF,63980,DELIVERED,3000,"2025-10-04 18:54:33"
2025-10-04,3028579,207946,TIMWE_RENEWED_NOTIF,63980,DELIVERED,3000,"2025-10-04 18:54:33"
2025-10-04,3028579,207946,TIMWE_RENEWED_NOTIF,63980,DELIVERED,3000,"2025-10-04 18:54:33"
2025-10-04,3028583,211181,TIMWE_RENEWED_NOTIF,63980,DELIVERED,3000,"2025-10-04 18:55:16"
2025-10-04,3028583,211181,TIMWE_RENEWED_NOTIF,63980,DELIVERED,3000,"2025-10-04 18:55:16"
2025-10-04,3028585,237745,TIMWE_RENEWED_NOTIF,63980,DELIVERED,3000,"2025-10-04 18:55:42"
2025-10-04,3028585,237745,TIMWE_RENEWED_NOTIF,63980,DELIVERED,3000,"2025-10-04 18:55:42"
2025-10-04,3028585,237745,TIMWE_RENEWED_NOTIF,63980,DELIVERED,3000,"2025-10-04 18:55:42"
2025-10-04,3028585,237745,TIMWE_RENEWED_NOTIF,63980,DELIVERED,3000,"2025-10-04 18:55:42"
2025-10-04,3028585,237745,TIMWE_RENEWED_NOTIF,63980,DELIVERED,3000,"2025-10-04 18:55:42"
2025-10-04,3028587,227827,TIMWE_RENEWED_NOTIF,63980,DELIVERED,3000,"2025-10-04 18:55:44"
2025-10-04,3028587,227827,TIMWE_RENEWED_NOTIF,63980,DELIVERED,3000,"2025-10-04 18:55:44"
2025-10-04,3028587,227827,TIMWE_RENEWED_NOTIF,63980,DELIVERED,3000,"2025-10-04 18:55:44"
2025-10-04,3028587,227827,TIMWE_RENEWED_NOTIF,63980,DELIVERED,3000,"2025-10-04 18:55:44"
2025-10-04,3028587,227827,TIMWE_RENEWED_NOTIF,63980,DELIVERED,3000,"2025-10-04 18:55:44"
2025-10-04,3028591,217255,TIMWE_RENEWED_NOTIF,63980,DELIVERED,3000,"2025-10-04 18:55:56"
2025-10-04,3028591,217255,TIMWE_RENEWED_NOTIF,63980,DELIVERED,3000,"2025-10-04 18:55:56"
2025-10-04,3028594,222190,TIMWE_RENEWED_NOTIF,63980,DELIVERED,3000,"2025-10-04 18:56:31"
2025-10-04,3028594,222190,TIMWE_RENEWED_NOTIF,63980,DELIVERED,3000,"2025-10-04 18:56:31"
2025-10-04,3028607,205830,TIMWE_RENEWED_NOTIF,63980,DELIVERED,3000,"2025-10-04 19:00:05"
2025-10-04,3028607,205830,TIMWE_RENEWED_NOTIF,63980,DELIVERED,3000,"2025-10-04 19:00:05"
2025-10-04,3028612,220653,TIMWE_RENEWED_NOTIF,63980,DELIVERED,3000,"2025-10-04 19:03:24"
2025-10-04,3028612,220653,TIMWE_RENEWED_NOTIF,63980,DELIVERED,3000,"2025-10-04 19:03:24"
2025-10-04,3028615,225295,TIMWE_RENEWED_NOTIF,63980,DELIVERED,3000,"2025-10-04 19:03:51"
2025-10-04,3028615,225295,TIMWE_RENEWED_NOTIF,63980,DELIVERED,3000,"2025-10-04 19:03:51"
2025-10-04,3028615,225295,TIMWE_RENEWED_NOTIF,63980,DELIVERED,3000,"2025-10-04 19:03:51"
2025-10-04,3028619,212868,TIMWE_RENEWED_NOTIF,63980,DELIVERED,3000,"2025-10-04 19:04:06"
2025-10-04,3028619,212868,TIMWE_RENEWED_NOTIF,63980,DELIVERED,3000,"2025-10-04 19:04:06"
2025-10-04,3028619,212868,TIMWE_RENEWED_NOTIF,63980,DELIVERED,3000,"2025-10-04 19:04:06"
2025-10-04,3028627,213040,TIMWE_RENEWED_NOTIF,63980,DELIVERED,3000,"2025-10-04 19:05:07"
2025-10-04,3028627,213040,TIMWE_RENEWED_NOTIF,63980,DELIVERED,3000,"2025-10-04 19:05:07"
2025-10-04,3028634,218399,TIMWE_RENEWED_NOTIF,63980,DELIVERED,3000,"2025-10-04 19:06:20"
2025-10-04,3028634,218399,TIMWE_RENEWED_NOTIF,63980,DELIVERED,3000,"2025-10-04 19:06:20"
2025-10-04,3028634,218399,TIMWE_RENEWED_NOTIF,63980,DELIVERED,3000,"2025-10-04 19:06:20"
2025-10-04,3028634,218399,TIMWE_RENEWED_NOTIF,63980,DELIVERED,3000,"2025-10-04 19:06:20"
2025-10-04,3028636,221558,TIMWE_RENEWED_NOTIF,63980,DELIVERED,3000,"2025-10-04 19:07:06"
2025-10-04,3028636,221558,TIMWE_RENEWED_NOTIF,63980,DELIVERED,3000,"2025-10-04 19:07:06"
2025-10-04,3028639,238694,TIMWE_RENEWED_NOTIF,63980,DELIVERED,3000,"2025-10-04 19:09:48"
2025-10-04,3028639,238694,TIMWE_RENEWED_NOTIF,63980,DELIVERED,3000,"2025-10-04 19:09:48"
2025-10-04,3028671,186656,TIMWE_RENEWED_NOTIF,63980,DELIVERED,3000,"2025-10-04 19:13:10"
2025-10-04,3028671,186656,TIMWE_RENEWED_NOTIF,63980,DELIVERED,3000,"2025-10-04 19:13:10"
2025-10-04,3028671,186656,TIMWE_RENEWED_NOTIF,63980,DELIVERED,3000,"2025-10-04 19:13:10"
2025-10-04,3028699,227156,TIMWE_RENEWED_NOTIF,63980,DELIVERED,3000,"2025-10-04 19:17:26"
2025-10-04,3028699,227156,TIMWE_RENEWED_NOTIF,63980,DELIVERED,3000,"2025-10-04 19:17:26"
2025-10-04,3028699,227156,TIMWE_RENEWED_NOTIF,63980,DELIVERED,3000,"2025-10-04 19:17:26"
2025-10-04,3028701,228625,TIMWE_RENEWED_NOTIF,63980,DELIVERED,3000,"2025-10-04 19:17:27"
2025-10-04,3028701,228625,TIMWE_RENEWED_NOTIF,63980,DELIVERED,3000,"2025-10-04 19:17:27"
2025-10-04,3028701,228625,TIMWE_RENEWED_NOTIF,63980,DELIVERED,3000,"2025-10-04 19:17:27"
2025-10-04,3028701,228625,TIMWE_RENEWED_NOTIF,63980,DELIVERED,3000,"2025-10-04 19:17:27"
2025-10-04,3028747,216637,TIMWE_RENEWED_NOTIF,63980,DELIVERED,3000,"2025-10-04 19:25:11"
2025-10-04,3028747,216637,TIMWE_RENEWED_NOTIF,63980,DELIVERED,3000,"2025-10-04 19:25:11"
2025-10-04,3028747,216637,TIMWE_RENEWED_NOTIF,63980,DELIVERED,3000,"2025-10-04 19:25:11"
2025-10-04,3028747,216637,TIMWE_RENEWED_NOTIF,63980,DELIVERED,3000,"2025-10-04 19:25:11"
2025-10-04,3028766,215720,TIMWE_RENEWED_NOTIF,63980,DELIVERED,3000,"2025-10-04 19:29:40"
2025-10-04,3028766,215720,TIMWE_RENEWED_NOTIF,63980,DELIVERED,3000,"2025-10-04 19:29:40"
2025-10-04,3028773,232299,TIMWE_RENEWED_NOTIF,63980,DELIVERED,3000,"2025-10-04 19:32:52"
2025-10-04,3028773,232299,TIMWE_RENEWED_NOTIF,63980,DELIVERED,3000,"2025-10-04 19:32:52"
2025-10-04,3028773,232299,TIMWE_RENEWED_NOTIF,63980,DELIVERED,3000,"2025-10-04 19:32:52"
2025-10-04,3028773,232299,TIMWE_RENEWED_NOTIF,63980,DELIVERED,3000,"2025-10-04 19:32:52"
2025-10-04,3028802,224328,TIMWE_RENEWED_NOTIF,63980,DELIVERED,3000,"2025-10-04 19:39:39"
2025-10-04,3028802,224328,TIMWE_RENEWED_NOTIF,63980,DELIVERED,3000,"2025-10-04 19:39:39"
2025-10-04,3028802,224328,TIMWE_RENEWED_NOTIF,63980,DELIVERED,3000,"2025-10-04 19:39:39"
2025-10-04,3028802,224328,TIMWE_RENEWED_NOTIF,63980,DELIVERED,3000,"2025-10-04 19:39:39"
2025-10-04,3028802,224328,TIMWE_RENEWED_NOTIF,63980,DELIVERED,3000,"2025-10-04 19:39:39"
2025-10-04,3028810,217236,TIMWE_RENEWED_NOTIF,63980,DELIVERED,3000,"2025-10-04 19:42:17"
2025-10-04,3028810,217236,TIMWE_RENEWED_NOTIF,63980,DELIVERED,3000,"2025-10-04 19:42:17"
2025-10-04,3028820,225492,TIMWE_RENEWED_NOTIF,63980,DELIVERED,3000,"2025-10-04 19:42:31"
2025-10-04,3028820,225492,TIMWE_RENEWED_NOTIF,63980,DELIVERED,3000,"2025-10-04 19:42:31"
2025-10-04,3028820,225492,TIMWE_RENEWED_NOTIF,63980,DELIVERED,3000,"2025-10-04 19:42:31"
2025-10-04,3028820,225492,TIMWE_RENEWED_NOTIF,63980,DELIVERED,3000,"2025-10-04 19:42:31"
2025-10-04,3028820,225492,TIMWE_RENEWED_NOTIF,63980,DELIVERED,3000,"2025-10-04 19:42:31"
2025-10-04,3028850,213780,TIMWE_RENEWED_NOTIF,63980,DELIVERED,3000,"2025-10-04 19:47:03"
2025-10-04,3028850,213780,TIMWE_RENEWED_NOTIF,63980,DELIVERED,3000,"2025-10-04 19:47:03"
2025-10-04,3028873,214195,TIMWE_RENEWED_NOTIF,63980,DELIVERED,3000,"2025-10-04 19:49:28"
2025-10-04,3028873,214195,TIMWE_RENEWED_NOTIF,63980,DELIVERED,3000,"2025-10-04 19:49:28"
2025-10-04,3028889,210909,TIMWE_RENEWED_NOTIF,63980,DELIVERED,3000,"2025-10-04 19:51:59"
2025-10-04,3028889,210909,TIMWE_RENEWED_NOTIF,63980,DELIVERED,3000,"2025-10-04 19:51:59"
2025-10-04,3029040,213324,TIMWE_RENEWED_NOTIF,63980,DELIVERED,3000,"2025-10-04 20:03:06"
2025-10-04,3029040,213324,TIMWE_RENEWED_NOTIF,63980,DELIVERED,3000,"2025-10-04 20:03:06"
2025-10-04,3029373,225663,TIMWE_RENEWED_NOTIF,63980,DELIVERED,3000,"2025-10-04 20:45:11"
2025-10-04,3029373,225663,TIMWE_RENEWED_NOTIF,63980,DELIVERED,3000,"2025-10-04 20:45:11"
2025-10-05,3030298,193194,TIMWE_RENEWED_NOTIF,63980,DELIVERED,3000,"2025-10-05 04:44:57"
2025-10-05,3030298,193194,TIMWE_RENEWED_NOTIF,63980,DELIVERED,3000,"2025-10-05 04:44:57"
2025-10-05,3030298,193194,TIMWE_RENEWED_NOTIF,63980,DELIVERED,3000,"2025-10-05 04:44:57"
2025-10-05,3030301,192517,TIMWE_RENEWED_NOTIF,63980,DELIVERED,3000,"2025-10-05 04:45:02"
2025-10-05,3030301,192517,TIMWE_RENEWED_NOTIF,63980,DELIVERED,3000,"2025-10-05 04:45:02"
2025-10-05,3030301,192517,TIMWE_RENEWED_NOTIF,63980,DELIVERED,3000,"2025-10-05 04:45:02"
2025-10-05,3030303,191901,TIMWE_RENEWED_NOTIF,63980,DELIVERED,3000,"2025-10-05 04:45:23"
2025-10-05,3030303,191901,TIMWE_RENEWED_NOTIF,63980,DELIVERED,3000,"2025-10-05 04:45:23"
2025-10-05,3030303,191901,TIMWE_RENEWED_NOTIF,63980,DELIVERED,3000,"2025-10-05 04:45:23"
2025-10-05,3030303,191901,TIMWE_RENEWED_NOTIF,63980,DELIVERED,3000,"2025-10-05 04:45:23"
2025-10-05,3030303,191901,TIMWE_RENEWED_NOTIF,63980,DELIVERED,3000,"2025-10-05 04:45:23"
2025-10-05,3030303,191901,TIMWE_RENEWED_NOTIF,63980,DELIVERED,3000,"2025-10-05 04:45:23"
2025-10-05,3030303,191901,TIMWE_RENEWED_NOTIF,63980,DELIVERED,3000,"2025-10-05 04:45:23"
2025-10-05,3030305,190812,TIMWE_RENEWED_NOTIF,63980,DELIVERED,3000,"2025-10-05 04:45:23"
2025-10-05,3030305,190812,TIMWE_RENEWED_NOTIF,63980,DELIVERED,3000,"2025-10-05 04:45:23"
2025-10-05,3030305,190812,TIMWE_RENEWED_NOTIF,63980,DELIVERED,3000,"2025-10-05 04:45:23"
2025-10-05,3030305,190812,TIMWE_RENEWED_NOTIF,63980,DELIVERED,3000,"2025-10-05 04:45:23"
2025-10-05,3030305,190812,TIMWE_RENEWED_NOTIF,63980,DELIVERED,3000,"2025-10-05 04:45:23"
2025-10-05,3030305,190812,TIMWE_RENEWED_NOTIF,63980,DELIVERED,3000,"2025-10-05 04:45:23"
2025-10-05,3030307,186472,TIMWE_RENEWED_NOTIF,63980,DELIVERED,3000,"2025-10-05 04:45:34"
2025-10-05,3030307,186472,TIMWE_RENEWED_NOTIF,63980,DELIVERED,3000,"2025-10-05 04:45:34"
2025-10-05,3030307,186472,TIMWE_RENEWED_NOTIF,63980,DELIVERED,3000,"2025-10-05 04:45:34"
2025-10-05,3030307,186472,TIMWE_RENEWED_NOTIF,63980,DELIVERED,3000,"2025-10-05 04:45:34"
2025-10-05,3030307,186472,TIMWE_RENEWED_NOTIF,63980,DELIVERED,3000,"2025-10-05 04:45:34"
2025-10-05,3030307,186472,TIMWE_RENEWED_NOTIF,63980,DELIVERED,3000,"2025-10-05 04:45:34"
2025-10-05,3030309,189581,TIMWE_RENEWED_NOTIF,63980,DELIVERED,3000,"2025-10-05 04:45:41"
2025-10-05,3030309,189581,TIMWE_RENEWED_NOTIF,63980,DELIVERED,3000,"2025-10-05 04:45:41"
2025-10-05,3030309,189581,TIMWE_RENEWED_NOTIF,63980,DELIVERED,3000,"2025-10-05 04:45:41"
2025-10-05,3030311,194188,TIMWE_RENEWED_NOTIF,63980,DELIVERED,3000,"2025-10-05 04:45:53"
2025-10-05,3030311,194188,TIMWE_RENEWED_NOTIF,63980,DELIVERED,3000,"2025-10-05 04:45:53"
2025-10-05,3030311,194188,TIMWE_RENEWED_NOTIF,63980,DELIVERED,3000,"2025-10-05 04:45:53"
2025-10-05,3030311,194188,TIMWE_RENEWED_NOTIF,63980,DELIVERED,3000,"2025-10-05 04:45:53"
2025-10-05,3030311,194188,TIMWE_RENEWED_NOTIF,63980,DELIVERED,3000,"2025-10-05 04:45:53"
2025-10-05,3030311,194188,TIMWE_RENEWED_NOTIF,63980,DELIVERED,3000,"2025-10-05 04:45:53"
2025-10-05,3030313,191240,TIMWE_RENEWED_NOTIF,63980,DELIVERED,3000,"2025-10-05 04:45:55"
2025-10-05,3030313,191240,TIMWE_RENEWED_NOTIF,63980,DELIVERED,3000,"2025-10-05 04:45:55"
2025-10-05,3030313,191240,TIMWE_RENEWED_NOTIF,63980,DELIVERED,3000,"2025-10-05 04:45:55"
2025-10-05,3030313,191240,TIMWE_RENEWED_NOTIF,63980,DELIVERED,3000,"2025-10-05 04:45:55"
2025-10-05,3030313,191240,TIMWE_RENEWED_NOTIF,63980,DELIVERED,3000,"2025-10-05 04:45:55"
2025-10-05,3030315,187842,TIMWE_RENEWED_NOTIF,63980,DELIVERED,3000,"2025-10-05 04:46:00"
2025-10-05,3030315,187842,TIMWE_RENEWED_NOTIF,63980,DELIVERED,3000,"2025-10-05 04:46:00"
2025-10-05,3030315,187842,TIMWE_RENEWED_NOTIF,63980,DELIVERED,3000,"2025-10-05 04:46:00"
2025-10-05,3030315,187842,TIMWE_RENEWED_NOTIF,63980,DELIVERED,3000,"2025-10-05 04:46:00"
2025-10-05,3030315,187842,TIMWE_RENEWED_NOTIF,63980,DELIVERED,3000,"2025-10-05 04:46:00"
2025-10-05,3030315,187842,TIMWE_RENEWED_NOTIF,63980,DELIVERED,3000,"2025-10-05 04:46:00"
2025-10-05,3030317,192834,TIMWE_RENEWED_NOTIF,63980,DELIVERED,3000,"2025-10-05 04:46:20"
2025-10-05,3030317,192834,TIMWE_RENEWED_NOTIF,63980,DELIVERED,3000,"2025-10-05 04:46:20"
2025-10-05,3030317,192834,TIMWE_RENEWED_NOTIF,63980,DELIVERED,3000,"2025-10-05 04:46:20"
2025-10-05,3030319,188775,TIMWE_RENEWED_NOTIF,63980,DELIVERED,3000,"2025-10-05 04:46:46"
2025-10-05,3030319,188775,TIMWE_RENEWED_NOTIF,63980,DELIVERED,3000,"2025-10-05 04:46:46"
2025-10-05,3030319,188775,TIMWE_RENEWED_NOTIF,63980,DELIVERED,3000,"2025-10-05 04:46:46"
2025-10-05,3030319,188775,TIMWE_RENEWED_NOTIF,63980,DELIVERED,3000,"2025-10-05 04:46:46"
2025-10-05,3030319,188775,TIMWE_RENEWED_NOTIF,63980,DELIVERED,3000,"2025-10-05 04:46:46"
2025-10-05,3030319,188775,TIMWE_RENEWED_NOTIF,63980,DELIVERED,3000,"2025-10-05 04:46:46"
2025-10-05,3030321,192332,TIMWE_RENEWED_NOTIF,63980,DELIVERED,3000,"2025-10-05 04:46:58"
2025-10-05,3030321,192332,TIMWE_RENEWED_NOTIF,63980,DELIVERED,3000,"2025-10-05 04:46:58"
2025-10-05,3030321,192332,TIMWE_RENEWED_NOTIF,63980,DELIVERED,3000,"2025-10-05 04:46:58"
2025-10-05,3030321,192332,TIMWE_RENEWED_NOTIF,63980,DELIVERED,3000,"2025-10-05 04:46:58"
2025-10-05,3030321,192332,TIMWE_RENEWED_NOTIF,63980,DELIVERED,3000,"2025-10-05 04:46:58"
2025-10-05,3030321,192332,TIMWE_RENEWED_NOTIF,63980,DELIVERED,3000,"2025-10-05 04:46:58"
2025-10-05,3030323,193181,TIMWE_RENEWED_NOTIF,63980,DELIVERED,3000,"2025-10-05 04:47:00"
2025-10-05,3030323,193181,TIMWE_RENEWED_NOTIF,63980,DELIVERED,3000,"2025-10-05 04:47:00"
2025-10-05,3030323,193181,TIMWE_RENEWED_NOTIF,63980,DELIVERED,3000,"2025-10-05 04:47:00"
2025-10-05,3030323,193181,TIMWE_RENEWED_NOTIF,63980,DELIVERED,3000,"2025-10-05 04:47:00"
2025-10-05,3030325,193165,TIMWE_RENEWED_NOTIF,63980,DELIVERED,3000,"2025-10-05 04:47:04"
2025-10-05,3030325,193165,TIMWE_RENEWED_NOTIF,63980,DELIVERED,3000,"2025-10-05 04:47:04"
2025-10-05,3030325,193165,TIMWE_RENEWED_NOTIF,63980,DELIVERED,3000,"2025-10-05 04:47:04"
2025-10-05,3030325,193165,TIMWE_RENEWED_NOTIF,63980,DELIVERED,3000,"2025-10-05 04:47:04"
2025-10-05,3030325,193165,TIMWE_RENEWED_NOTIF,63980,DELIVERED,3000,"2025-10-05 04:47:04"
2025-10-05,3030327,191979,TIMWE_RENEWED_NOTIF,63980,DELIVERED,3000,"2025-10-05 04:47:11"
2025-10-05,3030327,191979,TIMWE_RENEWED_NOTIF,63980,DELIVERED,3000,"2025-10-05 04:47:11"
2025-10-05,3030327,191979,TIMWE_RENEWED_NOTIF,63980,DELIVERED,3000,"2025-10-05 04:47:11"
2025-10-05,3030327,191979,TIMWE_RENEWED_NOTIF,63980,DELIVERED,3000,"2025-10-05 04:47:11"
2025-10-05,3030329,192719,TIMWE_RENEWED_NOTIF,63980,DELIVERED,3000,"2025-10-05 04:47:13"
2025-10-05,3030329,192719,TIMWE_RENEWED_NOTIF,63980,DELIVERED,3000,"2025-10-05 04:47:13"
2025-10-05,3030329,192719,TIMWE_RENEWED_NOTIF,63980,DELIVERED,3000,"2025-10-05 04:47:13"
2025-10-05,3030329,192719,TIMWE_RENEWED_NOTIF,63980,DELIVERED,3000,"2025-10-05 04:47:13"
2025-10-05,3030331,191841,TIMWE_RENEWED_NOTIF,63980,DELIVERED,3000,"2025-10-05 04:47:14"
2025-10-05,3030331,191841,TIMWE_RENEWED_NOTIF,63980,DELIVERED,3000,"2025-10-05 04:47:14"
2025-10-05,3030331,191841,TIMWE_RENEWED_NOTIF,63980,DELIVERED,3000,"2025-10-05 04:47:14"
2025-10-05,3030331,191841,TIMWE_RENEWED_NOTIF,63980,DELIVERED,3000,"2025-10-05 04:47:14"
2025-10-05,3030331,191841,TIMWE_RENEWED_NOTIF,63980,DELIVERED,3000,"2025-10-05 04:47:14"
2025-10-05,3030331,191841,TIMWE_RENEWED_NOTIF,63980,DELIVERED,3000,"2025-10-05 04:47:14"
2025-10-05,3030333,192637,TIMWE_RENEWED_NOTIF,63980,DELIVERED,3000,"2025-10-05 04:47:14"
2025-10-05,3030333,192637,TIMWE_RENEWED_NOTIF,63980,DELIVERED,3000,"2025-10-05 04:47:14"
2025-10-05,3030333,192637,TIMWE_RENEWED_NOTIF,63980,DELIVERED,3000,"2025-10-05 04:47:14"
2025-10-05,3030333,192637,TIMWE_RENEWED_NOTIF,63980,DELIVERED,3000,"2025-10-05 04:47:14"
2025-10-05,3030335,192201,TIMWE_RENEWED_NOTIF,63980,DELIVERED,3000,"2025-10-05 04:47:15"
2025-10-05,3030335,192201,TIMWE_RENEWED_NOTIF,63980,DELIVERED,3000,"2025-10-05 04:47:15"
2025-10-05,3030335,192201,TIMWE_RENEWED_NOTIF,63980,DELIVERED,3000,"2025-10-05 04:47:15"
2025-10-05,3030335,192201,TIMWE_RENEWED_NOTIF,63980,DELIVERED,3000,"2025-10-05 04:47:15"
2025-10-05,3030337,194204,TIMWE_RENEWED_NOTIF,63980,DELIVERED,3000,"2025-10-05 04:47:18"
2025-10-05,3030337,194204,TIMWE_RENEWED_NOTIF,63980,DELIVERED,3000,"2025-10-05 04:47:18"
2025-10-05,3030337,194204,TIMWE_RENEWED_NOTIF,63980,DELIVERED,3000,"2025-10-05 04:47:18"
2025-10-05,3030339,191771,TIMWE_RENEWED_NOTIF,63980,DELIVERED,3000,"2025-10-05 04:47:23"
2025-10-05,3030339,191771,TIMWE_RENEWED_NOTIF,63980,DELIVERED,3000,"2025-10-05 04:47:23"
2025-10-05,3030339,191771,TIMWE_RENEWED_NOTIF,63980,DELIVERED,3000,"2025-10-05 04:47:23"
2025-10-05,3030339,191771,TIMWE_RENEWED_NOTIF,63980,DELIVERED,3000,"2025-10-05 04:47:23"
2025-10-05,3030341,191503,TIMWE_RENEWED_NOTIF,63980,DELIVERED,3000,"2025-10-05 04:47:31"
2025-10-05,3030341,191503,TIMWE_RENEWED_NOTIF,63980,DELIVERED,3000,"2025-10-05 04:47:31"
2025-10-05,3030341,191503,TIMWE_RENEWED_NOTIF,63980,DELIVERED,3000,"2025-10-05 04:47:31"
2025-10-05,3030341,191503,TIMWE_RENEWED_NOTIF,63980,DELIVERED,3000,"2025-10-05 04:47:31"
2025-10-05,3030341,191503,TIMWE_RENEWED_NOTIF,63980,DELIVERED,3000,"2025-10-05 04:47:31"
2025-10-05,3030341,191503,TIMWE_RENEWED_NOTIF,63980,DELIVERED,3000,"2025-10-05 04:47:31"
2025-10-05,3030343,194217,TIMWE_RENEWED_NOTIF,63980,DELIVERED,3000,"2025-10-05 04:47:32"
2025-10-05,3030343,194217,TIMWE_RENEWED_NOTIF,63980,DELIVERED,3000,"2025-10-05 04:47:32"
2025-10-05,3030343,194217,TIMWE_RENEWED_NOTIF,63980,DELIVERED,3000,"2025-10-05 04:47:32"
2025-10-05,3030343,194217,TIMWE_RENEWED_NOTIF,63980,DELIVERED,3000,"2025-10-05 04:47:32"
2025-10-05,3030343,194217,TIMWE_RENEWED_NOTIF,63980,DELIVERED,3000,"2025-10-05 04:47:32"
2025-10-05,3030343,194217,TIMWE_RENEWED_NOTIF,63980,DELIVERED,3000,"2025-10-05 04:47:32"
2025-10-05,3030345,191568,TIMWE_RENEWED_NOTIF,63980,DELIVERED,3000,"2025-10-05 04:47:34"
2025-10-05,3030345,191568,TIMWE_RENEWED_NOTIF,63980,DELIVERED,3000,"2025-10-05 04:47:34"
2025-10-05,3030345,191568,TIMWE_RENEWED_NOTIF,63980,DELIVERED,3000,"2025-10-05 04:47:34"
2025-10-05,3030347,191365,TIMWE_RENEWED_NOTIF,63980,DELIVERED,3000,"2025-10-05 04:47:34"
2025-10-05,3030347,191365,TIMWE_RENEWED_NOTIF,63980,DELIVERED,3000,"2025-10-05 04:47:34"
2025-10-05,3030347,191365,TIMWE_RENEWED_NOTIF,63980,DELIVERED,3000,"2025-10-05 04:47:34"
2025-10-05,3030349,193369,TIMWE_RENEWED_NOTIF,63980,DELIVERED,3000,"2025-10-05 04:47:38"
2025-10-05,3030349,193369,TIMWE_RENEWED_NOTIF,63980,DELIVERED,3000,"2025-10-05 04:47:38"
2025-10-05,3030349,193369,TIMWE_RENEWED_NOTIF,63980,DELIVERED,3000,"2025-10-05 04:47:38"
2025-10-05,3030351,193025,TIMWE_RENEWED_NOTIF,63980,DELIVERED,3000,"2025-10-05 04:47:43"
2025-10-05,3030351,193025,TIMWE_RENEWED_NOTIF,63980,DELIVERED,3000,"2025-10-05 04:47:43"
2025-10-05,3030351,193025,TIMWE_RENEWED_NOTIF,63980,DELIVERED,3000,"2025-10-05 04:47:43"
2025-10-05,3030353,192112,TIMWE_RENEWED_NOTIF,63980,DELIVERED,3000,"2025-10-05 04:47:45"
2025-10-05,3030353,192112,TIMWE_RENEWED_NOTIF,63980,DELIVERED,3000,"2025-10-05 04:47:45"
2025-10-05,3030353,192112,TIMWE_RENEWED_NOTIF,63980,DELIVERED,3000,"2025-10-05 04:47:45"
2025-10-05,3030353,192112,TIMWE_RENEWED_NOTIF,63980,DELIVERED,3000,"2025-10-05 04:47:45"
2025-10-05,3030353,192112,TIMWE_RENEWED_NOTIF,63980,DELIVERED,3000,"2025-10-05 04:47:45"
2025-10-05,3030355,192303,TIMWE_RENEWED_NOTIF,63980,DELIVERED,3000,"2025-10-05 04:47:47"
2025-10-05,3030355,192303,TIMWE_RENEWED_NOTIF,63980,DELIVERED,3000,"2025-10-05 04:47:47"
2025-10-05,3030355,192303,TIMWE_RENEWED_NOTIF,63980,DELIVERED,3000,"2025-10-05 04:47:47"
2025-10-05,3030355,192303,TIMWE_RENEWED_NOTIF,63980,DELIVERED,3000,"2025-10-05 04:47:47"
2025-10-05,3030355,192303,TIMWE_RENEWED_NOTIF,63980,DELIVERED,3000,"2025-10-05 04:47:47"
2025-10-05,3030355,192303,TIMWE_RENEWED_NOTIF,63980,DELIVERED,3000,"2025-10-05 04:47:47"
2025-10-05,3030357,193421,TIMWE_RENEWED_NOTIF,63980,DELIVERED,3000,"2025-10-05 04:47:56"
2025-10-05,3030357,193421,TIMWE_RENEWED_NOTIF,63980,DELIVERED,3000,"2025-10-05 04:47:56"
2025-10-05,3030357,193421,TIMWE_RENEWED_NOTIF,63980,DELIVERED,3000,"2025-10-05 04:47:56"
2025-10-05,3030357,193421,TIMWE_RENEWED_NOTIF,63980,DELIVERED,3000,"2025-10-05 04:47:56"
2025-10-05,3030357,193421,TIMWE_RENEWED_NOTIF,63980,DELIVERED,3000,"2025-10-05 04:47:56"
2025-10-05,3030357,193421,TIMWE_RENEWED_NOTIF,63980,DELIVERED,3000,"2025-10-05 04:47:56"
2025-10-05,3030359,193197,TIMWE_RENEWED_NOTIF,63980,DELIVERED,3000,"2025-10-05 04:48:01"
2025-10-05,3030359,193197,TIMWE_RENEWED_NOTIF,63980,DELIVERED,3000,"2025-10-05 04:48:01"
2025-10-05,3030359,193197,TIMWE_RENEWED_NOTIF,63980,DELIVERED,3000,"2025-10-05 04:48:01"
2025-10-05,3030361,207337,TIMWE_RENEWED_NOTIF,63980,DELIVERED,3000,"2025-10-05 04:48:17"
2025-10-05,3030361,207337,TIMWE_RENEWED_NOTIF,63980,DELIVERED,3000,"2025-10-05 04:48:17"
2025-10-05,3030361,207337,TIMWE_RENEWED_NOTIF,63980,DELIVERED,3000,"2025-10-05 04:48:17"
2025-10-05,3030363,192463,TIMWE_RENEWED_NOTIF,63980,DELIVERED,3000,"2025-10-05 04:48:19"
2025-10-05,3030363,192463,TIMWE_RENEWED_NOTIF,63980,DELIVERED,3000,"2025-10-05 04:48:19"
2025-10-05,3030363,192463,TIMWE_RENEWED_NOTIF,63980,DELIVERED,3000,"2025-10-05 04:48:19"
2025-10-05,3030365,194218,TIMWE_RENEWED_NOTIF,63980,DELIVERED,3000,"2025-10-05 04:48:34"
2025-10-05,3030365,194218,TIMWE_RENEWED_NOTIF,63980,DELIVERED,3000,"2025-10-05 04:48:34"
2025-10-05,3030365,194218,TIMWE_RENEWED_NOTIF,63980,DELIVERED,3000,"2025-10-05 04:48:34"
2025-10-05,3030367,217524,TIMWE_RENEWED_NOTIF,63980,DELIVERED,3000,"2025-10-05 04:48:47"
2025-10-05,3030367,217524,TIMWE_RENEWED_NOTIF,63980,DELIVERED,3000,"2025-10-05 04:48:47"
2025-10-05,3030369,193863,TIMWE_RENEWED_NOTIF,63980,DELIVERED,3000,"2025-10-05 04:49:32"
2025-10-05,3030369,193863,TIMWE_RENEWED_NOTIF,63980,DELIVERED,3000,"2025-10-05 04:49:32"
2025-10-05,3030369,193863,TIMWE_RENEWED_NOTIF,63980,DELIVERED,3000,"2025-10-05 04:49:32"
2025-10-05,3030369,193863,TIMWE_RENEWED_NOTIF,63980,DELIVERED,3000,"2025-10-05 04:49:32"
2025-10-05,3030369,193863,TIMWE_RENEWED_NOTIF,63980,DELIVERED,3000,"2025-10-05 04:49:32"
2025-10-05,3030369,193863,TIMWE_RENEWED_NOTIF,63980,DELIVERED,3000,"2025-10-05 04:49:32"
2025-10-05,3030371,193969,TIMWE_RENEWED_NOTIF,63980,DELIVERED,3000,"2025-10-05 04:49:52"
2025-10-05,3030371,193969,TIMWE_RENEWED_NOTIF,63980,DELIVERED,3000,"2025-10-05 04:49:52"
2025-10-05,3030371,193969,TIMWE_RENEWED_NOTIF,63980,DELIVERED,3000,"2025-10-05 04:49:52"
2025-10-05,3030371,193969,TIMWE_RENEWED_NOTIF,63980,DELIVERED,3000,"2025-10-05 04:49:52"
2025-10-05,3030373,193712,TIMWE_RENEWED_NOTIF,63980,DELIVERED,3000,"2025-10-05 04:50:07"
2025-10-05,3030373,193712,TIMWE_RENEWED_NOTIF,63980,DELIVERED,3000,"2025-10-05 04:50:07"
2025-10-05,3030373,193712,TIMWE_RENEWED_NOTIF,63980,DELIVERED,3000,"2025-10-05 04:50:07"
2025-10-05,3030373,193712,TIMWE_RENEWED_NOTIF,63980,DELIVERED,3000,"2025-10-05 04:50:07"
2025-10-05,3030373,193712,TIMWE_RENEWED_NOTIF,63980,DELIVERED,3000,"2025-10-05 04:50:07"
2025-10-05,3030373,193712,TIMWE_RENEWED_NOTIF,63980,DELIVERED,3000,"2025-10-05 04:50:07"
2025-10-05,3030375,229280,TIMWE_RENEWED_NOTIF,63980,DELIVERED,3000,"2025-10-05 04:54:32"
2025-10-05,3030375,229280,TIMWE_RENEWED_NOTIF,63980,DELIVERED,3000,"2025-10-05 04:54:32"
2025-10-05,3030375,229280,TIMWE_RENEWED_NOTIF,63980,DELIVERED,3000,"2025-10-05 04:54:32"
2025-10-05,3030375,229280,TIMWE_RENEWED_NOTIF,63980,DELIVERED,3000,"2025-10-05 04:54:32"
2025-10-05,3030375,229280,TIMWE_RENEWED_NOTIF,63980,DELIVERED,3000,"2025-10-05 04:54:32"
2025-10-05,3030375,229280,TIMWE_RENEWED_NOTIF,63980,DELIVERED,3000,"2025-10-05 04:54:32"
2025-10-05,3030377,226924,TIMWE_RENEWED_NOTIF,63980,DELIVERED,3000,"2025-10-05 04:54:58"
2025-10-05,3030377,226924,TIMWE_RENEWED_NOTIF,63980,DELIVERED,3000,"2025-10-05 04:54:58"
2025-10-05,3030377,226924,TIMWE_RENEWED_NOTIF,63980,DELIVERED,3000,"2025-10-05 04:54:58"
2025-10-05,3030377,226924,TIMWE_RENEWED_NOTIF,63980,DELIVERED,3000,"2025-10-05 04:54:58"
2025-10-05,3030377,226924,TIMWE_RENEWED_NOTIF,63980,DELIVERED,3000,"2025-10-05 04:54:58"
2025-10-05,3030379,227687,TIMWE_RENEWED_NOTIF,63980,DELIVERED,3000,"2025-10-05 04:56:03"
2025-10-05,3030379,227687,TIMWE_RENEWED_NOTIF,63980,DELIVERED,3000,"2025-10-05 04:56:03"
2025-10-05,3030381,229262,TIMWE_RENEWED_NOTIF,63980,DELIVERED,3000,"2025-10-05 04:57:49"
2025-10-05,3030381,229262,TIMWE_RENEWED_NOTIF,63980,DELIVERED,3000,"2025-10-05 04:57:49"
2025-10-05,3030381,229262,TIMWE_RENEWED_NOTIF,63980,DELIVERED,3000,"2025-10-05 04:57:49"
2025-10-05,3030381,229262,TIMWE_RENEWED_NOTIF,63980,DELIVERED,3000,"2025-10-05 04:57:49"
2025-10-05,3030383,220273,TIMWE_RENEWED_NOTIF,63980,DELIVERED,3000,"2025-10-05 04:59:14"
2025-10-05,3030383,220273,TIMWE_RENEWED_NOTIF,63980,DELIVERED,3000,"2025-10-05 04:59:14"
2025-10-05,3030385,235026,TIMWE_RENEWED_NOTIF,63980,DELIVERED,3000,"2025-10-05 04:59:57"
2025-10-05,3030385,235026,TIMWE_RENEWED_NOTIF,63980,DELIVERED,3000,"2025-10-05 04:59:57"
2025-10-05,3030387,188684,TIMWE_RENEWED_NOTIF,63980,DELIVERED,3000,"2025-10-05 05:24:05"
2025-10-05,3030387,188684,TIMWE_RENEWED_NOTIF,63980,DELIVERED,3000,"2025-10-05 05:24:05"
2025-10-05,3030387,188684,TIMWE_RENEWED_NOTIF,63980,DELIVERED,3000,"2025-10-05 05:24:05"
2025-10-05,3030387,188684,TIMWE_RENEWED_NOTIF,63980,DELIVERED,3000,"2025-10-05 05:24:05"
2025-10-05,3030389,184297,TIMWE_RENEWED_NOTIF,63980,DELIVERED,3000,"2025-10-05 05:24:42"
2025-10-05,3030389,184297,TIMWE_RENEWED_NOTIF,63980,DELIVERED,3000,"2025-10-05 05:24:42"
2025-10-05,3030389,184297,TIMWE_RENEWED_NOTIF,63980,DELIVERED,3000,"2025-10-05 05:24:42"
2025-10-05,3030391,189896,TIMWE_RENEWED_NOTIF,63980,DELIVERED,3000,"2025-10-05 05:25:45"
2025-10-05,3030391,189896,TIMWE_RENEWED_NOTIF,63980,DELIVERED,3000,"2025-10-05 05:25:45"
2025-10-05,3030391,189896,TIMWE_RENEWED_NOTIF,63980,DELIVERED,3000,"2025-10-05 05:25:45"
2025-10-05,3030391,189896,TIMWE_RENEWED_NOTIF,63980,DELIVERED,3000,"2025-10-05 05:25:45"
2025-10-05,3030391,189896,TIMWE_RENEWED_NOTIF,63980,DELIVERED,3000,"2025-10-05 05:25:45"
2025-10-05,3030391,189896,TIMWE_RENEWED_NOTIF,63980,DELIVERED,3000,"2025-10-05 05:25:45"
2025-10-05,3030393,211332,TIMWE_RENEWED_NOTIF,63980,DELIVERED,3000,"2025-10-05 05:25:56"
2025-10-05,3030393,211332,TIMWE_RENEWED_NOTIF,63980,DELIVERED,3000,"2025-10-05 05:25:56"
2025-10-05,3030395,173231,TIMWE_RENEWED_NOTIF,63980,DELIVERED,3000,"2025-10-05 05:26:07"
2025-10-05,3030395,173231,TIMWE_RENEWED_NOTIF,63980,DELIVERED,3000,"2025-10-05 05:26:07"
2025-10-05,3030395,173231,TIMWE_RENEWED_NOTIF,63980,DELIVERED,3000,"2025-10-05 05:26:07"
2025-10-05,3030395,173231,TIMWE_RENEWED_NOTIF,63980,DELIVERED,3000,"2025-10-05 05:26:07"
2025-10-05,3030395,173231,TIMWE_RENEWED_NOTIF,63980,DELIVERED,3000,"2025-10-05 05:26:07"
2025-10-05,3030395,173231,TIMWE_RENEWED_NOTIF,63980,DELIVERED,3000,"2025-10-05 05:26:07"
2025-10-05,3030395,173231,TIMWE_RENEWED_NOTIF,63980,DELIVERED,3000,"2025-10-05 05:26:07"
2025-10-05,3030397,188841,TIMWE_RENEWED_NOTIF,63980,DELIVERED,3000,"2025-10-05 05:26:30"
2025-10-05,3030397,188841,TIMWE_RENEWED_NOTIF,63980,DELIVERED,3000,"2025-10-05 05:26:30"
2025-10-05,3030397,188841,TIMWE_RENEWED_NOTIF,63980,DELIVERED,3000,"2025-10-05 05:26:30"
2025-10-05,3030399,189907,TIMWE_RENEWED_NOTIF,63980,DELIVERED,3000,"2025-10-05 05:26:37"
2025-10-05,3030399,189907,TIMWE_RENEWED_NOTIF,63980,DELIVERED,3000,"2025-10-05 05:26:37"
2025-10-05,3030399,189907,TIMWE_RENEWED_NOTIF,63980,DELIVERED,3000,"2025-10-05 05:26:37"
2025-10-05,3030399,189907,TIMWE_RENEWED_NOTIF,63980,DELIVERED,3000,"2025-10-05 05:26:37"
2025-10-05,3030399,189907,TIMWE_RENEWED_NOTIF,63980,DELIVERED,3000,"2025-10-05 05:26:37"
2025-10-05,3030399,189907,TIMWE_RENEWED_NOTIF,63980,DELIVERED,3000,"2025-10-05 05:26:37"
2025-10-05,3030401,190616,TIMWE_RENEWED_NOTIF,63980,DELIVERED,3000,"2025-10-05 05:26:53"
2025-10-05,3030401,190616,TIMWE_RENEWED_NOTIF,63980,DELIVERED,3000,"2025-10-05 05:26:53"
2025-10-05,3030401,190616,TIMWE_RENEWED_NOTIF,63980,DELIVERED,3000,"2025-10-05 05:26:53"
2025-10-05,3030401,190616,TIMWE_RENEWED_NOTIF,63980,DELIVERED,3000,"2025-10-05 05:26:53"
2025-10-05,3030401,190616,TIMWE_RENEWED_NOTIF,63980,DELIVERED,3000,"2025-10-05 05:26:53"
2025-10-05,3030401,190616,TIMWE_RENEWED_NOTIF,63980,DELIVERED,3000,"2025-10-05 05:26:53"
2025-10-05,3030403,190938,TIMWE_RENEWED_NOTIF,63980,DELIVERED,3000,"2025-10-05 05:26:57"
2025-10-05,3030403,190938,TIMWE_RENEWED_NOTIF,63980,DELIVERED,3000,"2025-10-05 05:26:57"
2025-10-05,3030403,190938,TIMWE_RENEWED_NOTIF,63980,DELIVERED,3000,"2025-10-05 05:26:57"
2025-10-05,3030403,190938,TIMWE_RENEWED_NOTIF,63980,DELIVERED,3000,"2025-10-05 05:26:57"
2025-10-05,3030405,191039,TIMWE_RENEWED_NOTIF,63980,DELIVERED,3000,"2025-10-05 05:27:09"
2025-10-05,3030405,191039,TIMWE_RENEWED_NOTIF,63980,DELIVERED,3000,"2025-10-05 05:27:09"
2025-10-05,3030405,191039,TIMWE_RENEWED_NOTIF,63980,DELIVERED,3000,"2025-10-05 05:27:09"
2025-10-05,3030407,190287,TIMWE_RENEWED_NOTIF,63980,DELIVERED,3000,"2025-10-05 05:27:21"
2025-10-05,3030407,190287,TIMWE_RENEWED_NOTIF,63980,DELIVERED,3000,"2025-10-05 05:27:21"
2025-10-05,3030407,190287,TIMWE_RENEWED_NOTIF,63980,DELIVERED,3000,"2025-10-05 05:27:21"
2025-10-05,3030409,191747,TIMWE_RENEWED_NOTIF,63980,DELIVERED,3000,"2025-10-05 05:27:25"
2025-10-05,3030409,191747,TIMWE_RENEWED_NOTIF,63980,DELIVERED,3000,"2025-10-05 05:27:25"
2025-10-05,3030409,191747,TIMWE_RENEWED_NOTIF,63980,DELIVERED,3000,"2025-10-05 05:27:25"
2025-10-05,3030411,192823,TIMWE_RENEWED_NOTIF,63980,DELIVERED,3000,"2025-10-05 05:27:48"
2025-10-05,3030411,192823,TIMWE_RENEWED_NOTIF,63980,DELIVERED,3000,"2025-10-05 05:27:48"
2025-10-05,3030411,192823,TIMWE_RENEWED_NOTIF,63980,DELIVERED,3000,"2025-10-05 05:27:48"
2025-10-05,3030413,214304,TIMWE_RENEWED_NOTIF,63980,DELIVERED,3000,"2025-10-05 05:28:03"
2025-10-05,3030413,214304,TIMWE_RENEWED_NOTIF,63980,DELIVERED,3000,"2025-10-05 05:28:03"
2025-10-05,3030415,193074,TIMWE_RENEWED_NOTIF,63980,DELIVERED,3000,"2025-10-05 05:28:07"
2025-10-05,3030415,193074,TIMWE_RENEWED_NOTIF,63980,DELIVERED,3000,"2025-10-05 05:28:07"
2025-10-05,3030415,193074,TIMWE_RENEWED_NOTIF,63980,DELIVERED,3000,"2025-10-05 05:28:07"
2025-10-05,3030415,193074,TIMWE_RENEWED_NOTIF,63980,DELIVERED,3000,"2025-10-05 05:28:07"
2025-10-05,3030417,189212,TIMWE_RENEWED_NOTIF,63980,DELIVERED,3000,"2025-10-05 05:28:09"
2025-10-05,3030417,189212,TIMWE_RENEWED_NOTIF,63980,DELIVERED,3000,"2025-10-05 05:28:09"
2025-10-05,3030417,189212,TIMWE_RENEWED_NOTIF,63980,DELIVERED,3000,"2025-10-05 05:28:09"
2025-10-05,3030417,189212,TIMWE_RENEWED_NOTIF,63980,DELIVERED,3000,"2025-10-05 05:28:09"
2025-10-05,3030419,193448,TIMWE_RENEWED_NOTIF,63980,DELIVERED,3000,"2025-10-05 05:28:10"
2025-10-05,3030419,193448,TIMWE_RENEWED_NOTIF,63980,DELIVERED,3000,"2025-10-05 05:28:10"
2025-10-05,3030419,193448,TIMWE_RENEWED_NOTIF,63980,DELIVERED,3000,"2025-10-05 05:28:10"
2025-10-05,3030419,193448,TIMWE_RENEWED_NOTIF,63980,DELIVERED,3000,"2025-10-05 05:28:10"
2025-10-05,3030419,193448,TIMWE_RENEWED_NOTIF,63980,DELIVERED,3000,"2025-10-05 05:28:10"
2025-10-05,3030419,193448,TIMWE_RENEWED_NOTIF,63980,DELIVERED,3000,"2025-10-05 05:28:10"
2025-10-05,3030421,214357,TIMWE_RENEWED_NOTIF,63980,DELIVERED,3000,"2025-10-05 05:28:11"
2025-10-05,3030421,214357,TIMWE_RENEWED_NOTIF,63980,DELIVERED,3000,"2025-10-05 05:28:11"
2025-10-05,3030421,214357,TIMWE_RENEWED_NOTIF,63980,DELIVERED,3000,"2025-10-05 05:28:11"
2025-10-05,3030423,190883,TIMWE_RENEWED_NOTIF,63980,DELIVERED,3000,"2025-10-05 05:28:11"
2025-10-05,3030423,190883,TIMWE_RENEWED_NOTIF,63980,DELIVERED,3000,"2025-10-05 05:28:11"
2025-10-05,3030423,190883,TIMWE_RENEWED_NOTIF,63980,DELIVERED,3000,"2025-10-05 05:28:11"
2025-10-05,3030423,190883,TIMWE_RENEWED_NOTIF,63980,DELIVERED,3000,"2025-10-05 05:28:11"
2025-10-05,3030423,190883,TIMWE_RENEWED_NOTIF,63980,DELIVERED,3000,"2025-10-05 05:28:11"
2025-10-05,3030423,190883,TIMWE_RENEWED_NOTIF,63980,DELIVERED,3000,"2025-10-05 05:28:11"
2025-10-05,3030425,192741,TIMWE_RENEWED_NOTIF,63980,DELIVERED,3000,"2025-10-05 05:28:22"
2025-10-05,3030425,192741,TIMWE_RENEWED_NOTIF,63980,DELIVERED,3000,"2025-10-05 05:28:22"
2025-10-05,3030425,192741,TIMWE_RENEWED_NOTIF,63980,DELIVERED,3000,"2025-10-05 05:28:22"
2025-10-05,3030425,192741,TIMWE_RENEWED_NOTIF,63980,DELIVERED,3000,"2025-10-05 05:28:22"
2025-10-05,3030425,192741,TIMWE_RENEWED_NOTIF,63980,DELIVERED,3000,"2025-10-05 05:28:22"
2025-10-05,3030427,190427,TIMWE_RENEWED_NOTIF,63980,DELIVERED,3000,"2025-10-05 05:28:35"
2025-10-05,3030427,190427,TIMWE_RENEWED_NOTIF,63980,DELIVERED,3000,"2025-10-05 05:28:35"
2025-10-05,3030427,190427,TIMWE_RENEWED_NOTIF,63980,DELIVERED,3000,"2025-10-05 05:28:35"
2025-10-05,3030427,190427,TIMWE_RENEWED_NOTIF,63980,DELIVERED,3000,"2025-10-05 05:28:35"
2025-10-05,3030427,190427,TIMWE_RENEWED_NOTIF,63980,DELIVERED,3000,"2025-10-05 05:28:35"
2025-10-05,3030429,211655,TIMWE_RENEWED_NOTIF,63980,DELIVERED,3000,"2025-10-05 05:28:44"
2025-10-05,3030429,211655,TIMWE_RENEWED_NOTIF,63980,DELIVERED,3000,"2025-10-05 05:28:44"
2025-10-05,3030429,211655,TIMWE_RENEWED_NOTIF,63980,DELIVERED,3000,"2025-10-05 05:28:44"
2025-10-05,3030429,211655,TIMWE_RENEWED_NOTIF,63980,DELIVERED,3000,"2025-10-05 05:28:44"
2025-10-05,3030429,211655,TIMWE_RENEWED_NOTIF,63980,DELIVERED,3000,"2025-10-05 05:28:44"
2025-10-05,3030431,193274,TIMWE_RENEWED_NOTIF,63980,DELIVERED,3000,"2025-10-05 05:28:49"
2025-10-05,3030431,193274,TIMWE_RENEWED_NOTIF,63980,DELIVERED,3000,"2025-10-05 05:28:49"
2025-10-05,3030431,193274,TIMWE_RENEWED_NOTIF,63980,DELIVERED,3000,"2025-10-05 05:28:49"
2025-10-05,3030431,193274,TIMWE_RENEWED_NOTIF,63980,DELIVERED,3000,"2025-10-05 05:28:49"
2025-10-05,3030431,193274,TIMWE_RENEWED_NOTIF,63980,DELIVERED,3000,"2025-10-05 05:28:49"
2025-10-05,3030433,193883,TIMWE_RENEWED_NOTIF,63980,DELIVERED,3000,"2025-10-05 05:28:51"
2025-10-05,3030433,193883,TIMWE_RENEWED_NOTIF,63980,DELIVERED,3000,"2025-10-05 05:28:51"
2025-10-05,3030433,193883,TIMWE_RENEWED_NOTIF,63980,DELIVERED,3000,"2025-10-05 05:28:51"
2025-10-05,3030433,193883,TIMWE_RENEWED_NOTIF,63980,DELIVERED,3000,"2025-10-05 05:28:51"
2025-10-05,3030433,193883,TIMWE_RENEWED_NOTIF,63980,DELIVERED,3000,"2025-10-05 05:28:51"
2025-10-05,3030433,193883,TIMWE_RENEWED_NOTIF,63980,DELIVERED,3000,"2025-10-05 05:28:51"
2025-10-05,3030435,191574,TIMWE_RENEWED_NOTIF,63980,DELIVERED,3000,"2025-10-05 05:28:56"
2025-10-05,3030435,191574,TIMWE_RENEWED_NOTIF,63980,DELIVERED,3000,"2025-10-05 05:28:56"
2025-10-05,3030435,191574,TIMWE_RENEWED_NOTIF,63980,DELIVERED,3000,"2025-10-05 05:28:56"
2025-10-05,3030435,191574,TIMWE_RENEWED_NOTIF,63980,DELIVERED,3000,"2025-10-05 05:28:56"
2025-10-05,3030435,191574,TIMWE_RENEWED_NOTIF,63980,DELIVERED,3000,"2025-10-05 05:28:56"
2025-10-05,3030435,191574,TIMWE_RENEWED_NOTIF,63980,DELIVERED,3000,"2025-10-05 05:28:56"
2025-10-05,3030437,188658,TIMWE_RENEWED_NOTIF,63980,DELIVERED,3000,"2025-10-05 05:28:58"
2025-10-05,3030437,188658,TIMWE_RENEWED_NOTIF,63980,DELIVERED,3000,"2025-10-05 05:28:58"
2025-10-05,3030437,188658,TIMWE_RENEWED_NOTIF,63980,DELIVERED,3000,"2025-10-05 05:28:58"
2025-10-05,3030437,188658,TIMWE_RENEWED_NOTIF,63980,DELIVERED,3000,"2025-10-05 05:28:58"
2025-10-05,3030437,188658,TIMWE_RENEWED_NOTIF,63980,DELIVERED,3000,"2025-10-05 05:28:58"
2025-10-05,3030437,188658,TIMWE_RENEWED_NOTIF,63980,DELIVERED,3000,"2025-10-05 05:28:58"
2025-10-05,3030439,190742,TIMWE_RENEWED_NOTIF,63980,DELIVERED,3000,"2025-10-05 05:28:59"
2025-10-05,3030439,190742,TIMWE_RENEWED_NOTIF,63980,DELIVERED,3000,"2025-10-05 05:28:59"
2025-10-05,3030439,190742,TIMWE_RENEWED_NOTIF,63980,DELIVERED,3000,"2025-10-05 05:28:59"
2025-10-05,3030439,190742,TIMWE_RENEWED_NOTIF,63980,DELIVERED,3000,"2025-10-05 05:28:59"
2025-10-05,3030439,190742,TIMWE_RENEWED_NOTIF,63980,DELIVERED,3000,"2025-10-05 05:28:59"
2025-10-05,3030441,191291,TIMWE_RENEWED_NOTIF,63980,DELIVERED,3000,"2025-10-05 05:29:06"
2025-10-05,3030441,191291,TIMWE_RENEWED_NOTIF,63980,DELIVERED,3000,"2025-10-05 05:29:06"
2025-10-05,3030441,191291,TIMWE_RENEWED_NOTIF,63980,DELIVERED,3000,"2025-10-05 05:29:06"
2025-10-05,3030441,191291,TIMWE_RENEWED_NOTIF,63980,DELIVERED,3000,"2025-10-05 05:29:06"
2025-10-05,3030441,191291,TIMWE_RENEWED_NOTIF,63980,DELIVERED,3000,"2025-10-05 05:29:06"
2025-10-05,3030441,191291,TIMWE_RENEWED_NOTIF,63980,DELIVERED,3000,"2025-10-05 05:29:06"
2025-10-05,3030443,192803,TIMWE_RENEWED_NOTIF,63980,DELIVERED,3000,"2025-10-05 05:29:27"
2025-10-05,3030443,192803,TIMWE_RENEWED_NOTIF,63980,DELIVERED,3000,"2025-10-05 05:29:27"
2025-10-05,3030443,192803,TIMWE_RENEWED_NOTIF,63980,DELIVERED,3000,"2025-10-05 05:29:27"
2025-10-05,3030443,192803,TIMWE_RENEWED_NOTIF,63980,DELIVERED,3000,"2025-10-05 05:29:27"
2025-10-05,3030443,192803,TIMWE_RENEWED_NOTIF,63980,DELIVERED,3000,"2025-10-05 05:29:27"
2025-10-05,3030445,193785,TIMWE_RENEWED_NOTIF,63980,DELIVERED,3000,"2025-10-05 05:29:30"
2025-10-05,3030445,193785,TIMWE_RENEWED_NOTIF,63980,DELIVERED,3000,"2025-10-05 05:29:30"
2025-10-05,3030445,193785,TIMWE_RENEWED_NOTIF,63980,DELIVERED,3000,"2025-10-05 05:29:30"
2025-10-05,3030445,193785,TIMWE_RENEWED_NOTIF,63980,DELIVERED,3000,"2025-10-05 05:29:30"
2025-10-05,3030447,191500,TIMWE_RENEWED_NOTIF,63980,DELIVERED,3000,"2025-10-05 05:29:30"
2025-10-05,3030447,191500,TIMWE_RENEWED_NOTIF,63980,DELIVERED,3000,"2025-10-05 05:29:30"
2025-10-05,3030447,191500,TIMWE_RENEWED_NOTIF,63980,DELIVERED,3000,"2025-10-05 05:29:30"
2025-10-05,3030447,191500,TIMWE_RENEWED_NOTIF,63980,DELIVERED,3000,"2025-10-05 05:29:30"
2025-10-05,3030447,191500,TIMWE_RENEWED_NOTIF,63980,DELIVERED,3000,"2025-10-05 05:29:30"
2025-10-05,3030449,192408,TIMWE_RENEWED_NOTIF,63980,DELIVERED,3000,"2025-10-05 05:29:37"
2025-10-05,3030449,192408,TIMWE_RENEWED_NOTIF,63980,DELIVERED,3000,"2025-10-05 05:29:37"
2025-10-05,3030449,192408,TIMWE_RENEWED_NOTIF,63980,DELIVERED,3000,"2025-10-05 05:29:37"
2025-10-05,3030451,192689,TIMWE_RENEWED_NOTIF,63980,DELIVERED,3000,"2025-10-05 05:29:39"
2025-10-05,3030451,192689,TIMWE_RENEWED_NOTIF,63980,DELIVERED,3000,"2025-10-05 05:29:39"
2025-10-05,3030451,192689,TIMWE_RENEWED_NOTIF,63980,DELIVERED,3000,"2025-10-05 05:29:39"
2025-10-05,3030451,192689,TIMWE_RENEWED_NOTIF,63980,DELIVERED,3000,"2025-10-05 05:29:39"
2025-10-05,3030451,192689,TIMWE_RENEWED_NOTIF,63980,DELIVERED,3000,"2025-10-05 05:29:39"
2025-10-05,3030451,192689,TIMWE_RENEWED_NOTIF,63980,DELIVERED,3000,"2025-10-05 05:29:39"
2025-10-05,3030453,193206,TIMWE_RENEWED_NOTIF,63980,DELIVERED,3000,"2025-10-05 05:29:47"
2025-10-05,3030453,193206,TIMWE_RENEWED_NOTIF,63980,DELIVERED,3000,"2025-10-05 05:29:47"
2025-10-05,3030453,193206,TIMWE_RENEWED_NOTIF,63980,DELIVERED,3000,"2025-10-05 05:29:47"
2025-10-05,3030453,193206,TIMWE_RENEWED_NOTIF,63980,DELIVERED,3000,"2025-10-05 05:29:47"
2025-10-05,3030453,193206,TIMWE_RENEWED_NOTIF,63980,DELIVERED,3000,"2025-10-05 05:29:47"
2025-10-05,3030453,193206,TIMWE_RENEWED_NOTIF,63980,DELIVERED,3000,"2025-10-05 05:29:47"
2025-10-05,3030455,191476,TIMWE_RENEWED_NOTIF,63980,DELIVERED,3000,"2025-10-05 05:29:53"
2025-10-05,3030455,191476,TIMWE_RENEWED_NOTIF,63980,DELIVERED,3000,"2025-10-05 05:29:53"
2025-10-05,3030455,191476,TIMWE_RENEWED_NOTIF,63980,DELIVERED,3000,"2025-10-05 05:29:53"
2025-10-05,3030455,191476,TIMWE_RENEWED_NOTIF,63980,DELIVERED,3000,"2025-10-05 05:29:53"
2025-10-05,3030455,191476,TIMWE_RENEWED_NOTIF,63980,DELIVERED,3000,"2025-10-05 05:29:53"
2025-10-05,3030455,191476,TIMWE_RENEWED_NOTIF,63980,DELIVERED,3000,"2025-10-05 05:29:53"
2025-10-05,3030457,193681,TIMWE_RENEWED_NOTIF,63980,DELIVERED,3000,"2025-10-05 05:30:25"
2025-10-05,3030457,193681,TIMWE_RENEWED_NOTIF,63980,DELIVERED,3000,"2025-10-05 05:30:25"
2025-10-05,3030457,193681,TIMWE_RENEWED_NOTIF,63980,DELIVERED,3000,"2025-10-05 05:30:25"
2025-10-05,3030459,193699,TIMWE_RENEWED_NOTIF,63980,DELIVERED,3000,"2025-10-05 05:30:50"
2025-10-05,3030459,193699,TIMWE_RENEWED_NOTIF,63980,DELIVERED,3000,"2025-10-05 05:30:50"
2025-10-05,3030459,193699,TIMWE_RENEWED_NOTIF,63980,DELIVERED,3000,"2025-10-05 05:30:50"
2025-10-05,3030461,192322,TIMWE_RENEWED_NOTIF,63980,DELIVERED,3000,"2025-10-05 05:30:50"
2025-10-05,3030461,192322,TIMWE_RENEWED_NOTIF,63980,DELIVERED,3000,"2025-10-05 05:30:50"
2025-10-05,3030461,192322,TIMWE_RENEWED_NOTIF,63980,DELIVERED,3000,"2025-10-05 05:30:50"
2025-10-05,3030461,192322,TIMWE_RENEWED_NOTIF,63980,DELIVERED,3000,"2025-10-05 05:30:50"
2025-10-05,3030461,192322,TIMWE_RENEWED_NOTIF,63980,DELIVERED,3000,"2025-10-05 05:30:50"
2025-10-05,3030461,192322,TIMWE_RENEWED_NOTIF,63980,DELIVERED,3000,"2025-10-05 05:30:50"
2025-10-05,3030463,194145,TIMWE_RENEWED_NOTIF,63980,DELIVERED,3000,"2025-10-05 05:30:53"
2025-10-05,3030463,194145,TIMWE_RENEWED_NOTIF,63980,DELIVERED,3000,"2025-10-05 05:30:53"
2025-10-05,3030463,194145,TIMWE_RENEWED_NOTIF,63980,DELIVERED,3000,"2025-10-05 05:30:53"
2025-10-05,3030465,194049,TIMWE_RENEWED_NOTIF,63980,DELIVERED,3000,"2025-10-05 05:31:01"
2025-10-05,3030465,194049,TIMWE_RENEWED_NOTIF,63980,DELIVERED,3000,"2025-10-05 05:31:01"
2025-10-05,3030465,194049,TIMWE_RENEWED_NOTIF,63980,DELIVERED,3000,"2025-10-05 05:31:01"
2025-10-05,3030467,209391,TIMWE_RENEWED_NOTIF,63980,DELIVERED,3000,"2025-10-05 05:32:06"
2025-10-05,3030467,209391,TIMWE_RENEWED_NOTIF,63980,DELIVERED,3000,"2025-10-05 05:32:06"
2025-10-05,3030469,212420,TIMWE_RENEWED_NOTIF,63980,DELIVERED,3000,"2025-10-05 05:33:36"
2025-10-05,3030469,212420,TIMWE_RENEWED_NOTIF,63980,DELIVERED,3000,"2025-10-05 05:33:36"
2025-10-05,3030469,212420,TIMWE_RENEWED_NOTIF,63980,DELIVERED,3000,"2025-10-05 05:33:36"
2025-10-05,3030469,212420,TIMWE_RENEWED_NOTIF,63980,DELIVERED,3000,"2025-10-05 05:33:36"
2025-10-05,3030469,212420,TIMWE_RENEWED_NOTIF,63980,DELIVERED,3000,"2025-10-05 05:33:36"
2025-10-05,3030471,209727,TIMWE_RENEWED_NOTIF,63980,DELIVERED,3000,"2025-10-05 05:35:28"
2025-10-05,3030471,209727,TIMWE_RENEWED_NOTIF,63980,DELIVERED,3000,"2025-10-05 05:35:28"
2025-10-05,3030473,206387,TIMWE_RENEWED_NOTIF,63980,DELIVERED,3000,"2025-10-05 05:36:10"
2025-10-05,3030473,206387,TIMWE_RENEWED_NOTIF,63980,DELIVERED,3000,"2025-10-05 05:36:10"
2025-10-05,3030473,206387,TIMWE_RENEWED_NOTIF,63980,DELIVERED,3000,"2025-10-05 05:36:10"
2025-10-05,3030473,206387,TIMWE_RENEWED_NOTIF,63980,DELIVERED,3000,"2025-10-05 05:36:10"
2025-10-05,3030473,206387,TIMWE_RENEWED_NOTIF,63980,DELIVERED,3000,"2025-10-05 05:36:10"
2025-10-05,3030475,209769,TIMWE_RENEWED_NOTIF,63980,DELIVERED,3000,"2025-10-05 05:37:55"
2025-10-05,3030475,209769,TIMWE_RENEWED_NOTIF,63980,DELIVERED,3000,"2025-10-05 05:37:55"
2025-10-05,3030477,209871,TIMWE_RENEWED_NOTIF,63980,DELIVERED,3000,"2025-10-05 05:38:05"
2025-10-05,3030477,209871,TIMWE_RENEWED_NOTIF,63980,DELIVERED,3000,"2025-10-05 05:38:05"
2025-10-05,3030477,209871,TIMWE_RENEWED_NOTIF,63980,DELIVERED,3000,"2025-10-05 05:38:05"
2025-10-05,3030477,209871,TIMWE_RENEWED_NOTIF,63980,DELIVERED,3000,"2025-10-05 05:38:05"
2025-10-05,3030477,209871,TIMWE_RENEWED_NOTIF,63980,DELIVERED,3000,"2025-10-05 05:38:05"
2025-10-05,3030479,226360,TIMWE_RENEWED_NOTIF,63980,DELIVERED,3000,"2025-10-05 05:42:19"
2025-10-05,3030479,226360,TIMWE_RENEWED_NOTIF,63980,DELIVERED,3000,"2025-10-05 05:42:19"
2025-10-05,3030479,226360,TIMWE_RENEWED_NOTIF,63980,DELIVERED,3000,"2025-10-05 05:42:19"
2025-10-05,3030479,226360,TIMWE_RENEWED_NOTIF,63980,DELIVERED,3000,"2025-10-05 05:42:19"
2025-10-05,3030479,226360,TIMWE_RENEWED_NOTIF,63980,DELIVERED,3000,"2025-10-05 05:42:19"
2025-10-05,3030481,228890,TIMWE_RENEWED_NOTIF,63980,DELIVERED,3000,"2025-10-05 05:42:45"
2025-10-05,3030481,228890,TIMWE_RENEWED_NOTIF,63980,DELIVERED,3000,"2025-10-05 05:42:45"
2025-10-05,3030481,228890,TIMWE_RENEWED_NOTIF,63980,DELIVERED,3000,"2025-10-05 05:42:45"
2025-10-05,3030481,228890,TIMWE_RENEWED_NOTIF,63980,DELIVERED,3000,"2025-10-05 05:42:45"
2025-10-05,3030481,228890,TIMWE_RENEWED_NOTIF,63980,DELIVERED,3000,"2025-10-05 05:42:45"
2025-10-05,3030483,220760,TIMWE_RENEWED_NOTIF,63980,DELIVERED,3000,"2025-10-05 05:43:27"
2025-10-05,3030483,220760,TIMWE_RENEWED_NOTIF,63980,DELIVERED,3000,"2025-10-05 05:43:27"
2025-10-05,3030485,228838,TIMWE_RENEWED_NOTIF,63980,DELIVERED,3000,"2025-10-05 05:43:28"
2025-10-05,3030485,228838,TIMWE_RENEWED_NOTIF,63980,DELIVERED,3000,"2025-10-05 05:43:28"
2025-10-05,3030485,228838,TIMWE_RENEWED_NOTIF,63980,DELIVERED,3000,"2025-10-05 05:43:28"
2025-10-05,3030485,228838,TIMWE_RENEWED_NOTIF,63980,DELIVERED,3000,"2025-10-05 05:43:28"
2025-10-05,3030487,228956,TIMWE_RENEWED_NOTIF,63980,DELIVERED,3000,"2025-10-05 05:44:05"
2025-10-05,3030487,228956,TIMWE_RENEWED_NOTIF,63980,DELIVERED,3000,"2025-10-05 05:44:05"
2025-10-05,3030487,228956,TIMWE_RENEWED_NOTIF,63980,DELIVERED,3000,"2025-10-05 05:44:05"
2025-10-05,3030489,233476,TIMWE_RENEWED_NOTIF,63980,DELIVERED,3000,"2025-10-05 05:44:12"
2025-10-05,3030489,233476,TIMWE_RENEWED_NOTIF,63980,DELIVERED,3000,"2025-10-05 05:44:12"
2025-10-05,3030491,237903,TIMWE_RENEWED_NOTIF,63980,DELIVERED,3000,"2025-10-05 05:44:14"
2025-10-05,3030491,237903,TIMWE_RENEWED_NOTIF,63980,DELIVERED,3000,"2025-10-05 05:44:14"
2025-10-05,3030493,229003,TIMWE_RENEWED_NOTIF,63980,DELIVERED,3000,"2025-10-05 05:45:21"
2025-10-05,3030493,229003,TIMWE_RENEWED_NOTIF,63980,DELIVERED,3000,"2025-10-05 05:45:21"
2025-10-05,3030493,229003,TIMWE_RENEWED_NOTIF,63980,DELIVERED,3000,"2025-10-05 05:45:21"
2025-10-05,3030493,229003,TIMWE_RENEWED_NOTIF,63980,DELIVERED,3000,"2025-10-05 05:45:21"
2025-10-05,3030493,229003,TIMWE_RENEWED_NOTIF,63980,DELIVERED,3000,"2025-10-05 05:45:21"
2025-10-05,3030493,229003,TIMWE_RENEWED_NOTIF,63980,DELIVERED,3000,"2025-10-05 05:45:21"
2025-10-05,3030495,231562,TIMWE_RENEWED_NOTIF,63980,DELIVERED,3000,"2025-10-05 05:45:43"
2025-10-05,3030495,231562,TIMWE_RENEWED_NOTIF,63980,DELIVERED,3000,"2025-10-05 05:45:43"
2025-10-05,3030497,229247,TIMWE_RENEWED_NOTIF,63980,DELIVERED,3000,"2025-10-05 05:47:33"
2025-10-05,3030497,229247,TIMWE_RENEWED_NOTIF,63980,DELIVERED,3000,"2025-10-05 05:47:33"
2025-10-05,3030499,229079,TIMWE_RENEWED_NOTIF,63980,DELIVERED,3000,"2025-10-05 05:48:48"
2025-10-05,3030499,229079,TIMWE_RENEWED_NOTIF,63980,DELIVERED,3000,"2025-10-05 05:48:48"
2025-10-05,3030499,229079,TIMWE_RENEWED_NOTIF,63980,DELIVERED,3000,"2025-10-05 05:48:48"
2025-10-05,3030499,229079,TIMWE_RENEWED_NOTIF,63980,DELIVERED,3000,"2025-10-05 05:48:48"
2025-10-05,3030499,229079,TIMWE_RENEWED_NOTIF,63980,DELIVERED,3000,"2025-10-05 05:48:48"
2025-10-05,3030499,229079,TIMWE_RENEWED_NOTIF,63980,DELIVERED,3000,"2025-10-05 05:48:48"
2025-10-05,3030501,229191,TIMWE_RENEWED_NOTIF,63980,DELIVERED,3000,"2025-10-05 05:48:57"
2025-10-05,3030501,229191,TIMWE_RENEWED_NOTIF,63980,DELIVERED,3000,"2025-10-05 05:48:57"
2025-10-05,3030501,229191,TIMWE_RENEWED_NOTIF,63980,DELIVERED,3000,"2025-10-05 05:48:57"
2025-10-05,3030503,229389,TIMWE_RENEWED_NOTIF,63980,DELIVERED,3000,"2025-10-05 05:51:37"
2025-10-05,3030503,229389,TIMWE_RENEWED_NOTIF,63980,DELIVERED,3000,"2025-10-05 05:51:37"
2025-10-05,3030503,229389,TIMWE_RENEWED_NOTIF,63980,DELIVERED,3000,"2025-10-05 05:51:37"
2025-10-05,3030503,229389,TIMWE_RENEWED_NOTIF,63980,DELIVERED,3000,"2025-10-05 05:51:37"
2025-10-05,3030505,226061,TIMWE_RENEWED_NOTIF,63980,DELIVERED,3000,"2025-10-05 05:54:08"
2025-10-05,3030505,226061,TIMWE_RENEWED_NOTIF,63980,DELIVERED,3000,"2025-10-05 05:54:08"
2025-10-05,3030505,226061,TIMWE_RENEWED_NOTIF,63980,DELIVERED,3000,"2025-10-05 05:54:08"
2025-10-05,3030507,230079,TIMWE_RENEWED_NOTIF,63980,DELIVERED,3000,"2025-10-05 05:55:36"
2025-10-05,3030507,230079,TIMWE_RENEWED_NOTIF,63980,DELIVERED,3000,"2025-10-05 05:55:36"
2025-10-05,3030509,239941,TIMWE_RENEWED_NOTIF,63980,DELIVERED,3000,"2025-10-05 05:56:11"
2025-10-05,3030509,239941,TIMWE_RENEWED_NOTIF,63980,DELIVERED,3000,"2025-10-05 05:56:11"
2025-10-05,3030511,227488,TIMWE_RENEWED_NOTIF,63980,DELIVERED,3000,"2025-10-05 05:57:28"
2025-10-05,3030511,227488,TIMWE_RENEWED_NOTIF,63980,DELIVERED,3000,"2025-10-05 05:57:28"
2025-10-05,3030513,240064,TIMWE_RENEWED_NOTIF,63980,DELIVERED,3000,"2025-10-05 05:59:17"
2025-10-05,3030513,240064,TIMWE_RENEWED_NOTIF,63980,DELIVERED,3000,"2025-10-05 05:59:17"
2025-10-05,3030513,240064,TIMWE_RENEWED_NOTIF,63980,DELIVERED,3000,"2025-10-05 05:59:17"
2025-10-05,3030515,228020,TIMWE_RENEWED_NOTIF,63980,DELIVERED,3000,"2025-10-05 06:00:07"
2025-10-05,3030515,228020,TIMWE_RENEWED_NOTIF,63980,DELIVERED,3000,"2025-10-05 06:00:07"
2025-10-05,3030515,228020,TIMWE_RENEWED_NOTIF,63980,DELIVERED,3000,"2025-10-05 06:00:07"
2025-10-05,3030517,228041,TIMWE_RENEWED_NOTIF,63980,DELIVERED,3000,"2025-10-05 06:01:14"
2025-10-05,3030517,228041,TIMWE_RENEWED_NOTIF,63980,DELIVERED,3000,"2025-10-05 06:01:14"
2025-10-05,3031413,221777,TIMWE_RENEWED_NOTIF,63980,DELIVERED,3000,"2025-10-05 08:26:16"
2025-10-05,3031413,221777,TIMWE_RENEWED_NOTIF,63980,DELIVERED,3000,"2025-10-05 08:26:16"
2025-10-05,3031413,221777,TIMWE_RENEWED_NOTIF,63980,DELIVERED,3000,"2025-10-05 08:26:16"
2025-10-05,3031413,221777,TIMWE_RENEWED_NOTIF,63980,DELIVERED,3000,"2025-10-05 08:26:16"
2025-10-05,3031413,221777,TIMWE_RENEWED_NOTIF,63980,DELIVERED,3000,"2025-10-05 08:26:16"
2025-10-05,3031584,189344,TIMWE_RENEWED_NOTIF,63980,DELIVERED,3000,"2025-10-05 08:51:53"
2025-10-05,3031584,189344,TIMWE_RENEWED_NOTIF,63980,DELIVERED,3000,"2025-10-05 08:51:53"
2025-10-05,3031584,189344,TIMWE_RENEWED_NOTIF,63980,DELIVERED,3000,"2025-10-05 08:51:53"
2025-10-05,3031593,209897,TIMWE_RENEWED_NOTIF,63980,DELIVERED,3000,"2025-10-05 08:58:30"
2025-10-05,3031593,209897,TIMWE_RENEWED_NOTIF,63980,DELIVERED,3000,"2025-10-05 08:58:30"
2025-10-05,3031593,209897,TIMWE_RENEWED_NOTIF,63980,DELIVERED,3000,"2025-10-05 08:58:30"
2025-10-05,3031595,231154,TIMWE_RENEWED_NOTIF,63980,DELIVERED,3000,"2025-10-05 09:00:21"
2025-10-05,3031595,231154,TIMWE_RENEWED_NOTIF,63980,DELIVERED,3000,"2025-10-05 09:00:21"
2025-10-05,3031610,193504,TIMWE_RENEWED_NOTIF,63980,DELIVERED,3000,"2025-10-05 09:03:17"
2025-10-05,3031610,193504,TIMWE_RENEWED_NOTIF,63980,DELIVERED,3000,"2025-10-05 09:03:17"
2025-10-05,3031610,193504,TIMWE_RENEWED_NOTIF,63980,DELIVERED,3000,"2025-10-05 09:03:17"
2025-10-05,3031610,193504,TIMWE_RENEWED_NOTIF,63980,DELIVERED,3000,"2025-10-05 09:03:17"
2025-10-05,3031614,239896,TIMWE_RENEWED_NOTIF,63980,DELIVERED,3000,"2025-10-05 09:03:48"
2025-10-05,3031614,239896,TIMWE_RENEWED_NOTIF,63980,DELIVERED,3000,"2025-10-05 09:03:48"
2025-10-05,3031632,212206,TIMWE_RENEWED_NOTIF,63980,DELIVERED,3000,"2025-10-05 09:06:20"
2025-10-05,3031632,212206,TIMWE_RENEWED_NOTIF,63980,DELIVERED,3000,"2025-10-05 09:06:20"
2025-10-05,3031646,240004,TIMWE_RENEWED_NOTIF,63980,DELIVERED,3000,"2025-10-05 09:12:25"
2025-10-05,3031646,240004,TIMWE_RENEWED_NOTIF,63980,DELIVERED,3000,"2025-10-05 09:12:25"
2025-10-05,3031648,194080,TIMWE_RENEWED_NOTIF,63980,DELIVERED,3000,"2025-10-05 09:14:33"
2025-10-05,3031648,194080,TIMWE_RENEWED_NOTIF,63980,DELIVERED,3000,"2025-10-05 09:14:33"
2025-10-05,3031648,194080,TIMWE_RENEWED_NOTIF,63980,DELIVERED,3000,"2025-10-05 09:14:33"
2025-10-05,3031648,194080,TIMWE_RENEWED_NOTIF,63980,DELIVERED,3000,"2025-10-05 09:14:33"
2025-10-05,3031648,194080,TIMWE_RENEWED_NOTIF,63980,DELIVERED,3000,"2025-10-05 09:14:33"
2025-10-05,3031648,194080,TIMWE_RENEWED_NOTIF,63980,DELIVERED,3000,"2025-10-05 09:14:33"
2025-10-05,3031650,192031,TIMWE_RENEWED_NOTIF,63980,DELIVERED,3000,"2025-10-05 09:19:05"
2025-10-05,3031650,192031,TIMWE_RENEWED_NOTIF,63980,DELIVERED,3000,"2025-10-05 09:19:05"
2025-10-05,3031650,192031,TIMWE_RENEWED_NOTIF,63980,DELIVERED,3000,"2025-10-05 09:19:05"
2025-10-05,3031650,192031,TIMWE_RENEWED_NOTIF,63980,DELIVERED,3000,"2025-10-05 09:19:05"
2025-10-05,3031650,192031,TIMWE_RENEWED_NOTIF,63980,DELIVERED,3000,"2025-10-05 09:19:05"
2025-10-05,3031650,192031,TIMWE_RENEWED_NOTIF,63980,DELIVERED,3000,"2025-10-05 09:19:05"
2025-10-05,3031658,227612,TIMWE_RENEWED_NOTIF,63980,DELIVERED,3000,"2025-10-05 09:21:02"
2025-10-05,3031658,227612,TIMWE_RENEWED_NOTIF,63980,DELIVERED,3000,"2025-10-05 09:21:02"
2025-10-05,3031662,189175,TIMWE_RENEWED_NOTIF,63980,DELIVERED,3000,"2025-10-05 09:22:30"
2025-10-05,3031662,189175,TIMWE_RENEWED_NOTIF,63980,DELIVERED,3000,"2025-10-05 09:22:30"
2025-10-05,3031662,189175,TIMWE_RENEWED_NOTIF,63980,DELIVERED,3000,"2025-10-05 09:22:30"
2025-10-05,3031674,193849,TIMWE_RENEWED_NOTIF,63980,DELIVERED,3000,"2025-10-05 09:27:47"
2025-10-05,3031674,193849,TIMWE_RENEWED_NOTIF,63980,DELIVERED,3000,"2025-10-05 09:27:47"
2025-10-05,3031674,193849,TIMWE_RENEWED_NOTIF,63980,DELIVERED,3000,"2025-10-05 09:27:47"
2025-10-05,3031674,193849,TIMWE_RENEWED_NOTIF,63980,DELIVERED,3000,"2025-10-05 09:27:47"
2025-10-05,3031674,193849,TIMWE_RENEWED_NOTIF,63980,DELIVERED,3000,"2025-10-05 09:27:47"
2025-10-05,3031674,193849,TIMWE_RENEWED_NOTIF,63980,DELIVERED,3000,"2025-10-05 09:27:47"
2025-10-05,3031685,189267,TIMWE_RENEWED_NOTIF,63980,DELIVERED,3000,"2025-10-05 09:30:47"
2025-10-05,3031685,189267,TIMWE_RENEWED_NOTIF,63980,DELIVERED,3000,"2025-10-05 09:30:47"
2025-10-05,3031685,189267,TIMWE_RENEWED_NOTIF,63980,DELIVERED,3000,"2025-10-05 09:30:47"
2025-10-05,3031891,239632,TIMWE_RENEWED_NOTIF,63980,DELIVERED,3000,"2025-10-05 10:46:15"
2025-10-05,3031891,239632,TIMWE_RENEWED_NOTIF,63980,DELIVERED,3000,"2025-10-05 10:46:15"
2025-10-05,3031891,239632,TIMWE_RENEWED_NOTIF,63980,DELIVERED,3000,"2025-10-05 10:46:15"
2025-10-05,3031891,239632,TIMWE_RENEWED_NOTIF,63980,DELIVERED,3000,"2025-10-05 10:46:15"
2025-10-05,3032020,191381,TIMWE_RENEWED_NOTIF,63980,DELIVERED,3000,"2025-10-05 11:09:59"
2025-10-05,3032020,191381,TIMWE_RENEWED_NOTIF,63980,DELIVERED,3000,"2025-10-05 11:09:59"
2025-10-05,3032020,191381,TIMWE_RENEWED_NOTIF,63980,DELIVERED,3000,"2025-10-05 11:09:59"
2025-10-05,3032020,191381,TIMWE_RENEWED_NOTIF,63980,DELIVERED,3000,"2025-10-05 11:09:59"
2025-10-05,3032020,191381,TIMWE_RENEWED_NOTIF,63980,DELIVERED,3000,"2025-10-05 11:09:59"
2025-10-05,3032020,191381,TIMWE_RENEWED_NOTIF,63980,DELIVERED,3000,"2025-10-05 11:09:59"
2025-10-05,3032028,224506,TIMWE_RENEWED_NOTIF,63980,DELIVERED,3000,"2025-10-05 11:11:54"
2025-10-05,3032028,224506,TIMWE_RENEWED_NOTIF,63980,DELIVERED,3000,"2025-10-05 11:11:54"
2025-10-05,3032379,229153,TIMWE_RENEWED_NOTIF,63980,DELIVERED,3000,"2025-10-05 12:37:42"
2025-10-05,3032379,229153,TIMWE_RENEWED_NOTIF,63980,DELIVERED,3000,"2025-10-05 12:37:42"
2025-10-05,3032379,229153,TIMWE_RENEWED_NOTIF,63980,DELIVERED,3000,"2025-10-05 12:37:42"
2025-10-05,3032379,229153,TIMWE_RENEWED_NOTIF,63980,DELIVERED,3000,"2025-10-05 12:37:42"
2025-10-05,3032379,229153,TIMWE_RENEWED_NOTIF,63980,DELIVERED,3000,"2025-10-05 12:37:42"
2025-10-05,3032379,229153,TIMWE_RENEWED_NOTIF,63980,DELIVERED,3000,"2025-10-05 12:37:42"
2025-10-05,3032482,228882,TIMWE_RENEWED_NOTIF,63980,DELIVERED,3000,"2025-10-05 13:03:00"
2025-10-05,3032482,228882,TIMWE_RENEWED_NOTIF,63980,DELIVERED,3000,"2025-10-05 13:03:00"
2025-10-05,3032501,192547,TIMWE_RENEWED_NOTIF,63980,DELIVERED,3000,"2025-10-05 13:06:13"
2025-10-05,3032501,192547,TIMWE_RENEWED_NOTIF,63980,DELIVERED,3000,"2025-10-05 13:06:13"
2025-10-05,3032501,192547,TIMWE_RENEWED_NOTIF,63980,DELIVERED,3000,"2025-10-05 13:06:13"
2025-10-05,3032549,220400,TIMWE_RENEWED_NOTIF,63980,DELIVERED,3000,"2025-10-05 13:11:34"
2025-10-05,3032549,220400,TIMWE_RENEWED_NOTIF,63980,DELIVERED,3000,"2025-10-05 13:11:34"
2025-10-05,3032563,193797,TIMWE_RENEWED_NOTIF,63980,DELIVERED,3000,"2025-10-05 13:12:52"
2025-10-05,3032563,193797,TIMWE_RENEWED_NOTIF,63980,DELIVERED,3000,"2025-10-05 13:12:52"
2025-10-05,3032563,193797,TIMWE_RENEWED_NOTIF,63980,DELIVERED,3000,"2025-10-05 13:12:52"
2025-10-05,3032563,193797,TIMWE_RENEWED_NOTIF,63980,DELIVERED,3000,"2025-10-05 13:12:52"
2025-10-05,3032567,215544,TIMWE_RENEWED_NOTIF,63980,DELIVERED,3000,"2025-10-05 13:13:12"
2025-10-05,3032567,215544,TIMWE_RENEWED_NOTIF,63980,DELIVERED,3000,"2025-10-05 13:13:12"
2025-10-05,3032567,215544,TIMWE_RENEWED_NOTIF,63980,DELIVERED,3000,"2025-10-05 13:13:12"
2025-10-05,3032567,215544,TIMWE_RENEWED_NOTIF,63980,DELIVERED,3000,"2025-10-05 13:13:12"
2025-10-05,3032575,209297,TIMWE_RENEWED_NOTIF,63980,DELIVERED,3000,"2025-10-05 13:14:44"
2025-10-05,3032575,209297,TIMWE_RENEWED_NOTIF,63980,DELIVERED,3000,"2025-10-05 13:14:44"
2025-10-05,3032577,212163,TIMWE_RENEWED_NOTIF,63980,DELIVERED,3000,"2025-10-05 13:15:00"
2025-10-05,3032577,212163,TIMWE_RENEWED_NOTIF,63980,DELIVERED,3000,"2025-10-05 13:15:00"
2025-10-05,3032589,234569,TIMWE_RENEWED_NOTIF,63980,DELIVERED,3000,"2025-10-05 13:20:50"
2025-10-05,3032589,234569,TIMWE_RENEWED_NOTIF,63980,DELIVERED,3000,"2025-10-05 13:20:50"
2025-10-05,3032591,206510,TIMWE_RENEWED_NOTIF,63980,DELIVERED,3000,"2025-10-05 13:25:18"
2025-10-05,3032591,206510,TIMWE_RENEWED_NOTIF,63980,DELIVERED,3000,"2025-10-05 13:25:18"
2025-10-05,3033426,204314,TIMWE_RENEWED_NOTIF,63980,DELIVERED,3000,"2025-10-05 17:42:50"
2025-10-05,3033426,204314,TIMWE_RENEWED_NOTIF,63980,DELIVERED,3000,"2025-10-05 17:42:50"
2025-10-05,3033426,204314,TIMWE_RENEWED_NOTIF,63980,DELIVERED,3000,"2025-10-05 17:42:50"
2025-10-05,3033426,204314,TIMWE_RENEWED_NOTIF,63980,DELIVERED,3000,"2025-10-05 17:42:50"
2025-10-05,3033426,204314,TIMWE_RENEWED_NOTIF,63980,DELIVERED,3000,"2025-10-05 17:42:50"
2025-10-05,3033461,214722,TIMWE_RENEWED_NOTIF,63980,DELIVERED,3000,"2025-10-05 17:58:12"
2025-10-05,3033461,214722,TIMWE_RENEWED_NOTIF,63980,DELIVERED,3000,"2025-10-05 17:58:12"
2025-10-05,3033481,217586,TIMWE_RENEWED_NOTIF,63980,DELIVERED,3000,"2025-10-05 18:03:52"
2025-10-05,3033481,217586,TIMWE_RENEWED_NOTIF,63980,DELIVERED,3000,"2025-10-05 18:03:52"
2025-10-05,3033481,217586,TIMWE_RENEWED_NOTIF,63980,DELIVERED,3000,"2025-10-05 18:03:52"
2025-10-05,3033503,225892,TIMWE_RENEWED_NOTIF,63980,DELIVERED,3000,"2025-10-05 18:08:04"
2025-10-05,3033503,225892,TIMWE_RENEWED_NOTIF,63980,DELIVERED,3000,"2025-10-05 18:08:04"
2025-10-05,3033503,225892,TIMWE_RENEWED_NOTIF,63980,DELIVERED,3000,"2025-10-05 18:08:04"
2025-10-05,3033503,225892,TIMWE_RENEWED_NOTIF,63980,DELIVERED,3000,"2025-10-05 18:08:04"
2025-10-05,3033503,225892,TIMWE_RENEWED_NOTIF,63980,DELIVERED,3000,"2025-10-05 18:08:04"
2025-10-05,3033545,213077,TIMWE_RENEWED_NOTIF,63980,DELIVERED,3000,"2025-10-05 18:17:58"
2025-10-05,3033545,213077,TIMWE_RENEWED_NOTIF,63980,DELIVERED,3000,"2025-10-05 18:17:58"
2025-10-05,3033545,213077,TIMWE_RENEWED_NOTIF,63980,DELIVERED,3000,"2025-10-05 18:17:58"
2025-10-05,3033559,211935,TIMWE_RENEWED_NOTIF,63980,DELIVERED,3000,"2025-10-05 18:20:31"
2025-10-05,3033559,211935,TIMWE_RENEWED_NOTIF,63980,DELIVERED,3000,"2025-10-05 18:20:31"
2025-10-05,3033597,240034,TIMWE_RENEWED_NOTIF,63980,DELIVERED,3000,"2025-10-05 18:26:14"
2025-10-05,3033597,240034,TIMWE_RENEWED_NOTIF,63980,DELIVERED,3000,"2025-10-05 18:26:14"
2025-10-05,3033607,220002,TIMWE_RENEWED_NOTIF,63980,DELIVERED,3000,"2025-10-05 18:29:44"
2025-10-05,3033607,220002,TIMWE_RENEWED_NOTIF,63980,DELIVERED,3000,"2025-10-05 18:29:44"
2025-10-05,3033609,229418,TIMWE_RENEWED_NOTIF,63980,DELIVERED,3000,"2025-10-05 18:29:50"
2025-10-05,3033609,229418,TIMWE_RENEWED_NOTIF,63980,DELIVERED,3000,"2025-10-05 18:29:50"
2025-10-05,3033609,229418,TIMWE_RENEWED_NOTIF,63980,DELIVERED,3000,"2025-10-05 18:29:50"
2025-10-05,3033656,233868,TIMWE_RENEWED_NOTIF,63980,DELIVERED,3000,"2025-10-05 18:34:45"
2025-10-05,3033656,233868,TIMWE_RENEWED_NOTIF,63980,DELIVERED,3000,"2025-10-05 18:34:45"
2025-10-05,3033658,193210,TIMWE_RENEWED_NOTIF,63980,DELIVERED,3000,"2025-10-05 18:35:25"
2025-10-05,3033658,193210,TIMWE_RENEWED_NOTIF,63980,DELIVERED,3000,"2025-10-05 18:35:25"
2025-10-05,3033658,193210,TIMWE_RENEWED_NOTIF,63980,DELIVERED,3000,"2025-10-05 18:35:25"
2025-10-05,3033664,177120,TIMWE_RENEWED_NOTIF,63980,DELIVERED,3000,"2025-10-05 18:37:05"
2025-10-05,3033664,177120,TIMWE_RENEWED_NOTIF,63980,DELIVERED,3000,"2025-10-05 18:37:05"
2025-10-05,3033664,177120,TIMWE_RENEWED_NOTIF,63980,DELIVERED,3000,"2025-10-05 18:37:05"
2025-10-05,3033664,177120,TIMWE_RENEWED_NOTIF,63980,DELIVERED,3000,"2025-10-05 18:37:05"
2025-10-05,3033664,177120,TIMWE_RENEWED_NOTIF,63980,DELIVERED,3000,"2025-10-05 18:37:05"
2025-10-05,3033664,177120,TIMWE_RENEWED_NOTIF,63980,DELIVERED,3000,"2025-10-05 18:37:05"
2025-10-05,3033666,217267,TIMWE_RENEWED_NOTIF,63980,DELIVERED,3000,"2025-10-05 18:37:15"
2025-10-05,3033666,217267,TIMWE_RENEWED_NOTIF,63980,DELIVERED,3000,"2025-10-05 18:37:15"
2025-10-05,3033677,226852,TIMWE_RENEWED_NOTIF,63980,DELIVERED,3000,"2025-10-05 18:39:36"
2025-10-05,3033677,226852,TIMWE_RENEWED_NOTIF,63980,DELIVERED,3000,"2025-10-05 18:39:36"
2025-10-05,3033677,226852,TIMWE_RENEWED_NOTIF,63980,DELIVERED,3000,"2025-10-05 18:39:36"
2025-10-05,3033677,226852,TIMWE_RENEWED_NOTIF,63980,DELIVERED,3000,"2025-10-05 18:39:36"
2025-10-05,3033677,226852,TIMWE_RENEWED_NOTIF,63980,DELIVERED,3000,"2025-10-05 18:39:36"
2025-10-05,3033679,222345,TIMWE_RENEWED_NOTIF,63980,DELIVERED,3000,"2025-10-05 18:39:47"
2025-10-05,3033679,222345,TIMWE_RENEWED_NOTIF,63980,DELIVERED,3000,"2025-10-05 18:39:47"
2025-10-05,3033679,222345,TIMWE_RENEWED_NOTIF,63980,DELIVERED,3000,"2025-10-05 18:39:47"
2025-10-05,3033679,222345,TIMWE_RENEWED_NOTIF,63980,DELIVERED,3000,"2025-10-05 18:39:47"
2025-10-05,3033682,236720,TIMWE_RENEWED_NOTIF,63980,DELIVERED,3000,"2025-10-05 18:39:59"
2025-10-05,3033682,236720,TIMWE_RENEWED_NOTIF,63980,DELIVERED,3000,"2025-10-05 18:39:59"
2025-10-05,3033702,207077,TIMWE_RENEWED_NOTIF,63980,DELIVERED,3000,"2025-10-05 18:41:30"
2025-10-05,3033702,207077,TIMWE_RENEWED_NOTIF,63980,DELIVERED,3000,"2025-10-05 18:41:30"
2025-10-05,3033702,207077,TIMWE_RENEWED_NOTIF,63980,DELIVERED,3000,"2025-10-05 18:41:30"
2025-10-05,3033702,207077,TIMWE_RENEWED_NOTIF,63980,DELIVERED,3000,"2025-10-05 18:41:30"
2025-10-05,3033702,207077,TIMWE_RENEWED_NOTIF,63980,DELIVERED,3000,"2025-10-05 18:41:30"
2025-10-05,3033709,222464,TIMWE_RENEWED_NOTIF,63980,DELIVERED,3000,"2025-10-05 18:46:13"
2025-10-05,3033709,222464,TIMWE_RENEWED_NOTIF,63980,DELIVERED,3000,"2025-10-05 18:46:13"
2025-10-05,3033712,217527,TIMWE_RENEWED_NOTIF,63980,DELIVERED,3000,"2025-10-05 18:48:03"
2025-10-05,3033712,217527,TIMWE_RENEWED_NOTIF,63980,DELIVERED,3000,"2025-10-05 18:48:03"
2025-10-05,3033717,218155,TIMWE_RENEWED_NOTIF,63980,DELIVERED,3000,"2025-10-05 18:48:52"
2025-10-05,3033717,218155,TIMWE_RENEWED_NOTIF,63980,DELIVERED,3000,"2025-10-05 18:48:52"
2025-10-05,3033733,189419,TIMWE_RENEWED_NOTIF,63980,DELIVERED,3000,"2025-10-05 18:52:29"
2025-10-05,3033733,189419,TIMWE_RENEWED_NOTIF,63980,DELIVERED,3000,"2025-10-05 18:52:29"
2025-10-05,3033733,189419,TIMWE_RENEWED_NOTIF,63980,DELIVERED,3000,"2025-10-05 18:52:29"
2025-10-05,3033733,189419,TIMWE_RENEWED_NOTIF,63980,DELIVERED,3000,"2025-10-05 18:52:29"
2025-10-05,3033733,189419,TIMWE_RENEWED_NOTIF,63980,DELIVERED,3000,"2025-10-05 18:52:29"
2025-10-05,3033733,189419,TIMWE_RENEWED_NOTIF,63980,DELIVERED,3000,"2025-10-05 18:52:29"
2025-10-05,3033771,235141,TIMWE_RENEWED_NOTIF,63980,DELIVERED,3000,"2025-10-05 19:04:05"
2025-10-05,3033771,235141,TIMWE_RENEWED_NOTIF,63980,DELIVERED,3000,"2025-10-05 19:04:05"
2025-10-05,3033830,222325,TIMWE_RENEWED_NOTIF,63980,DELIVERED,3000,"2025-10-05 19:18:15"
2025-10-05,3033830,222325,TIMWE_RENEWED_NOTIF,63980,DELIVERED,3000,"2025-10-05 19:18:15"
2025-10-05,3033889,221166,TIMWE_RENEWED_NOTIF,63980,DELIVERED,3000,"2025-10-05 19:23:37"
2025-10-05,3033889,221166,TIMWE_RENEWED_NOTIF,63980,DELIVERED,3000,"2025-10-05 19:23:37"
2025-10-05,3033895,223130,TIMWE_RENEWED_NOTIF,63980,DELIVERED,3000,"2025-10-05 19:25:29"
2025-10-05,3033895,223130,TIMWE_RENEWED_NOTIF,63980,DELIVERED,3000,"2025-10-05 19:25:29"
2025-10-05,3033952,207825,TIMWE_RENEWED_NOTIF,63980,DELIVERED,3000,"2025-10-05 19:30:32"
2025-10-05,3033952,207825,TIMWE_RENEWED_NOTIF,63980,DELIVERED,3000,"2025-10-05 19:30:32"
2025-10-05,3033952,207825,TIMWE_RENEWED_NOTIF,63980,DELIVERED,3000,"2025-10-05 19:30:32"
2025-10-05,3033952,207825,TIMWE_RENEWED_NOTIF,63980,DELIVERED,3000,"2025-10-05 19:30:32"
2025-10-05,3033956,236534,TIMWE_RENEWED_NOTIF,63980,DELIVERED,3000,"2025-10-05 19:31:16"
2025-10-05,3033956,236534,TIMWE_RENEWED_NOTIF,63980,DELIVERED,3000,"2025-10-05 19:31:16"
2025-10-05,3033961,219448,TIMWE_RENEWED_NOTIF,63980,DELIVERED,3000,"2025-10-05 19:31:35"
2025-10-05,3033961,219448,TIMWE_RENEWED_NOTIF,63980,DELIVERED,3000,"2025-10-05 19:31:35"
2025-10-05,3033967,230621,TIMWE_RENEWED_NOTIF,63980,DELIVERED,3000,"2025-10-05 19:32:06"
2025-10-05,3033967,230621,TIMWE_RENEWED_NOTIF,63980,DELIVERED,3000,"2025-10-05 19:32:06"
2025-10-05,3033974,228868,TIMWE_RENEWED_NOTIF,63980,DELIVERED,3000,"2025-10-05 19:32:54"
2025-10-05,3033974,228868,TIMWE_RENEWED_NOTIF,63980,DELIVERED,3000,"2025-10-05 19:32:54"
2025-10-05,3033974,228868,TIMWE_RENEWED_NOTIF,63980,DELIVERED,3000,"2025-10-05 19:32:54"
2025-10-05,3033974,228868,TIMWE_RENEWED_NOTIF,63980,DELIVERED,3000,"2025-10-05 19:32:54"
2025-10-05,3033974,228868,TIMWE_RENEWED_NOTIF,63980,DELIVERED,3000,"2025-10-05 19:32:54"
2025-10-05,3033974,228868,TIMWE_RENEWED_NOTIF,63980,DELIVERED,3000,"2025-10-05 19:32:54"
2025-10-05,3033979,228975,TIMWE_RENEWED_NOTIF,63980,DELIVERED,3000,"2025-10-05 19:33:25"
2025-10-05,3033979,228975,TIMWE_RENEWED_NOTIF,63980,DELIVERED,3000,"2025-10-05 19:33:25"
2025-10-05,3033983,225365,TIMWE_RENEWED_NOTIF,63980,DELIVERED,3000,"2025-10-05 19:34:03"
2025-10-05,3033983,225365,TIMWE_RENEWED_NOTIF,63980,DELIVERED,3000,"2025-10-05 19:34:03"
2025-10-05,3033990,229278,TIMWE_RENEWED_NOTIF,63980,DELIVERED,3000,"2025-10-05 19:34:24"
2025-10-05,3033990,229278,TIMWE_RENEWED_NOTIF,63980,DELIVERED,3000,"2025-10-05 19:34:24"
2025-10-05,3033990,229278,TIMWE_RENEWED_NOTIF,63980,DELIVERED,3000,"2025-10-05 19:34:24"
2025-10-05,3033994,238691,TIMWE_RENEWED_NOTIF,63980,DELIVERED,3000,"2025-10-05 19:34:55"
2025-10-05,3033994,238691,TIMWE_RENEWED_NOTIF,63980,DELIVERED,3000,"2025-10-05 19:34:55"
2025-10-05,3033999,221800,TIMWE_RENEWED_NOTIF,63980,DELIVERED,3000,"2025-10-05 19:37:34"
2025-10-05,3033999,221800,TIMWE_RENEWED_NOTIF,63980,DELIVERED,3000,"2025-10-05 19:37:34"
2025-10-05,3033999,221800,TIMWE_RENEWED_NOTIF,63980,DELIVERED,3000,"2025-10-05 19:37:34"
2025-10-05,3033999,221800,TIMWE_RENEWED_NOTIF,63980,DELIVERED,3000,"2025-10-05 19:37:34"
2025-10-05,3033999,221800,TIMWE_RENEWED_NOTIF,63980,DELIVERED,3000,"2025-10-05 19:37:34"
2025-10-05,3034001,220281,TIMWE_RENEWED_NOTIF,63980,DELIVERED,3000,"2025-10-05 19:37:38"
2025-10-05,3034001,220281,TIMWE_RENEWED_NOTIF,63980,DELIVERED,3000,"2025-10-05 19:37:38"
2025-10-05,3034052,234783,TIMWE_RENEWED_NOTIF,63980,DELIVERED,3000,"2025-10-05 19:45:26"
2025-10-05,3034052,234783,TIMWE_RENEWED_NOTIF,63980,DELIVERED,3000,"2025-10-05 19:45:26"
2025-10-05,3034052,234783,TIMWE_RENEWED_NOTIF,63980,DELIVERED,3000,"2025-10-05 19:45:26"
2025-10-05,3034052,234783,TIMWE_RENEWED_NOTIF,63980,DELIVERED,3000,"2025-10-05 19:45:26"
2025-10-05,3034052,234783,TIMWE_RENEWED_NOTIF,63980,DELIVERED,3000,"2025-10-05 19:45:26"
2025-10-05,3034194,227565,TIMWE_RENEWED_NOTIF,63980,DELIVERED,3000,"2025-10-05 20:08:16"
2025-10-05,3034194,227565,TIMWE_RENEWED_NOTIF,63980,DELIVERED,3000,"2025-10-05 20:08:16"
2025-10-05,3034194,227565,TIMWE_RENEWED_NOTIF,63980,DELIVERED,3000,"2025-10-05 20:08:16"
2025-10-05,3034230,213419,TIMWE_RENEWED_NOTIF,63980,DELIVERED,3000,"2025-10-05 20:13:02"
2025-10-05,3034230,213419,TIMWE_RENEWED_NOTIF,63980,DELIVERED,3000,"2025-10-05 20:13:02"
2025-10-05,3034646,238324,TIMWE_RENEWED_NOTIF,63980,DELIVERED,3000,"2025-10-05 20:41:17"
2025-10-05,3034646,238324,TIMWE_RENEWED_NOTIF,63980,DELIVERED,3000,"2025-10-05 20:41:17"
2025-10-05,3036255,231183,TIMWE_RENEWED_NOTIF,63980,DELIVERED,3000,"2025-10-05 21:06:46"
2025-10-05,3036255,231183,TIMWE_RENEWED_NOTIF,63980,DELIVERED,3000,"2025-10-05 21:06:46"
2025-10-05,3036603,223718,TIMWE_RENEWED_NOTIF,63980,DELIVERED,3000,"2025-10-05 21:09:58"
2025-10-05,3036603,223718,TIMWE_RENEWED_NOTIF,63980,DELIVERED,3000,"2025-10-05 21:09:58"
2025-10-05,3036603,223718,TIMWE_RENEWED_NOTIF,63980,DELIVERED,3000,"2025-10-05 21:09:58"
2025-10-05,3036603,223718,TIMWE_RENEWED_NOTIF,63980,DELIVERED,3000,"2025-10-05 21:09:58"
2025-10-05,3036603,223718,TIMWE_RENEWED_NOTIF,63980,DELIVERED,3000,"2025-10-05 21:09:58"
2025-10-05,3037707,187389,TIMWE_RENEWED_NOTIF,63980,DELIVERED,3000,"2025-10-05 21:20:43"
2025-10-05,3037707,187389,TIMWE_RENEWED_NOTIF,63980,DELIVERED,3000,"2025-10-05 21:20:43"
2025-10-05,3037707,187389,TIMWE_RENEWED_NOTIF,63980,DELIVERED,3000,"2025-10-05 21:20:43"
2025-10-05,3037707,187389,TIMWE_RENEWED_NOTIF,63980,DELIVERED,3000,"2025-10-05 21:20:43"
2025-10-05,3038829,212800,TIMWE_RENEWED_NOTIF,63980,DELIVERED,3000,"2025-10-05 21:31:30"
2025-10-05,3038829,212800,TIMWE_RENEWED_NOTIF,63980,DELIVERED,3000,"2025-10-05 21:31:30"
2025-10-05,3040062,191695,TIMWE_RENEWED_NOTIF,63980,DELIVERED,3000,"2025-10-05 21:42:47"
2025-10-05,3040062,191695,TIMWE_RENEWED_NOTIF,63980,DELIVERED,3000,"2025-10-05 21:42:47"
2025-10-05,3040062,191695,TIMWE_RENEWED_NOTIF,63980,DELIVERED,3000,"2025-10-05 21:42:47"
2025-10-05,3040062,191695,TIMWE_RENEWED_NOTIF,63980,DELIVERED,3000,"2025-10-05 21:42:47"
2025-10-05,3040062,191695,TIMWE_RENEWED_NOTIF,63980,DELIVERED,3000,"2025-10-05 21:42:47"
2025-10-05,3040062,191695,TIMWE_RENEWED_NOTIF,63980,DELIVERED,3000,"2025-10-05 21:42:47"
2025-10-05,3040184,180577,TIMWE_RENEWED_NOTIF,63980,DELIVERED,3000,"2025-10-05 21:43:53"
2025-10-05,3040184,180577,TIMWE_RENEWED_NOTIF,63980,DELIVERED,3000,"2025-10-05 21:43:53"
2025-10-05,3040184,180577,TIMWE_RENEWED_NOTIF,63980,DELIVERED,3000,"2025-10-05 21:43:53"
2025-10-05,3040184,180577,TIMWE_RENEWED_NOTIF,63980,DELIVERED,3000,"2025-10-05 21:43:53"
2025-10-05,3040184,180577,TIMWE_RENEWED_NOTIF,63980,DELIVERED,3000,"2025-10-05 21:43:53"
2025-10-05,3040184,180577,TIMWE_RENEWED_NOTIF,63980,DELIVERED,3000,"2025-10-05 21:43:53"
2025-10-05,3040184,180577,TIMWE_RENEWED_NOTIF,63980,DELIVERED,3000,"2025-10-05 21:43:53"
2025-10-05,3040374,230447,TIMWE_RENEWED_NOTIF,63980,DELIVERED,3000,"2025-10-05 21:45:44"
2025-10-05,3040374,230447,TIMWE_RENEWED_NOTIF,63980,DELIVERED,3000,"2025-10-05 21:45:44"
2025-10-05,3040374,230447,TIMWE_RENEWED_NOTIF,63980,DELIVERED,3000,"2025-10-05 21:45:44"
2025-10-05,3041686,236030,TIMWE_RENEWED_NOTIF,63980,DELIVERED,3000,"2025-10-05 22:00:03"
2025-10-05,3041686,236030,TIMWE_RENEWED_NOTIF,63980,DELIVERED,3000,"2025-10-05 22:00:03"
2025-10-05,3041860,218441,TIMWE_RENEWED_NOTIF,63980,DELIVERED,3000,"2025-10-05 22:01:41"
2025-10-05,3041860,218441,TIMWE_RENEWED_NOTIF,63980,DELIVERED,3000,"2025-10-05 22:01:41"
2025-10-05,3043687,204607,TIMWE_RENEWED_NOTIF,63980,DELIVERED,3000,"2025-10-05 22:23:13"
2025-10-05,3043687,204607,TIMWE_RENEWED_NOTIF,63980,DELIVERED,3000,"2025-10-05 22:23:13"
2025-10-05,3043794,179736,TIMWE_RENEWED_NOTIF,63980,DELIVERED,3000,"2025-10-05 22:25:07"
2025-10-05,3043794,179736,TIMWE_RENEWED_NOTIF,63980,DELIVERED,3000,"2025-10-05 22:25:07"
2025-10-05,3043794,179736,TIMWE_RENEWED_NOTIF,63980,DELIVERED,3000,"2025-10-05 22:25:07"
2025-10-05,3043794,179736,TIMWE_RENEWED_NOTIF,63980,DELIVERED,3000,"2025-10-05 22:25:07"
2025-10-05,3046766,220081,TIMWE_RENEWED_NOTIF,63980,DELIVERED,3000,"2025-10-05 23:48:38"
2025-10-05,3046766,220081,TIMWE_RENEWED_NOTIF,63980,DELIVERED,3000,"2025-10-05 23:48:38"
2025-10-05,3046766,220081,TIMWE_RENEWED_NOTIF,63980,DELIVERED,3000,"2025-10-05 23:48:38"
2025-10-05,3046766,220081,TIMWE_RENEWED_NOTIF,63980,DELIVERED,3000,"2025-10-05 23:48:38"
2025-10-05,3046766,220081,TIMWE_RENEWED_NOTIF,63980,DELIVERED,3000,"2025-10-05 23:48:38"
2025-10-06,3047212,189206,TIMWE_RENEWED_NOTIF,63980,DELIVERED,3000,"2025-10-06 05:01:06"
2025-10-06,3047212,189206,TIMWE_RENEWED_NOTIF,63980,DELIVERED,3000,"2025-10-06 05:01:06"
2025-10-06,3047212,189206,TIMWE_RENEWED_NOTIF,63980,DELIVERED,3000,"2025-10-06 05:01:06"
2025-10-06,3047212,189206,TIMWE_RENEWED_NOTIF,63980,DELIVERED,3000,"2025-10-06 05:01:06"
2025-10-06,3047212,189206,TIMWE_RENEWED_NOTIF,63980,DELIVERED,3000,"2025-10-06 05:01:06"
2025-10-06,3047212,189206,TIMWE_RENEWED_NOTIF,63980,DELIVERED,3000,"2025-10-06 05:01:06"
2025-10-06,3047214,173436,TIMWE_RENEWED_NOTIF,63980,DELIVERED,3000,"2025-10-06 05:01:31"
2025-10-06,3047214,173436,TIMWE_RENEWED_NOTIF,63980,DELIVERED,3000,"2025-10-06 05:01:31"
2025-10-06,3047214,173436,TIMWE_RENEWED_NOTIF,63980,DELIVERED,3000,"2025-10-06 05:01:31"
2025-10-06,3047214,173436,TIMWE_RENEWED_NOTIF,63980,DELIVERED,3000,"2025-10-06 05:01:31"
2025-10-06,3047214,173436,TIMWE_RENEWED_NOTIF,63980,DELIVERED,3000,"2025-10-06 05:01:31"
2025-10-06,3047214,173436,TIMWE_RENEWED_NOTIF,63980,DELIVERED,3000,"2025-10-06 05:01:31"
2025-10-06,3047216,173072,TIMWE_RENEWED_NOTIF,63980,DELIVERED,3000,"2025-10-06 05:01:37"
2025-10-06,3047216,173072,TIMWE_RENEWED_NOTIF,63980,DELIVERED,3000,"2025-10-06 05:01:37"
2025-10-06,3047216,173072,TIMWE_RENEWED_NOTIF,63980,DELIVERED,3000,"2025-10-06 05:01:37"
2025-10-06,3047216,173072,TIMWE_RENEWED_NOTIF,63980,DELIVERED,3000,"2025-10-06 05:01:37"
2025-10-06,3047216,173072,TIMWE_RENEWED_NOTIF,63980,DELIVERED,3000,"2025-10-06 05:01:37"
2025-10-06,3047218,188956,TIMWE_RENEWED_NOTIF,63980,DELIVERED,3000,"2025-10-06 05:02:39"
2025-10-06,3047218,188956,TIMWE_RENEWED_NOTIF,63980,DELIVERED,3000,"2025-10-06 05:02:39"
2025-10-06,3047218,188956,TIMWE_RENEWED_NOTIF,63980,DELIVERED,3000,"2025-10-06 05:02:39"
2025-10-06,3047218,188956,TIMWE_RENEWED_NOTIF,63980,DELIVERED,3000,"2025-10-06 05:02:39"
2025-10-06,3047218,188956,TIMWE_RENEWED_NOTIF,63980,DELIVERED,3000,"2025-10-06 05:02:39"
2025-10-06,3047218,188956,TIMWE_RENEWED_NOTIF,63980,DELIVERED,3000,"2025-10-06 05:02:39"
2025-10-06,3047220,194335,TIMWE_RENEWED_NOTIF,63980,DELIVERED,3000,"2025-10-06 05:03:14"
2025-10-06,3047220,194335,TIMWE_RENEWED_NOTIF,63980,DELIVERED,3000,"2025-10-06 05:03:14"
2025-10-06,3047220,194335,TIMWE_RENEWED_NOTIF,63980,DELIVERED,3000,"2025-10-06 05:03:14"
2025-10-06,3047220,194335,TIMWE_RENEWED_NOTIF,63980,DELIVERED,3000,"2025-10-06 05:03:14"
2025-10-06,3047220,194335,TIMWE_RENEWED_NOTIF,63980,DELIVERED,3000,"2025-10-06 05:03:14"
2025-10-06,3047220,194335,TIMWE_RENEWED_NOTIF,63980,DELIVERED,3000,"2025-10-06 05:03:14"
2025-10-06,3047222,194498,TIMWE_RENEWED_NOTIF,63980,DELIVERED,3000,"2025-10-06 05:03:28"
2025-10-06,3047222,194498,TIMWE_RENEWED_NOTIF,63980,DELIVERED,3000,"2025-10-06 05:03:28"
2025-10-06,3047222,194498,TIMWE_RENEWED_NOTIF,63980,DELIVERED,3000,"2025-10-06 05:03:28"
2025-10-06,3047224,194416,TIMWE_RENEWED_NOTIF,63980,DELIVERED,3000,"2025-10-06 05:03:31"
2025-10-06,3047224,194416,TIMWE_RENEWED_NOTIF,63980,DELIVERED,3000,"2025-10-06 05:03:31"
2025-10-06,3047224,194416,TIMWE_RENEWED_NOTIF,63980,DELIVERED,3000,"2025-10-06 05:03:31"
2025-10-06,3047224,194416,TIMWE_RENEWED_NOTIF,63980,DELIVERED,3000,"2025-10-06 05:03:31"
2025-10-06,3047224,194416,TIMWE_RENEWED_NOTIF,63980,DELIVERED,3000,"2025-10-06 05:03:31"
2025-10-06,3047224,194416,TIMWE_RENEWED_NOTIF,63980,DELIVERED,3000,"2025-10-06 05:03:31"
2025-10-06,3047226,193127,TIMWE_RENEWED_NOTIF,63980,DELIVERED,3000,"2025-10-06 05:03:36"
2025-10-06,3047226,193127,TIMWE_RENEWED_NOTIF,63980,DELIVERED,3000,"2025-10-06 05:03:36"
2025-10-06,3047226,193127,TIMWE_RENEWED_NOTIF,63980,DELIVERED,3000,"2025-10-06 05:03:36"
2025-10-06,3047226,193127,TIMWE_RENEWED_NOTIF,63980,DELIVERED,3000,"2025-10-06 05:03:36"
2025-10-06,3047226,193127,TIMWE_RENEWED_NOTIF,63980,DELIVERED,3000,"2025-10-06 05:03:36"
2025-10-06,3047226,193127,TIMWE_RENEWED_NOTIF,63980,DELIVERED,3000,"2025-10-06 05:03:36"
2025-10-06,3047228,194341,TIMWE_RENEWED_NOTIF,63980,DELIVERED,3000,"2025-10-06 05:03:53"
2025-10-06,3047228,194341,TIMWE_RENEWED_NOTIF,63980,DELIVERED,3000,"2025-10-06 05:03:53"
2025-10-06,3047228,194341,TIMWE_RENEWED_NOTIF,63980,DELIVERED,3000,"2025-10-06 05:03:53"
2025-10-06,3047228,194341,TIMWE_RENEWED_NOTIF,63980,DELIVERED,3000,"2025-10-06 05:03:53"
2025-10-06,3047228,194341,TIMWE_RENEWED_NOTIF,63980,DELIVERED,3000,"2025-10-06 05:03:53"
2025-10-06,3047230,190879,TIMWE_RENEWED_NOTIF,63980,DELIVERED,3000,"2025-10-06 05:03:59"
2025-10-06,3047230,190879,TIMWE_RENEWED_NOTIF,63980,DELIVERED,3000,"2025-10-06 05:03:59"
2025-10-06,3047230,190879,TIMWE_RENEWED_NOTIF,63980,DELIVERED,3000,"2025-10-06 05:03:59"
2025-10-06,3047232,194333,TIMWE_RENEWED_NOTIF,63980,DELIVERED,3000,"2025-10-06 05:04:05"
2025-10-06,3047232,194333,TIMWE_RENEWED_NOTIF,63980,DELIVERED,3000,"2025-10-06 05:04:05"
2025-10-06,3047232,194333,TIMWE_RENEWED_NOTIF,63980,DELIVERED,3000,"2025-10-06 05:04:05"
2025-10-06,3047232,194333,TIMWE_RENEWED_NOTIF,63980,DELIVERED,3000,"2025-10-06 05:04:05"
2025-10-06,3047232,194333,TIMWE_RENEWED_NOTIF,63980,DELIVERED,3000,"2025-10-06 05:04:05"
2025-10-06,3047232,194333,TIMWE_RENEWED_NOTIF,63980,DELIVERED,3000,"2025-10-06 05:04:05"
2025-10-06,3047234,192311,TIMWE_RENEWED_NOTIF,63980,DELIVERED,3000,"2025-10-06 05:04:06"
2025-10-06,3047234,192311,TIMWE_RENEWED_NOTIF,63980,DELIVERED,3000,"2025-10-06 05:04:06"
2025-10-06,3047234,192311,TIMWE_RENEWED_NOTIF,63980,DELIVERED,3000,"2025-10-06 05:04:06"
2025-10-06,3047234,192311,TIMWE_RENEWED_NOTIF,63980,DELIVERED,3000,"2025-10-06 05:04:06"
2025-10-06,3047234,192311,TIMWE_RENEWED_NOTIF,63980,DELIVERED,3000,"2025-10-06 05:04:06"
2025-10-06,3047234,192311,TIMWE_RENEWED_NOTIF,63980,DELIVERED,3000,"2025-10-06 05:04:06"
2025-10-06,3047236,194545,TIMWE_RENEWED_NOTIF,63980,DELIVERED,3000,"2025-10-06 05:04:16"
2025-10-06,3047236,194545,TIMWE_RENEWED_NOTIF,63980,DELIVERED,3000,"2025-10-06 05:04:16"
2025-10-06,3047236,194545,TIMWE_RENEWED_NOTIF,63980,DELIVERED,3000,"2025-10-06 05:04:16"
2025-10-06,3047236,194545,TIMWE_RENEWED_NOTIF,63980,DELIVERED,3000,"2025-10-06 05:04:16"
2025-10-06,3047236,194545,TIMWE_RENEWED_NOTIF,63980,DELIVERED,3000,"2025-10-06 05:04:16"
2025-10-06,3047236,194545,TIMWE_RENEWED_NOTIF,63980,DELIVERED,3000,"2025-10-06 05:04:16"
2025-10-06,3047238,194654,TIMWE_RENEWED_NOTIF,63980,DELIVERED,3000,"2025-10-06 05:04:17"
2025-10-06,3047238,194654,TIMWE_RENEWED_NOTIF,63980,DELIVERED,3000,"2025-10-06 05:04:17"
2025-10-06,3047238,194654,TIMWE_RENEWED_NOTIF,63980,DELIVERED,3000,"2025-10-06 05:04:17"
2025-10-06,3047238,194654,TIMWE_RENEWED_NOTIF,63980,DELIVERED,3000,"2025-10-06 05:04:17"
2025-10-06,3047240,194817,TIMWE_RENEWED_NOTIF,63980,DELIVERED,3000,"2025-10-06 05:04:20"
2025-10-06,3047240,194817,TIMWE_RENEWED_NOTIF,63980,DELIVERED,3000,"2025-10-06 05:04:20"
2025-10-06,3047240,194817,TIMWE_RENEWED_NOTIF,63980,DELIVERED,3000,"2025-10-06 05:04:20"
2025-10-06,3047240,194817,TIMWE_RENEWED_NOTIF,63980,DELIVERED,3000,"2025-10-06 05:04:20"
2025-10-06,3047240,194817,TIMWE_RENEWED_NOTIF,63980,DELIVERED,3000,"2025-10-06 05:04:20"
2025-10-06,3047242,194421,TIMWE_RENEWED_NOTIF,63980,DELIVERED,3000,"2025-10-06 05:04:36"
2025-10-06,3047242,194421,TIMWE_RENEWED_NOTIF,63980,DELIVERED,3000,"2025-10-06 05:04:36"
2025-10-06,3047242,194421,TIMWE_RENEWED_NOTIF,63980,DELIVERED,3000,"2025-10-06 05:04:36"
2025-10-06,3047244,194743,TIMWE_RENEWED_NOTIF,63980,DELIVERED,3000,"2025-10-06 05:04:46"
2025-10-06,3047244,194743,TIMWE_RENEWED_NOTIF,63980,DELIVERED,3000,"2025-10-06 05:04:46"
2025-10-06,3047244,194743,TIMWE_RENEWED_NOTIF,63980,DELIVERED,3000,"2025-10-06 05:04:46"
2025-10-06,3047244,194743,TIMWE_RENEWED_NOTIF,63980,DELIVERED,3000,"2025-10-06 05:04:46"
2025-10-06,3047244,194743,TIMWE_RENEWED_NOTIF,63980,DELIVERED,3000,"2025-10-06 05:04:46"
2025-10-06,3047244,194743,TIMWE_RENEWED_NOTIF,63980,DELIVERED,3000,"2025-10-06 05:04:46"
2025-10-06,3047246,193477,TIMWE_RENEWED_NOTIF,63980,DELIVERED,3000,"2025-10-06 05:04:48"
2025-10-06,3047246,193477,TIMWE_RENEWED_NOTIF,63980,DELIVERED,3000,"2025-10-06 05:04:48"
2025-10-06,3047246,193477,TIMWE_RENEWED_NOTIF,63980,DELIVERED,3000,"2025-10-06 05:04:48"
2025-10-06,3047246,193477,TIMWE_RENEWED_NOTIF,63980,DELIVERED,3000,"2025-10-06 05:04:48"
2025-10-06,3047246,193477,TIMWE_RENEWED_NOTIF,63980,DELIVERED,3000,"2025-10-06 05:04:48"
2025-10-06,3047246,193477,TIMWE_RENEWED_NOTIF,63980,DELIVERED,3000,"2025-10-06 05:04:48"
2025-10-06,3047248,194531,TIMWE_RENEWED_NOTIF,63980,DELIVERED,3000,"2025-10-06 05:05:52"
2025-10-06,3047248,194531,TIMWE_RENEWED_NOTIF,63980,DELIVERED,3000,"2025-10-06 05:05:52"
2025-10-06,3047248,194531,TIMWE_RENEWED_NOTIF,63980,DELIVERED,3000,"2025-10-06 05:05:52"
2025-10-06,3047248,194531,TIMWE_RENEWED_NOTIF,63980,DELIVERED,3000,"2025-10-06 05:05:52"
2025-10-06,3047248,194531,TIMWE_RENEWED_NOTIF,63980,DELIVERED,3000,"2025-10-06 05:05:52"
2025-10-06,3047248,194531,TIMWE_RENEWED_NOTIF,63980,DELIVERED,3000,"2025-10-06 05:05:52"
2025-10-06,3047250,205107,TIMWE_RENEWED_NOTIF,63980,DELIVERED,3000,"2025-10-06 05:06:25"
2025-10-06,3047250,205107,TIMWE_RENEWED_NOTIF,63980,DELIVERED,3000,"2025-10-06 05:06:25"
2025-10-06,3047252,206018,TIMWE_RENEWED_NOTIF,63980,DELIVERED,3000,"2025-10-06 05:07:26"
2025-10-06,3047252,206018,TIMWE_RENEWED_NOTIF,63980,DELIVERED,3000,"2025-10-06 05:07:26"
2025-10-06,3047252,206018,TIMWE_RENEWED_NOTIF,63980,DELIVERED,3000,"2025-10-06 05:07:26"
2025-10-06,3047254,216480,TIMWE_RENEWED_NOTIF,63980,DELIVERED,3000,"2025-10-06 05:08:39"
2025-10-06,3047254,216480,TIMWE_RENEWED_NOTIF,63980,DELIVERED,3000,"2025-10-06 05:08:39"
2025-10-06,3047256,213528,TIMWE_RENEWED_NOTIF,63980,DELIVERED,3000,"2025-10-06 05:09:05"
2025-10-06,3047256,213528,TIMWE_RENEWED_NOTIF,63980,DELIVERED,3000,"2025-10-06 05:09:05"
2025-10-06,3047258,216554,TIMWE_RENEWED_NOTIF,63980,DELIVERED,3000,"2025-10-06 05:09:09"
2025-10-06,3047258,216554,TIMWE_RENEWED_NOTIF,63980,DELIVERED,3000,"2025-10-06 05:09:09"
2025-10-06,3047260,218444,TIMWE_RENEWED_NOTIF,63980,DELIVERED,3000,"2025-10-06 05:09:20"
2025-10-06,3047260,218444,TIMWE_RENEWED_NOTIF,63980,DELIVERED,3000,"2025-10-06 05:09:20"
2025-10-06,3047264,206161,TIMWE_RENEWED_NOTIF,63980,DELIVERED,3000,"2025-10-06 05:11:21"
2025-10-06,3047264,206161,TIMWE_RENEWED_NOTIF,63980,DELIVERED,3000,"2025-10-06 05:11:21"
2025-10-06,3047264,206161,TIMWE_RENEWED_NOTIF,63980,DELIVERED,3000,"2025-10-06 05:11:21"
2025-10-06,3047264,206161,TIMWE_RENEWED_NOTIF,63980,DELIVERED,3000,"2025-10-06 05:11:21"
2025-10-06,3047264,206161,TIMWE_RENEWED_NOTIF,63980,DELIVERED,3000,"2025-10-06 05:11:21"
2025-10-06,3047266,211375,TIMWE_RENEWED_NOTIF,63980,DELIVERED,3000,"2025-10-06 05:15:40"
2025-10-06,3047266,211375,TIMWE_RENEWED_NOTIF,63980,DELIVERED,3000,"2025-10-06 05:15:40"
2025-10-06,3047266,211375,TIMWE_RENEWED_NOTIF,63980,DELIVERED,3000,"2025-10-06 05:15:40"
2025-10-06,3047266,211375,TIMWE_RENEWED_NOTIF,63980,DELIVERED,3000,"2025-10-06 05:15:40"
2025-10-06,3047266,211375,TIMWE_RENEWED_NOTIF,63980,DELIVERED,3000,"2025-10-06 05:15:40"
2025-10-06,3047268,227097,TIMWE_RENEWED_NOTIF,63980,DELIVERED,3000,"2025-10-06 05:16:24"
2025-10-06,3047268,227097,TIMWE_RENEWED_NOTIF,63980,DELIVERED,3000,"2025-10-06 05:16:24"
2025-10-06,3047270,227053,TIMWE_RENEWED_NOTIF,63980,DELIVERED,3000,"2025-10-06 05:16:27"
2025-10-06,3047270,227053,TIMWE_RENEWED_NOTIF,63980,DELIVERED,3000,"2025-10-06 05:16:27"
2025-10-06,3047272,223655,TIMWE_RENEWED_NOTIF,63980,DELIVERED,3000,"2025-10-06 05:17:00"
2025-10-06,3047272,223655,TIMWE_RENEWED_NOTIF,63980,DELIVERED,3000,"2025-10-06 05:17:00"
2025-10-06,3047274,229283,TIMWE_RENEWED_NOTIF,63980,DELIVERED,3000,"2025-10-06 05:18:46"
2025-10-06,3047274,229283,TIMWE_RENEWED_NOTIF,63980,DELIVERED,3000,"2025-10-06 05:18:46"
2025-10-06,3047274,229283,TIMWE_RENEWED_NOTIF,63980,DELIVERED,3000,"2025-10-06 05:18:46"
2025-10-06,3047274,229283,TIMWE_RENEWED_NOTIF,63980,DELIVERED,3000,"2025-10-06 05:18:46"
2025-10-06,3047274,229283,TIMWE_RENEWED_NOTIF,63980,DELIVERED,3000,"2025-10-06 05:18:46"
2025-10-06,3047274,229283,TIMWE_RENEWED_NOTIF,63980,DELIVERED,3000,"2025-10-06 05:18:46"
2025-10-06,3047276,240281,TIMWE_RENEWED_NOTIF,63980,DELIVERED,3000,"2025-10-06 05:19:47"
2025-10-06,3047276,240281,TIMWE_RENEWED_NOTIF,63980,DELIVERED,3000,"2025-10-06 05:19:47"
2025-10-06,3047276,240281,TIMWE_RENEWED_NOTIF,63980,DELIVERED,3000,"2025-10-06 05:19:47"
2025-10-06,3047278,229853,TIMWE_RENEWED_NOTIF,63980,DELIVERED,3000,"2025-10-06 05:20:03"
2025-10-06,3047278,229853,TIMWE_RENEWED_NOTIF,63980,DELIVERED,3000,"2025-10-06 05:20:03"
2025-10-06,3047278,229853,TIMWE_RENEWED_NOTIF,63980,DELIVERED,3000,"2025-10-06 05:20:03"
2025-10-06,3047280,229627,TIMWE_RENEWED_NOTIF,63980,DELIVERED,3000,"2025-10-06 05:20:57"
2025-10-06,3047280,229627,TIMWE_RENEWED_NOTIF,63980,DELIVERED,3000,"2025-10-06 05:20:57"
2025-10-06,3047280,229627,TIMWE_RENEWED_NOTIF,63980,DELIVERED,3000,"2025-10-06 05:20:57"
2025-10-06,3047280,229627,TIMWE_RENEWED_NOTIF,63980,DELIVERED,3000,"2025-10-06 05:20:57"
2025-10-06,3047280,229627,TIMWE_RENEWED_NOTIF,63980,DELIVERED,3000,"2025-10-06 05:20:57"
2025-10-06,3047280,229627,TIMWE_RENEWED_NOTIF,63980,DELIVERED,3000,"2025-10-06 05:20:57"
2025-10-06,3047282,224901,TIMWE_RENEWED_NOTIF,63980,DELIVERED,3000,"2025-10-06 05:21:36"
2025-10-06,3047282,224901,TIMWE_RENEWED_NOTIF,63980,DELIVERED,3000,"2025-10-06 05:21:36"
2025-10-06,3047284,240273,TIMWE_RENEWED_NOTIF,63980,DELIVERED,3000,"2025-10-06 05:22:53"
2025-10-06,3047284,240273,TIMWE_RENEWED_NOTIF,63980,DELIVERED,3000,"2025-10-06 05:22:53"
2025-10-06,3047286,240354,TIMWE_RENEWED_NOTIF,63980,DELIVERED,3000,"2025-10-06 05:23:51"
2025-10-06,3047286,240354,TIMWE_RENEWED_NOTIF,63980,DELIVERED,3000,"2025-10-06 05:23:51"
2025-10-06,3047288,229121,TIMWE_RENEWED_NOTIF,63980,DELIVERED,3000,"2025-10-06 05:26:42"
2025-10-06,3047288,229121,TIMWE_RENEWED_NOTIF,63980,DELIVERED,3000,"2025-10-06 05:26:42"
2025-10-06,3047288,229121,TIMWE_RENEWED_NOTIF,63980,DELIVERED,3000,"2025-10-06 05:26:42"
2025-10-06,3047290,229530,TIMWE_RENEWED_NOTIF,63980,DELIVERED,3000,"2025-10-06 05:28:21"
2025-10-06,3047290,229530,TIMWE_RENEWED_NOTIF,63980,DELIVERED,3000,"2025-10-06 05:28:21"
2025-10-06,3047290,229530,TIMWE_RENEWED_NOTIF,63980,DELIVERED,3000,"2025-10-06 05:28:21"
2025-10-06,3047292,229484,TIMWE_RENEWED_NOTIF,63980,DELIVERED,3000,"2025-10-06 05:28:40"
2025-10-06,3047292,229484,TIMWE_RENEWED_NOTIF,63980,DELIVERED,3000,"2025-10-06 05:28:40"
2025-10-06,3047292,229484,TIMWE_RENEWED_NOTIF,63980,DELIVERED,3000,"2025-10-06 05:28:40"
2025-10-06,3047292,229484,TIMWE_RENEWED_NOTIF,63980,DELIVERED,3000,"2025-10-06 05:28:40"
2025-10-06,3047294,229652,TIMWE_RENEWED_NOTIF,63980,DELIVERED,3000,"2025-10-06 05:30:18"
2025-10-06,3047294,229652,TIMWE_RENEWED_NOTIF,63980,DELIVERED,3000,"2025-10-06 05:30:18"
2025-10-06,3047294,229652,TIMWE_RENEWED_NOTIF,63980,DELIVERED,3000,"2025-10-06 05:30:18"
2025-10-06,3047294,229652,TIMWE_RENEWED_NOTIF,63980,DELIVERED,3000,"2025-10-06 05:30:18"
2025-10-06,3047294,229652,TIMWE_RENEWED_NOTIF,63980,DELIVERED,3000,"2025-10-06 05:30:18"
2025-10-06,3047294,229652,TIMWE_RENEWED_NOTIF,63980,DELIVERED,3000,"2025-10-06 05:30:18"
2025-10-06,3047296,229748,TIMWE_RENEWED_NOTIF,63980,DELIVERED,3000,"2025-10-06 05:32:02"
2025-10-06,3047296,229748,TIMWE_RENEWED_NOTIF,63980,DELIVERED,3000,"2025-10-06 05:32:02"
2025-10-06,3047296,229748,TIMWE_RENEWED_NOTIF,63980,DELIVERED,3000,"2025-10-06 05:32:02"
2025-10-06,3047296,229748,TIMWE_RENEWED_NOTIF,63980,DELIVERED,3000,"2025-10-06 05:32:02"
2025-10-06,3047298,240069,TIMWE_RENEWED_NOTIF,63980,DELIVERED,3000,"2025-10-06 05:33:08"
2025-10-06,3047298,240069,TIMWE_RENEWED_NOTIF,63980,DELIVERED,3000,"2025-10-06 05:33:08"
2025-10-06,3047300,229842,TIMWE_RENEWED_NOTIF,63980,DELIVERED,3000,"2025-10-06 05:33:55"
2025-10-06,3047300,229842,TIMWE_RENEWED_NOTIF,63980,DELIVERED,3000,"2025-10-06 05:33:55"
2025-10-06,3047300,229842,TIMWE_RENEWED_NOTIF,63980,DELIVERED,3000,"2025-10-06 05:33:55"
2025-10-06,3048206,194209,TIMWE_RENEWED_NOTIF,63980,DELIVERED,3000,"2025-10-06 08:23:00"
2025-10-06,3048206,194209,TIMWE_RENEWED_NOTIF,63980,DELIVERED,3000,"2025-10-06 08:23:00"
2025-10-06,3048206,194209,TIMWE_RENEWED_NOTIF,63980,DELIVERED,3000,"2025-10-06 08:23:00"
2025-10-06,3048208,234174,TIMWE_RENEWED_NOTIF,63980,DELIVERED,3000,"2025-10-06 08:26:02"
2025-10-06,3048208,234174,TIMWE_RENEWED_NOTIF,63980,DELIVERED,3000,"2025-10-06 08:26:02"
2025-10-06,3048208,234174,TIMWE_RENEWED_NOTIF,63980,DELIVERED,3000,"2025-10-06 08:26:02"
2025-10-06,3048210,229556,TIMWE_RENEWED_NOTIF,63980,DELIVERED,3000,"2025-10-06 08:26:18"
2025-10-06,3048210,229556,TIMWE_RENEWED_NOTIF,63980,DELIVERED,3000,"2025-10-06 08:26:18"
2025-10-06,3048210,229556,TIMWE_RENEWED_NOTIF,63980,DELIVERED,3000,"2025-10-06 08:26:18"
2025-10-06,3048220,228685,TIMWE_RENEWED_NOTIF,63980,DELIVERED,3000,"2025-10-06 08:28:47"
2025-10-06,3048220,228685,TIMWE_RENEWED_NOTIF,63980,DELIVERED,3000,"2025-10-06 08:28:47"
2025-10-06,3048220,228685,TIMWE_RENEWED_NOTIF,63980,DELIVERED,3000,"2025-10-06 08:28:47"
2025-10-06,3048220,228685,TIMWE_RENEWED_NOTIF,63980,DELIVERED,3000,"2025-10-06 08:28:47"
2025-10-06,3048220,228685,TIMWE_RENEWED_NOTIF,63980,DELIVERED,3000,"2025-10-06 08:28:47"
2025-10-06,3048220,228685,TIMWE_RENEWED_NOTIF,63980,DELIVERED,3000,"2025-10-06 08:28:47"
2025-10-06,3048222,225311,TIMWE_RENEWED_NOTIF,63980,DELIVERED,3000,"2025-10-06 08:33:24"
2025-10-06,3048222,225311,TIMWE_RENEWED_NOTIF,63980,DELIVERED,3000,"2025-10-06 08:33:24"
2025-10-06,3048222,225311,TIMWE_RENEWED_NOTIF,63980,DELIVERED,3000,"2025-10-06 08:33:24"
2025-10-06,3048257,218647,TIMWE_RENEWED_NOTIF,63980,DELIVERED,3000,"2025-10-06 08:45:51"
2025-10-06,3048257,218647,TIMWE_RENEWED_NOTIF,63980,DELIVERED,3000,"2025-10-06 08:45:51"
2025-10-06,3048257,218647,TIMWE_RENEWED_NOTIF,63980,DELIVERED,3000,"2025-10-06 08:45:51"
2025-10-06,3048259,191977,TIMWE_RENEWED_NOTIF,63980,DELIVERED,3000,"2025-10-06 08:47:09"
2025-10-06,3048259,191977,TIMWE_RENEWED_NOTIF,63980,DELIVERED,3000,"2025-10-06 08:47:09"
2025-10-06,3048259,191977,TIMWE_RENEWED_NOTIF,63980,DELIVERED,3000,"2025-10-06 08:47:09"
2025-10-06,3048268,190329,TIMWE_RENEWED_NOTIF,63980,DELIVERED,3000,"2025-10-06 08:51:40"
2025-10-06,3048268,190329,TIMWE_RENEWED_NOTIF,63980,DELIVERED,3000,"2025-10-06 08:51:40"
2025-10-06,3048268,190329,TIMWE_RENEWED_NOTIF,63980,DELIVERED,3000,"2025-10-06 08:51:40"
2025-10-06,3048268,190329,TIMWE_RENEWED_NOTIF,63980,DELIVERED,3000,"2025-10-06 08:51:40"
2025-10-06,3048268,190329,TIMWE_RENEWED_NOTIF,63980,DELIVERED,3000,"2025-10-06 08:51:40"
2025-10-06,3048268,190329,TIMWE_RENEWED_NOTIF,63980,DELIVERED,3000,"2025-10-06 08:51:40"
2025-10-06,3048392,222520,TIMWE_RENEWED_NOTIF,63980,DELIVERED,3000,"2025-10-06 10:03:48"
2025-10-06,3048392,222520,TIMWE_RENEWED_NOTIF,63980,DELIVERED,3000,"2025-10-06 10:03:48"
2025-10-06,3048392,222520,TIMWE_RENEWED_NOTIF,63980,DELIVERED,3000,"2025-10-06 10:03:48"
2025-10-06,3048394,220827,TIMWE_RENEWED_NOTIF,63980,DELIVERED,3000,"2025-10-06 10:03:57"
2025-10-06,3048394,220827,TIMWE_RENEWED_NOTIF,63980,DELIVERED,3000,"2025-10-06 10:03:57"
2025-10-06,3048396,209127,TIMWE_RENEWED_NOTIF,63980,DELIVERED,3000,"2025-10-06 10:05:45"
2025-10-06,3048396,209127,TIMWE_RENEWED_NOTIF,63980,DELIVERED,3000,"2025-10-06 10:05:45"
2025-10-06,3048398,220864,TIMWE_RENEWED_NOTIF,63980,DELIVERED,3000,"2025-10-06 10:07:55"
2025-10-06,3048398,220864,TIMWE_RENEWED_NOTIF,63980,DELIVERED,3000,"2025-10-06 10:07:55"
2025-10-06,3048398,220864,TIMWE_RENEWED_NOTIF,63980,DELIVERED,3000,"2025-10-06 10:07:55"
2025-10-06,3048398,220864,TIMWE_RENEWED_NOTIF,63980,DELIVERED,3000,"2025-10-06 10:07:55"
2025-10-06,3048400,218538,TIMWE_RENEWED_NOTIF,63980,DELIVERED,3000,"2025-10-06 10:08:13"
2025-10-06,3048400,218538,TIMWE_RENEWED_NOTIF,63980,DELIVERED,3000,"2025-10-06 10:08:13"
2025-10-06,3048400,218538,TIMWE_RENEWED_NOTIF,63980,DELIVERED,3000,"2025-10-06 10:08:13"
2025-10-06,3048400,218538,TIMWE_RENEWED_NOTIF,63980,DELIVERED,3000,"2025-10-06 10:08:13"
2025-10-06,3048400,218538,TIMWE_RENEWED_NOTIF,63980,DELIVERED,3000,"2025-10-06 10:08:13"
2025-10-06,3048402,209003,TIMWE_RENEWED_NOTIF,63980,DELIVERED,3000,"2025-10-06 10:10:17"
2025-10-06,3048402,209003,TIMWE_RENEWED_NOTIF,63980,DELIVERED,3000,"2025-10-06 10:10:17"
2025-10-06,3048405,219499,TIMWE_RENEWED_NOTIF,63980,DELIVERED,3000,"2025-10-06 10:14:07"
2025-10-06,3048405,219499,TIMWE_RENEWED_NOTIF,63980,DELIVERED,3000,"2025-10-06 10:14:07"
2025-10-06,3048407,209284,TIMWE_RENEWED_NOTIF,63980,DELIVERED,3000,"2025-10-06 10:14:08"
2025-10-06,3048407,209284,TIMWE_RENEWED_NOTIF,63980,DELIVERED,3000,"2025-10-06 10:14:08"
2025-10-06,3048410,193555,TIMWE_RENEWED_NOTIF,63980,DELIVERED,3000,"2025-10-06 10:18:22"
2025-10-06,3048410,193555,TIMWE_RENEWED_NOTIF,63980,DELIVERED,3000,"2025-10-06 10:18:22"
2025-10-06,3048410,193555,TIMWE_RENEWED_NOTIF,63980,DELIVERED,3000,"2025-10-06 10:18:22"
2025-10-06,3048410,193555,TIMWE_RENEWED_NOTIF,63980,DELIVERED,3000,"2025-10-06 10:18:22"
2025-10-06,3048410,193555,TIMWE_RENEWED_NOTIF,63980,DELIVERED,3000,"2025-10-06 10:18:22"
2025-10-06,3048410,193555,TIMWE_RENEWED_NOTIF,63980,DELIVERED,3000,"2025-10-06 10:18:22"
2025-10-06,3048412,212429,TIMWE_RENEWED_NOTIF,63980,DELIVERED,3000,"2025-10-06 10:18:49"
2025-10-06,3048412,212429,TIMWE_RENEWED_NOTIF,63980,DELIVERED,3000,"2025-10-06 10:18:49"
2025-10-06,3048414,212627,TIMWE_RENEWED_NOTIF,63980,DELIVERED,3000,"2025-10-06 10:19:11"
2025-10-06,3048414,212627,TIMWE_RENEWED_NOTIF,63980,DELIVERED,3000,"2025-10-06 10:19:11"
2025-10-06,3048416,224908,TIMWE_RENEWED_NOTIF,63980,DELIVERED,3000,"2025-10-06 10:23:53"
2025-10-06,3048416,224908,TIMWE_RENEWED_NOTIF,63980,DELIVERED,3000,"2025-10-06 10:23:53"
2025-10-06,3048416,224908,TIMWE_RENEWED_NOTIF,63980,DELIVERED,3000,"2025-10-06 10:23:53"
2025-10-06,3048416,224908,TIMWE_RENEWED_NOTIF,63980,DELIVERED,3000,"2025-10-06 10:23:53"
2025-10-06,3048424,187408,TIMWE_RENEWED_NOTIF,63980,DELIVERED,3000,"2025-10-06 10:24:56"
2025-10-06,3048424,187408,TIMWE_RENEWED_NOTIF,63980,DELIVERED,3000,"2025-10-06 10:24:56"
2025-10-06,3048424,187408,TIMWE_RENEWED_NOTIF,63980,DELIVERED,3000,"2025-10-06 10:24:56"
2025-10-06,3048444,205928,TIMWE_RENEWED_NOTIF,63980,DELIVERED,3000,"2025-10-06 10:32:25"
2025-10-06,3048444,205928,TIMWE_RENEWED_NOTIF,63980,DELIVERED,3000,"2025-10-06 10:32:25"
2025-10-06,3048444,205928,TIMWE_RENEWED_NOTIF,63980,DELIVERED,3000,"2025-10-06 10:32:25"
2025-10-06,3048457,194755,TIMWE_RENEWED_NOTIF,63980,DELIVERED,3000,"2025-10-06 10:35:09"
2025-10-06,3048457,194755,TIMWE_RENEWED_NOTIF,63980,DELIVERED,3000,"2025-10-06 10:35:09"
2025-10-06,3048457,194755,TIMWE_RENEWED_NOTIF,63980,DELIVERED,3000,"2025-10-06 10:35:09"
2025-10-06,3048457,194755,TIMWE_RENEWED_NOTIF,63980,DELIVERED,3000,"2025-10-06 10:35:09"
2025-10-06,3048457,194755,TIMWE_RENEWED_NOTIF,63980,DELIVERED,3000,"2025-10-06 10:35:09"
2025-10-06,3048457,194755,TIMWE_RENEWED_NOTIF,63980,DELIVERED,3000,"2025-10-06 10:35:09"
2025-10-06,3048491,183089,TIMWE_RENEWED_NOTIF,63980,DELIVERED,3000,"2025-10-06 10:54:18"
2025-10-06,3048491,183089,TIMWE_RENEWED_NOTIF,63980,DELIVERED,3000,"2025-10-06 10:54:18"
2025-10-06,3048491,183089,TIMWE_RENEWED_NOTIF,63980,DELIVERED,3000,"2025-10-06 10:54:18"
2025-10-06,3048638,240393,TIMWE_RENEWED_NOTIF,63980,DELIVERED,3000,"2025-10-06 11:27:27"
2025-10-06,3048638,240393,TIMWE_RENEWED_NOTIF,63980,DELIVERED,3000,"2025-10-06 11:27:27"
2025-10-06,3048803,238501,TIMWE_RENEWED_NOTIF,63980,DELIVERED,3000,"2025-10-06 11:43:59"
2025-10-06,3048803,238501,TIMWE_RENEWED_NOTIF,63980,DELIVERED,3000,"2025-10-06 11:43:59"
2025-10-06,3048803,238501,TIMWE_RENEWED_NOTIF,63980,DELIVERED,3000,"2025-10-06 11:43:59"
2025-10-06,3048803,238501,TIMWE_RENEWED_NOTIF,63980,DELIVERED,3000,"2025-10-06 11:43:59"
2025-10-06,3048803,238501,TIMWE_RENEWED_NOTIF,63980,DELIVERED,3000,"2025-10-06 11:43:59"
2025-10-06,3048871,229061,TIMWE_RENEWED_NOTIF,63980,DELIVERED,3000,"2025-10-06 11:52:09"
2025-10-06,3048871,229061,TIMWE_RENEWED_NOTIF,63980,DELIVERED,3000,"2025-10-06 11:52:09"
2025-10-06,3048871,229061,TIMWE_RENEWED_NOTIF,63980,DELIVERED,3000,"2025-10-06 11:52:09"
2025-10-06,3048914,222115,TIMWE_RENEWED_NOTIF,63980,DELIVERED,3000,"2025-10-06 11:56:12"
2025-10-06,3048914,222115,TIMWE_RENEWED_NOTIF,63980,DELIVERED,3000,"2025-10-06 11:56:12"
2025-10-06,3048953,194442,TIMWE_RENEWED_NOTIF,63980,DELIVERED,3000,"2025-10-06 12:01:46"
2025-10-06,3048953,194442,TIMWE_RENEWED_NOTIF,63980,DELIVERED,3000,"2025-10-06 12:01:46"
2025-10-06,3048953,194442,TIMWE_RENEWED_NOTIF,63980,DELIVERED,3000,"2025-10-06 12:01:46"
2025-10-06,3048953,194442,TIMWE_RENEWED_NOTIF,63980,DELIVERED,3000,"2025-10-06 12:01:46"
2025-10-06,3048953,194442,TIMWE_RENEWED_NOTIF,63980,DELIVERED,3000,"2025-10-06 12:01:46"
2025-10-06,3048953,194442,TIMWE_RENEWED_NOTIF,63980,DELIVERED,3000,"2025-10-06 12:01:46"
2025-10-06,3048955,214204,TIMWE_RENEWED_NOTIF,63980,DELIVERED,3000,"2025-10-06 12:01:58"
2025-10-06,3048955,214204,TIMWE_RENEWED_NOTIF,63980,DELIVERED,3000,"2025-10-06 12:01:58"
2025-10-06,3048960,186199,TIMWE_RENEWED_NOTIF,63980,DELIVERED,3000,"2025-10-06 12:02:32"
2025-10-06,3048960,186199,TIMWE_RENEWED_NOTIF,63980,DELIVERED,3000,"2025-10-06 12:02:32"
2025-10-06,3048960,186199,TIMWE_RENEWED_NOTIF,63980,DELIVERED,3000,"2025-10-06 12:02:32"
2025-10-06,3048960,186199,TIMWE_RENEWED_NOTIF,63980,DELIVERED,3000,"2025-10-06 12:02:32"
2025-10-06,3048960,186199,TIMWE_RENEWED_NOTIF,63980,DELIVERED,3000,"2025-10-06 12:02:32"
2025-10-06,3048964,224646,TIMWE_RENEWED_NOTIF,63980,DELIVERED,3000,"2025-10-06 12:03:16"
2025-10-06,3048964,224646,TIMWE_RENEWED_NOTIF,63980,DELIVERED,3000,"2025-10-06 12:03:16"
2025-10-06,3048971,234405,TIMWE_RENEWED_NOTIF,63980,DELIVERED,3000,"2025-10-06 12:04:08"
2025-10-06,3048971,234405,TIMWE_RENEWED_NOTIF,63980,DELIVERED,3000,"2025-10-06 12:04:08"
2025-10-06,3048973,207600,TIMWE_RENEWED_NOTIF,63980,DELIVERED,3000,"2025-10-06 12:04:27"
2025-10-06,3048973,207600,TIMWE_RENEWED_NOTIF,63980,DELIVERED,3000,"2025-10-06 12:04:27"
2025-10-06,3049044,238706,TIMWE_RENEWED_NOTIF,63980,DELIVERED,3000,"2025-10-06 12:17:54"
2025-10-06,3049044,238706,TIMWE_RENEWED_NOTIF,63980,DELIVERED,3000,"2025-10-06 12:17:54"
2025-10-06,3049076,228224,TIMWE_RENEWED_NOTIF,63980,DELIVERED,3000,"2025-10-06 12:27:27"
2025-10-06,3049076,228224,TIMWE_RENEWED_NOTIF,63980,DELIVERED,3000,"2025-10-06 12:27:27"
2025-10-06,3049123,239285,TIMWE_RENEWED_NOTIF,63980,DELIVERED,3000,"2025-10-06 12:37:20"
2025-10-06,3049123,239285,TIMWE_RENEWED_NOTIF,63980,DELIVERED,3000,"2025-10-06 12:37:20"
2025-10-06,3049131,214190,TIMWE_RENEWED_NOTIF,63980,DELIVERED,3000,"2025-10-06 12:38:43"
2025-10-06,3049131,214190,TIMWE_RENEWED_NOTIF,63980,DELIVERED,3000,"2025-10-06 12:38:43"
2025-10-06,3049423,221930,TIMWE_RENEWED_NOTIF,63980,DELIVERED,3000,"2025-10-06 13:47:41"
2025-10-06,3049423,221930,TIMWE_RENEWED_NOTIF,63980,DELIVERED,3000,"2025-10-06 13:47:41"
2025-10-06,3049423,221930,TIMWE_RENEWED_NOTIF,63980,DELIVERED,3000,"2025-10-06 13:47:41"
2025-10-06,3049423,221930,TIMWE_RENEWED_NOTIF,63980,DELIVERED,3000,"2025-10-06 13:47:41"
2025-10-06,3049423,221930,TIMWE_RENEWED_NOTIF,63980,DELIVERED,3000,"2025-10-06 13:47:41"
2025-10-06,3049437,221401,TIMWE_RENEWED_NOTIF,63980,DELIVERED,3000,"2025-10-06 13:48:29"
2025-10-06,3049437,221401,TIMWE_RENEWED_NOTIF,63980,DELIVERED,3000,"2025-10-06 13:48:29"
2025-10-06,3049437,221401,TIMWE_RENEWED_NOTIF,63980,DELIVERED,3000,"2025-10-06 13:48:29"
2025-10-06,3049441,211251,TIMWE_RENEWED_NOTIF,63980,DELIVERED,3000,"2025-10-06 13:49:27"
2025-10-06,3049441,211251,TIMWE_RENEWED_NOTIF,63980,DELIVERED,3000,"2025-10-06 13:49:27"
2025-10-06,3049441,211251,TIMWE_RENEWED_NOTIF,63980,DELIVERED,3000,"2025-10-06 13:49:27"
2025-10-06,3049441,211251,TIMWE_RENEWED_NOTIF,63980,DELIVERED,3000,"2025-10-06 13:49:27"
2025-10-06,3049448,238969,TIMWE_RENEWED_NOTIF,63980,DELIVERED,3000,"2025-10-06 13:51:16"
2025-10-06,3049448,238969,TIMWE_RENEWED_NOTIF,63980,DELIVERED,3000,"2025-10-06 13:51:16"
2025-10-06,3049448,238969,TIMWE_RENEWED_NOTIF,63980,DELIVERED,3000,"2025-10-06 13:51:16"
2025-10-06,3049448,238969,TIMWE_RENEWED_NOTIF,63980,DELIVERED,3000,"2025-10-06 13:51:16"
2025-10-06,3049448,238969,TIMWE_RENEWED_NOTIF,63980,DELIVERED,3000,"2025-10-06 13:51:16"
2025-10-06,3049448,238969,TIMWE_RENEWED_NOTIF,63980,DELIVERED,3000,"2025-10-06 13:51:16"
2025-10-06,3049463,166530,TIMWE_RENEWED_NOTIF,63980,DELIVERED,3000,"2025-10-06 13:51:54"
2025-10-06,3049463,166530,TIMWE_RENEWED_NOTIF,63980,DELIVERED,3000,"2025-10-06 13:51:54"
2025-10-06,3049463,166530,TIMWE_RENEWED_NOTIF,63980,DELIVERED,3000,"2025-10-06 13:51:54"
2025-10-06,3049463,166530,TIMWE_RENEWED_NOTIF,63980,DELIVERED,3000,"2025-10-06 13:51:54"
2025-10-06,3049463,166530,TIMWE_RENEWED_NOTIF,63980,DELIVERED,3000,"2025-10-06 13:51:54"
2025-10-06,3049463,166530,TIMWE_RENEWED_NOTIF,63980,DELIVERED,3000,"2025-10-06 13:51:54"
2025-10-06,3049463,166530,TIMWE_RENEWED_NOTIF,63980,DELIVERED,3000,"2025-10-06 13:51:54"
2025-10-06,3049479,189846,TIMWE_RENEWED_NOTIF,63980,DELIVERED,3000,"2025-10-06 13:52:41"
2025-10-06,3049479,189846,TIMWE_RENEWED_NOTIF,63980,DELIVERED,3000,"2025-10-06 13:52:41"
2025-10-06,3049479,189846,TIMWE_RENEWED_NOTIF,63980,DELIVERED,3000,"2025-10-06 13:52:41"
2025-10-06,3049483,238819,TIMWE_RENEWED_NOTIF,63980,DELIVERED,3000,"2025-10-06 13:53:53"
2025-10-06,3049483,238819,TIMWE_RENEWED_NOTIF,63980,DELIVERED,3000,"2025-10-06 13:53:53"
2025-10-06,3049515,220528,TIMWE_RENEWED_NOTIF,63980,DELIVERED,3000,"2025-10-06 13:59:38"
2025-10-06,3049515,220528,TIMWE_RENEWED_NOTIF,63980,DELIVERED,3000,"2025-10-06 13:59:38"
2025-10-06,3049515,220528,TIMWE_RENEWED_NOTIF,63980,DELIVERED,3000,"2025-10-06 13:59:38"
2025-10-06,3049515,220528,TIMWE_RENEWED_NOTIF,63980,DELIVERED,3000,"2025-10-06 13:59:38"
2025-10-06,3049515,220528,TIMWE_RENEWED_NOTIF,63980,DELIVERED,3000,"2025-10-06 13:59:38"
2025-10-06,3049524,220792,TIMWE_RENEWED_NOTIF,63980,DELIVERED,3000,"2025-10-06 14:00:29"
2025-10-06,3049524,220792,TIMWE_RENEWED_NOTIF,63980,DELIVERED,3000,"2025-10-06 14:00:29"
2025-10-06,3049524,220792,TIMWE_RENEWED_NOTIF,63980,DELIVERED,3000,"2025-10-06 14:00:29"
2025-10-06,3049612,216853,TIMWE_RENEWED_NOTIF,63980,DELIVERED,3000,"2025-10-06 14:09:41"
2025-10-06,3049612,216853,TIMWE_RENEWED_NOTIF,63980,DELIVERED,3000,"2025-10-06 14:09:41"
2025-10-06,3049612,216853,TIMWE_RENEWED_NOTIF,63980,DELIVERED,3000,"2025-10-06 14:09:41"
2025-10-06,3049612,216853,TIMWE_RENEWED_NOTIF,63980,DELIVERED,3000,"2025-10-06 14:09:41"
2025-10-06,3049612,216853,TIMWE_RENEWED_NOTIF,63980,DELIVERED,3000,"2025-10-06 14:09:41"
2025-10-06,3049626,221501,TIMWE_RENEWED_NOTIF,63980,DELIVERED,3000,"2025-10-06 14:25:13"
2025-10-06,3049626,221501,TIMWE_RENEWED_NOTIF,63980,DELIVERED,3000,"2025-10-06 14:25:13"
2025-10-06,3049626,221501,TIMWE_RENEWED_NOTIF,63980,DELIVERED,3000,"2025-10-06 14:25:13"
2025-10-06,3049642,206060,TIMWE_RENEWED_NOTIF,63980,DELIVERED,3000,"2025-10-06 14:33:19"
2025-10-06,3049642,206060,TIMWE_RENEWED_NOTIF,63980,DELIVERED,3000,"2025-10-06 14:33:19"
2025-10-06,3049668,228964,TIMWE_RENEWED_NOTIF,63980,DELIVERED,3000,"2025-10-06 14:35:27"
2025-10-06,3049668,228964,TIMWE_RENEWED_NOTIF,63980,DELIVERED,3000,"2025-10-06 14:35:27"
2025-10-06,3049672,219102,TIMWE_RENEWED_NOTIF,63980,DELIVERED,3000,"2025-10-06 14:35:50"
2025-10-06,3049672,219102,TIMWE_RENEWED_NOTIF,63980,DELIVERED,3000,"2025-10-06 14:35:50"
2025-10-06,3049674,223255,TIMWE_RENEWED_NOTIF,63980,DELIVERED,3000,"2025-10-06 14:36:37"
2025-10-06,3049674,223255,TIMWE_RENEWED_NOTIF,63980,DELIVERED,3000,"2025-10-06 14:36:37"
2025-10-06,3049676,217243,TIMWE_RENEWED_NOTIF,63980,DELIVERED,3000,"2025-10-06 14:37:00"
2025-10-06,3049676,217243,TIMWE_RENEWED_NOTIF,63980,DELIVERED,3000,"2025-10-06 14:37:00"
2025-10-06,3049676,217243,TIMWE_RENEWED_NOTIF,63980,DELIVERED,3000,"2025-10-06 14:37:00"
2025-10-06,3049685,228294,TIMWE_RENEWED_NOTIF,63980,DELIVERED,3000,"2025-10-06 14:39:47"
2025-10-06,3049685,228294,TIMWE_RENEWED_NOTIF,63980,DELIVERED,3000,"2025-10-06 14:39:47"
2025-10-06,3049694,219169,TIMWE_RENEWED_NOTIF,63980,DELIVERED,3000,"2025-10-06 14:46:09"
2025-10-06,3049694,219169,TIMWE_RENEWED_NOTIF,63980,DELIVERED,3000,"2025-10-06 14:46:09"
2025-10-06,3049713,224215,TIMWE_RENEWED_NOTIF,63980,DELIVERED,3000,"2025-10-06 14:54:30"
2025-10-06,3049713,224215,TIMWE_RENEWED_NOTIF,63980,DELIVERED,3000,"2025-10-06 14:54:30"
2025-10-06,3049713,224215,TIMWE_RENEWED_NOTIF,63980,DELIVERED,3000,"2025-10-06 14:54:30"
2025-10-06,3049713,224215,TIMWE_RENEWED_NOTIF,63980,DELIVERED,3000,"2025-10-06 14:54:30"
2025-10-06,3049713,224215,TIMWE_RENEWED_NOTIF,63980,DELIVERED,3000,"2025-10-06 14:54:30"
2025-10-06,3049771,225742,TIMWE_RENEWED_NOTIF,63980,DELIVERED,3000,"2025-10-06 15:12:17"
2025-10-06,3049771,225742,TIMWE_RENEWED_NOTIF,63980,DELIVERED,3000,"2025-10-06 15:12:17"
2025-10-06,3049976,215037,TIMWE_RENEWED_NOTIF,63980,DELIVERED,3000,"2025-10-06 16:06:42"
2025-10-06,3049976,215037,TIMWE_RENEWED_NOTIF,63980,DELIVERED,3000,"2025-10-06 16:06:42"
2025-10-06,3049979,228001,TIMWE_RENEWED_NOTIF,63980,DELIVERED,3000,"2025-10-06 16:07:56"
2025-10-06,3049979,228001,TIMWE_RENEWED_NOTIF,63980,DELIVERED,3000,"2025-10-06 16:07:56"
2025-10-06,3050001,205791,TIMWE_RENEWED_NOTIF,63980,DELIVERED,3000,"2025-10-06 16:12:34"
2025-10-06,3050001,205791,TIMWE_RENEWED_NOTIF,63980,DELIVERED,3000,"2025-10-06 16:12:34"
2025-10-06,3050001,205791,TIMWE_RENEWED_NOTIF,63980,DELIVERED,3000,"2025-10-06 16:12:34"
2025-10-06,3050038,239747,TIMWE_RENEWED_NOTIF,63980,DELIVERED,3000,"2025-10-06 16:19:12"
2025-10-06,3050038,239747,TIMWE_RENEWED_NOTIF,63980,DELIVERED,3000,"2025-10-06 16:19:12"
2025-10-06,3050044,222080,TIMWE_RENEWED_NOTIF,63980,DELIVERED,3000,"2025-10-06 16:19:39"
2025-10-06,3050044,222080,TIMWE_RENEWED_NOTIF,63980,DELIVERED,3000,"2025-10-06 16:19:39"
2025-10-06,3050044,222080,TIMWE_RENEWED_NOTIF,63980,DELIVERED,3000,"2025-10-06 16:19:39"
2025-10-06,3050044,222080,TIMWE_RENEWED_NOTIF,63980,DELIVERED,3000,"2025-10-06 16:19:39"
2025-10-06,3050044,222080,TIMWE_RENEWED_NOTIF,63980,DELIVERED,3000,"2025-10-06 16:19:39"
2025-10-06,3050190,237517,TIMWE_RENEWED_NOTIF,63980,DELIVERED,3000,"2025-10-06 16:48:11"
2025-10-06,3050190,237517,TIMWE_RENEWED_NOTIF,63980,DELIVERED,3000,"2025-10-06 16:48:11"
2025-10-06,3050190,237517,TIMWE_RENEWED_NOTIF,63980,DELIVERED,3000,"2025-10-06 16:48:11"
2025-10-06,3050190,237517,TIMWE_RENEWED_NOTIF,63980,DELIVERED,3000,"2025-10-06 16:48:11"
2025-10-06,3050190,237517,TIMWE_RENEWED_NOTIF,63980,DELIVERED,3000,"2025-10-06 16:48:11"
2025-10-06,3050217,224407,TIMWE_RENEWED_NOTIF,63980,DELIVERED,3000,"2025-10-06 16:59:18"
2025-10-06,3050217,224407,TIMWE_RENEWED_NOTIF,63980,DELIVERED,3000,"2025-10-06 16:59:18"
2025-10-06,3050217,224407,TIMWE_RENEWED_NOTIF,63980,DELIVERED,3000,"2025-10-06 16:59:18"
2025-10-06,3050217,224407,TIMWE_RENEWED_NOTIF,63980,DELIVERED,3000,"2025-10-06 16:59:18"
2025-10-06,3050217,224407,TIMWE_RENEWED_NOTIF,63980,DELIVERED,3000,"2025-10-06 16:59:18"
2025-10-06,3050245,230405,TIMWE_RENEWED_NOTIF,63980,DELIVERED,3000,"2025-10-06 17:09:25"
2025-10-06,3050245,230405,TIMWE_RENEWED_NOTIF,63980,DELIVERED,3000,"2025-10-06 17:09:25"
2025-10-06,3050259,220378,TIMWE_RENEWED_NOTIF,63980,DELIVERED,3000,"2025-10-06 17:11:43"
2025-10-06,3050259,220378,TIMWE_RENEWED_NOTIF,63980,DELIVERED,3000,"2025-10-06 17:11:43"
2025-10-06,3050259,220378,TIMWE_RENEWED_NOTIF,63980,DELIVERED,3000,"2025-10-06 17:11:43"
2025-10-06,3050434,187300,TIMWE_RENEWED_NOTIF,63980,DELIVERED,3000,"2025-10-06 18:25:30"
2025-10-06,3050434,187300,TIMWE_RENEWED_NOTIF,63980,DELIVERED,3000,"2025-10-06 18:25:30"
2025-10-06,3050434,187300,TIMWE_RENEWED_NOTIF,63980,DELIVERED,3000,"2025-10-06 18:25:30"
2025-10-06,3050434,187300,TIMWE_RENEWED_NOTIF,63980,DELIVERED,3000,"2025-10-06 18:25:30"
2025-10-06,3050434,187300,TIMWE_RENEWED_NOTIF,63980,DELIVERED,3000,"2025-10-06 18:25:30"
2025-10-06,3050434,187300,TIMWE_RENEWED_NOTIF,63980,DELIVERED,3000,"2025-10-06 18:25:30"
2025-10-06,3050436,220838,TIMWE_RENEWED_NOTIF,63980,DELIVERED,3000,"2025-10-06 18:25:50"
2025-10-06,3050436,220838,TIMWE_RENEWED_NOTIF,63980,DELIVERED,3000,"2025-10-06 18:25:50"
2025-10-06,3050440,213402,TIMWE_RENEWED_NOTIF,63980,DELIVERED,3000,"2025-10-06 18:28:03"
2025-10-06,3050440,213402,TIMWE_RENEWED_NOTIF,63980,DELIVERED,3000,"2025-10-06 18:28:03"
2025-10-06,3050444,239333,TIMWE_RENEWED_NOTIF,63980,DELIVERED,3000,"2025-10-06 18:29:14"
2025-10-06,3050444,239333,TIMWE_RENEWED_NOTIF,63980,DELIVERED,3000,"2025-10-06 18:29:14"
2025-10-06,3050451,235558,TIMWE_RENEWED_NOTIF,63980,DELIVERED,3000,"2025-10-06 18:29:43"
2025-10-06,3050451,235558,TIMWE_RENEWED_NOTIF,63980,DELIVERED,3000,"2025-10-06 18:29:43"
2025-10-06,3050459,214673,TIMWE_RENEWED_NOTIF,63980,DELIVERED,3000,"2025-10-06 18:34:17"
2025-10-06,3050459,214673,TIMWE_RENEWED_NOTIF,63980,DELIVERED,3000,"2025-10-06 18:34:17"
2025-10-06,3050463,214766,TIMWE_RENEWED_NOTIF,63980,DELIVERED,3000,"2025-10-06 18:34:47"
2025-10-06,3050463,214766,TIMWE_RENEWED_NOTIF,63980,DELIVERED,3000,"2025-10-06 18:34:47"
2025-10-06,3050467,212285,TIMWE_RENEWED_NOTIF,63980,DELIVERED,3000,"2025-10-06 18:35:37"
2025-10-06,3050467,212285,TIMWE_RENEWED_NOTIF,63980,DELIVERED,3000,"2025-10-06 18:35:37"
2025-10-06,3050471,225411,TIMWE_RENEWED_NOTIF,63980,DELIVERED,3000,"2025-10-06 18:36:36"
2025-10-06,3050471,225411,TIMWE_RENEWED_NOTIF,63980,DELIVERED,3000,"2025-10-06 18:36:36"
2025-10-06,3050471,225411,TIMWE_RENEWED_NOTIF,63980,DELIVERED,3000,"2025-10-06 18:36:36"
2025-10-06,3050522,206721,TIMWE_RENEWED_NOTIF,63980,DELIVERED,3000,"2025-10-06 18:49:57"
2025-10-06,3050522,206721,TIMWE_RENEWED_NOTIF,63980,DELIVERED,3000,"2025-10-06 18:49:57"
2025-10-06,3050588,218948,TIMWE_RENEWED_NOTIF,63980,DELIVERED,3000,"2025-10-06 19:01:04"
2025-10-06,3050588,218948,TIMWE_RENEWED_NOTIF,63980,DELIVERED,3000,"2025-10-06 19:01:04"
2025-10-06,3050588,218948,TIMWE_RENEWED_NOTIF,63980,DELIVERED,3000,"2025-10-06 19:01:04"
2025-10-06,3050646,229684,TIMWE_RENEWED_NOTIF,63980,DELIVERED,3000,"2025-10-06 19:39:10"
2025-10-06,3050646,229684,TIMWE_RENEWED_NOTIF,63980,DELIVERED,3000,"2025-10-06 19:39:10"
2025-10-06,3050646,229684,TIMWE_RENEWED_NOTIF,63980,DELIVERED,3000,"2025-10-06 19:39:10"
2025-10-06,3050699,209380,TIMWE_RENEWED_NOTIF,63980,DELIVERED,3000,"2025-10-06 19:48:50"
2025-10-06,3050699,209380,TIMWE_RENEWED_NOTIF,63980,DELIVERED,3000,"2025-10-06 19:48:50"
2025-10-06,3050699,209380,TIMWE_RENEWED_NOTIF,63980,DELIVERED,3000,"2025-10-06 19:48:50"
2025-10-06,3050703,228185,TIMWE_RENEWED_NOTIF,63980,DELIVERED,3000,"2025-10-06 19:50:33"
2025-10-06,3050703,228185,TIMWE_RENEWED_NOTIF,63980,DELIVERED,3000,"2025-10-06 19:50:33"
2025-10-06,3050718,172659,TIMWE_RENEWED_NOTIF,63980,DELIVERED,3000,"2025-10-06 19:53:04"
2025-10-06,3050718,172659,TIMWE_RENEWED_NOTIF,63980,DELIVERED,3000,"2025-10-06 19:53:04"
2025-10-06,3050718,172659,TIMWE_RENEWED_NOTIF,63980,DELIVERED,3000,"2025-10-06 19:53:04"
2025-10-06,3050718,172659,TIMWE_RENEWED_NOTIF,63980,DELIVERED,3000,"2025-10-06 19:53:04"
2025-10-06,3050718,172659,TIMWE_RENEWED_NOTIF,63980,DELIVERED,3000,"2025-10-06 19:53:04"
2025-10-06,3050718,172659,TIMWE_RENEWED_NOTIF,63980,DELIVERED,3000,"2025-10-06 19:53:04"
2025-10-06,3050718,172659,TIMWE_RENEWED_NOTIF,63980,DELIVERED,3000,"2025-10-06 19:53:04"
2025-10-06,3050718,172659,TIMWE_RENEWED_NOTIF,63980,DELIVERED,3000,"2025-10-06 19:53:04"
2025-10-06,3050723,223440,TIMWE_RENEWED_NOTIF,63980,DELIVERED,3000,"2025-10-06 19:53:15"
2025-10-06,3050723,223440,TIMWE_RENEWED_NOTIF,63980,DELIVERED,3000,"2025-10-06 19:53:15"
2025-10-06,3050723,223440,TIMWE_RENEWED_NOTIF,63980,DELIVERED,3000,"2025-10-06 19:53:15"
2025-10-06,3050723,223440,TIMWE_RENEWED_NOTIF,63980,DELIVERED,3000,"2025-10-06 19:53:15"
2025-10-06,3050723,223440,TIMWE_RENEWED_NOTIF,63980,DELIVERED,3000,"2025-10-06 19:53:15"
2025-10-06,3050726,239260,TIMWE_RENEWED_NOTIF,63980,DELIVERED,3000,"2025-10-06 19:53:22"
2025-10-06,3050726,239260,TIMWE_RENEWED_NOTIF,63980,DELIVERED,3000,"2025-10-06 19:53:22"
2025-10-06,3050744,222598,TIMWE_RENEWED_NOTIF,63980,DELIVERED,3000,"2025-10-06 19:54:44"
2025-10-06,3050744,222598,TIMWE_RENEWED_NOTIF,63980,DELIVERED,3000,"2025-10-06 19:54:44"
2025-10-06,3050747,218258,TIMWE_RENEWED_NOTIF,63980,DELIVERED,3000,"2025-10-06 19:55:00"
2025-10-06,3050747,218258,TIMWE_RENEWED_NOTIF,63980,DELIVERED,3000,"2025-10-06 19:55:00"
2025-10-06,3050759,219117,TIMWE_RENEWED_NOTIF,63980,DELIVERED,3000,"2025-10-06 19:56:00"
2025-10-06,3050759,219117,TIMWE_RENEWED_NOTIF,63980,DELIVERED,3000,"2025-10-06 19:56:00"
2025-10-06,3050759,219117,TIMWE_RENEWED_NOTIF,63980,DELIVERED,3000,"2025-10-06 19:56:00"
2025-10-06,3050806,223929,TIMWE_RENEWED_NOTIF,63980,DELIVERED,3000,"2025-10-06 20:09:12"
2025-10-06,3050806,223929,TIMWE_RENEWED_NOTIF,63980,DELIVERED,3000,"2025-10-06 20:09:12"
2025-10-06,3050806,223929,TIMWE_RENEWED_NOTIF,63980,DELIVERED,3000,"2025-10-06 20:09:12"
2025-10-06,3050819,213591,TIMWE_RENEWED_NOTIF,63980,DELIVERED,3000,"2025-10-06 20:11:35"
2025-10-06,3050819,213591,TIMWE_RENEWED_NOTIF,63980,DELIVERED,3000,"2025-10-06 20:11:35"
2025-10-06,3050824,239275,TIMWE_RENEWED_NOTIF,63980,DELIVERED,3000,"2025-10-06 20:13:09"
2025-10-06,3050824,239275,TIMWE_RENEWED_NOTIF,63980,DELIVERED,3000,"2025-10-06 20:13:09"
2025-10-06,3050839,229064,TIMWE_RENEWED_NOTIF,63980,DELIVERED,3000,"2025-10-06 20:17:36"
2025-10-06,3050839,229064,TIMWE_RENEWED_NOTIF,63980,DELIVERED,3000,"2025-10-06 20:17:36"
2025-10-06,3050839,229064,TIMWE_RENEWED_NOTIF,63980,DELIVERED,3000,"2025-10-06 20:17:36"
2025-10-06,3050839,229064,TIMWE_RENEWED_NOTIF,63980,DELIVERED,3000,"2025-10-06 20:17:36"
2025-10-06,3050839,229064,TIMWE_RENEWED_NOTIF,63980,DELIVERED,3000,"2025-10-06 20:17:36"
2025-10-06,3050839,229064,TIMWE_RENEWED_NOTIF,63980,DELIVERED,3000,"2025-10-06 20:17:36"
2025-10-06,3050844,225473,TIMWE_RENEWED_NOTIF,63980,DELIVERED,3000,"2025-10-06 20:20:30"
2025-10-06,3050844,225473,TIMWE_RENEWED_NOTIF,63980,DELIVERED,3000,"2025-10-06 20:20:30"
2025-10-06,3050844,225473,TIMWE_RENEWED_NOTIF,63980,DELIVERED,3000,"2025-10-06 20:20:30"
2025-10-06,3050844,225473,TIMWE_RENEWED_NOTIF,63980,DELIVERED,3000,"2025-10-06 20:20:30"
2025-10-06,3050870,204452,TIMWE_RENEWED_NOTIF,63980,DELIVERED,3000,"2025-10-06 20:24:35"
2025-10-06,3050870,204452,TIMWE_RENEWED_NOTIF,63980,DELIVERED,3000,"2025-10-06 20:24:35"
2025-10-06,3050870,204452,TIMWE_RENEWED_NOTIF,63980,DELIVERED,3000,"2025-10-06 20:24:35"
2025-10-06,3050870,204452,TIMWE_RENEWED_NOTIF,63980,DELIVERED,3000,"2025-10-06 20:24:35"
2025-10-06,3050870,204452,TIMWE_RENEWED_NOTIF,63980,DELIVERED,3000,"2025-10-06 20:24:35"
2025-10-06,3050874,216397,TIMWE_RENEWED_NOTIF,63980,DELIVERED,3000,"2025-10-06 20:26:10"
2025-10-06,3050874,216397,TIMWE_RENEWED_NOTIF,63980,DELIVERED,3000,"2025-10-06 20:26:10"
2025-10-06,3050874,216397,TIMWE_RENEWED_NOTIF,63980,DELIVERED,3000,"2025-10-06 20:26:10"
2025-10-06,3050874,216397,TIMWE_RENEWED_NOTIF,63980,DELIVERED,3000,"2025-10-06 20:26:10"
2025-10-06,3052085,221513,TIMWE_RENEWED_NOTIF,63980,DELIVERED,3000,"2025-10-06 22:12:35"
2025-10-06,3052085,221513,TIMWE_RENEWED_NOTIF,63980,DELIVERED,3000,"2025-10-06 22:12:35"
2025-10-06,3052418,217339,TIMWE_RENEWED_NOTIF,63980,DELIVERED,3000,"2025-10-06 22:15:38"
2025-10-06,3052418,217339,TIMWE_RENEWED_NOTIF,63980,DELIVERED,3000,"2025-10-06 22:15:38"
2025-10-06,3052418,217339,TIMWE_RENEWED_NOTIF,63980,DELIVERED,3000,"2025-10-06 22:15:38"
2025-10-06,3052994,218418,TIMWE_RENEWED_NOTIF,63980,DELIVERED,3000,"2025-10-06 22:21:30"
2025-10-06,3052994,218418,TIMWE_RENEWED_NOTIF,63980,DELIVERED,3000,"2025-10-06 22:21:30"
2025-10-06,3052994,218418,TIMWE_RENEWED_NOTIF,63980,DELIVERED,3000,"2025-10-06 22:21:30"
2025-10-06,3053068,213418,TIMWE_RENEWED_NOTIF,63980,DELIVERED,3000,"2025-10-06 22:21:55"
2025-10-06,3053068,213418,TIMWE_RENEWED_NOTIF,63980,DELIVERED,3000,"2025-10-06 22:21:55"
2025-10-06,3053269,190840,TIMWE_RENEWED_NOTIF,63980,DELIVERED,3000,"2025-10-06 22:23:53"
2025-10-06,3053269,190840,TIMWE_RENEWED_NOTIF,63980,DELIVERED,3000,"2025-10-06 22:23:53"
2025-10-06,3053269,190840,TIMWE_RENEWED_NOTIF,63980,DELIVERED,3000,"2025-10-06 22:23:53"
2025-10-06,3053941,219532,TIMWE_RENEWED_NOTIF,63980,DELIVERED,3000,"2025-10-06 22:30:35"
2025-10-06,3053941,219532,TIMWE_RENEWED_NOTIF,63980,DELIVERED,3000,"2025-10-06 22:30:35"
2025-10-06,3053941,219532,TIMWE_RENEWED_NOTIF,63980,DELIVERED,3000,"2025-10-06 22:30:35"
2025-10-06,3054832,205500,TIMWE_RENEWED_NOTIF,63980,DELIVERED,3000,"2025-10-06 22:38:56"
2025-10-06,3054832,205500,TIMWE_RENEWED_NOTIF,63980,DELIVERED,3000,"2025-10-06 22:38:56"
2025-10-06,3055372,229473,TIMWE_RENEWED_NOTIF,63980,DELIVERED,3000,"2025-10-06 22:44:03"
2025-10-06,3055372,229473,TIMWE_RENEWED_NOTIF,63980,DELIVERED,3000,"2025-10-06 22:44:03"
2025-10-06,3056114,222535,TIMWE_RENEWED_NOTIF,63980,DELIVERED,3000,"2025-10-06 22:50:57"
2025-10-06,3056114,222535,TIMWE_RENEWED_NOTIF,63980,DELIVERED,3000,"2025-10-06 22:50:57"
2025-10-06,3056114,222535,TIMWE_RENEWED_NOTIF,63980,DELIVERED,3000,"2025-10-06 22:50:57"
2025-10-06,3056114,222535,TIMWE_RENEWED_NOTIF,63980,DELIVERED,3000,"2025-10-06 22:50:57"
2025-10-06,3056393,222698,TIMWE_RENEWED_NOTIF,63980,DELIVERED,3000,"2025-10-06 22:53:53"
2025-10-06,3056393,222698,TIMWE_RENEWED_NOTIF,63980,DELIVERED,3000,"2025-10-06 22:53:53"
2025-10-06,3056910,213086,TIMWE_RENEWED_NOTIF,63980,DELIVERED,3000,"2025-10-06 22:59:24"
2025-10-06,3056910,213086,TIMWE_RENEWED_NOTIF,63980,DELIVERED,3000,"2025-10-06 22:59:24"
2025-10-06,3056910,213086,TIMWE_RENEWED_NOTIF,63980,DELIVERED,3000,"2025-10-06 22:59:24"
2025-10-06,3057050,215175,TIMWE_RENEWED_NOTIF,63980,DELIVERED,3000,"2025-10-06 23:01:21"
2025-10-06,3057050,215175,TIMWE_RENEWED_NOTIF,63980,DELIVERED,3000,"2025-10-06 23:01:21"
2025-10-06,3057050,215175,TIMWE_RENEWED_NOTIF,63980,DELIVERED,3000,"2025-10-06 23:01:21"
2025-10-06,3057050,215175,TIMWE_RENEWED_NOTIF,63980,DELIVERED,3000,"2025-10-06 23:01:21"
2025-10-06,3057050,215175,TIMWE_RENEWED_NOTIF,63980,DELIVERED,3000,"2025-10-06 23:01:21"
2025-10-06,3057901,173037,TIMWE_RENEWED_NOTIF,63980,DELIVERED,3000,"2025-10-06 23:24:20"
2025-10-06,3057901,173037,TIMWE_RENEWED_NOTIF,63980,DELIVERED,3000,"2025-10-06 23:24:20"
2025-10-06,3057901,173037,TIMWE_RENEWED_NOTIF,63980,DELIVERED,3000,"2025-10-06 23:24:20"
2025-10-06,3057901,173037,TIMWE_RENEWED_NOTIF,63980,DELIVERED,3000,"2025-10-06 23:24:20"
2025-10-06,3057901,173037,TIMWE_RENEWED_NOTIF,63980,DELIVERED,3000,"2025-10-06 23:24:20"
2025-10-06,3057901,173037,TIMWE_RENEWED_NOTIF,63980,DELIVERED,3000,"2025-10-06 23:24:20"
2025-10-06,3057901,173037,TIMWE_RENEWED_NOTIF,63980,DELIVERED,3000,"2025-10-06 23:24:20"
2025-10-06,3057901,173037,TIMWE_RENEWED_NOTIF,63980,DELIVERED,3000,"2025-10-06 23:24:20"
2025-10-06,3057942,209643,TIMWE_RENEWED_NOTIF,63980,DELIVERED,3000,"2025-10-06 23:25:02"
2025-10-06,3057942,209643,TIMWE_RENEWED_NOTIF,63980,DELIVERED,3000,"2025-10-06 23:25:02"
2025-10-06,3058452,218599,TIMWE_RENEWED_NOTIF,63980,DELIVERED,3000,"2025-10-06 23:29:57"
2025-10-06,3058452,218599,TIMWE_RENEWED_NOTIF,63980,DELIVERED,3000,"2025-10-06 23:29:57"
2025-10-06,3060503,231501,TIMWE_RENEWED_NOTIF,63980,DELIVERED,3000,"2025-10-06 23:52:44"
2025-10-06,3060503,231501,TIMWE_RENEWED_NOTIF,63980,DELIVERED,3000,"2025-10-06 23:52:44"
2025-10-06,3060503,231501,TIMWE_RENEWED_NOTIF,63980,DELIVERED,3000,"2025-10-06 23:52:44"
2025-10-06,3060503,231501,TIMWE_RENEWED_NOTIF,63980,DELIVERED,3000,"2025-10-06 23:52:44"
2025-10-06,3060503,231501,TIMWE_RENEWED_NOTIF,63980,DELIVERED,3000,"2025-10-06 23:52:44"
2025-10-07,3061586,209240,TIMWE_RENEWED_NOTIF,63980,DELIVERED,3000,"2025-10-07 00:03:18"
2025-10-07,3061586,209240,TIMWE_RENEWED_NOTIF,63980,DELIVERED,3000,"2025-10-07 00:03:18"
2025-10-07,3061790,213151,TIMWE_RENEWED_NOTIF,63980,DELIVERED,3000,"2025-10-07 00:05:17"
2025-10-07,3061790,213151,TIMWE_RENEWED_NOTIF,63980,DELIVERED,3000,"2025-10-07 00:05:17"
2025-10-07,3062268,219971,TIMWE_RENEWED_NOTIF,63980,DELIVERED,3000,"2025-10-07 00:10:42"
2025-10-07,3062268,219971,TIMWE_RENEWED_NOTIF,63980,DELIVERED,3000,"2025-10-07 00:10:42"
2025-10-07,3063151,173548,TIMWE_RENEWED_NOTIF,63980,DELIVERED,3000,"2025-10-07 04:37:29"
2025-10-07,3063151,173548,TIMWE_RENEWED_NOTIF,63980,DELIVERED,3000,"2025-10-07 04:37:29"
2025-10-07,3063151,173548,TIMWE_RENEWED_NOTIF,63980,DELIVERED,3000,"2025-10-07 04:37:29"
2025-10-07,3063151,173548,TIMWE_RENEWED_NOTIF,63980,DELIVERED,3000,"2025-10-07 04:37:29"
2025-10-07,3063151,173548,TIMWE_RENEWED_NOTIF,63980,DELIVERED,3000,"2025-10-07 04:37:29"
2025-10-07,3063151,173548,TIMWE_RENEWED_NOTIF,63980,DELIVERED,3000,"2025-10-07 04:37:29"
2025-10-07,3063151,173548,TIMWE_RENEWED_NOTIF,63980,DELIVERED,3000,"2025-10-07 04:37:29"
2025-10-07,3063153,173680,TIMWE_RENEWED_NOTIF,63980,DELIVERED,3000,"2025-10-07 04:38:03"
2025-10-07,3063153,173680,TIMWE_RENEWED_NOTIF,63980,DELIVERED,3000,"2025-10-07 04:38:03"
2025-10-07,3063153,173680,TIMWE_RENEWED_NOTIF,63980,DELIVERED,3000,"2025-10-07 04:38:03"
2025-10-07,3063153,173680,TIMWE_RENEWED_NOTIF,63980,DELIVERED,3000,"2025-10-07 04:38:03"
2025-10-07,3063153,173680,TIMWE_RENEWED_NOTIF,63980,DELIVERED,3000,"2025-10-07 04:38:03"
2025-10-07,3063153,173680,TIMWE_RENEWED_NOTIF,63980,DELIVERED,3000,"2025-10-07 04:38:03"
2025-10-07,3063153,173680,TIMWE_RENEWED_NOTIF,63980,DELIVERED,3000,"2025-10-07 04:38:03"
2025-10-07,3063153,173680,TIMWE_RENEWED_NOTIF,63980,DELIVERED,3000,"2025-10-07 04:38:03"
2025-10-07,3063155,190528,TIMWE_RENEWED_NOTIF,63980,DELIVERED,3000,"2025-10-07 04:38:29"
2025-10-07,3063155,190528,TIMWE_RENEWED_NOTIF,63980,DELIVERED,3000,"2025-10-07 04:38:29"
2025-10-07,3063155,190528,TIMWE_RENEWED_NOTIF,63980,DELIVERED,3000,"2025-10-07 04:38:29"
2025-10-07,3063155,190528,TIMWE_RENEWED_NOTIF,63980,DELIVERED,3000,"2025-10-07 04:38:29"
2025-10-07,3063155,190528,TIMWE_RENEWED_NOTIF,63980,DELIVERED,3000,"2025-10-07 04:38:29"
2025-10-07,3063155,190528,TIMWE_RENEWED_NOTIF,63980,DELIVERED,3000,"2025-10-07 04:38:29"
2025-10-07,3063157,194239,TIMWE_RENEWED_NOTIF,63980,DELIVERED,3000,"2025-10-07 04:40:19"
2025-10-07,3063157,194239,TIMWE_RENEWED_NOTIF,63980,DELIVERED,3000,"2025-10-07 04:40:19"
2025-10-07,3063157,194239,TIMWE_RENEWED_NOTIF,63980,DELIVERED,3000,"2025-10-07 04:40:19"
2025-10-07,3063159,194926,TIMWE_RENEWED_NOTIF,63980,DELIVERED,3000,"2025-10-07 04:41:03"
2025-10-07,3063159,194926,TIMWE_RENEWED_NOTIF,63980,DELIVERED,3000,"2025-10-07 04:41:03"
2025-10-07,3063159,194926,TIMWE_RENEWED_NOTIF,63980,DELIVERED,3000,"2025-10-07 04:41:03"
2025-10-07,3063159,194926,TIMWE_RENEWED_NOTIF,63980,DELIVERED,3000,"2025-10-07 04:41:03"
2025-10-07,3063159,194926,TIMWE_RENEWED_NOTIF,63980,DELIVERED,3000,"2025-10-07 04:41:03"
2025-10-07,3063159,194926,TIMWE_RENEWED_NOTIF,63980,DELIVERED,3000,"2025-10-07 04:41:03"
2025-10-07,3063161,193179,TIMWE_RENEWED_NOTIF,63980,DELIVERED,3000,"2025-10-07 04:41:35"
2025-10-07,3063161,193179,TIMWE_RENEWED_NOTIF,63980,DELIVERED,3000,"2025-10-07 04:41:35"
2025-10-07,3063161,193179,TIMWE_RENEWED_NOTIF,63980,DELIVERED,3000,"2025-10-07 04:41:35"
2025-10-07,3063161,193179,TIMWE_RENEWED_NOTIF,63980,DELIVERED,3000,"2025-10-07 04:41:35"
2025-10-07,3063163,216813,TIMWE_RENEWED_NOTIF,63980,DELIVERED,3000,"2025-10-07 04:43:41"
2025-10-07,3063163,216813,TIMWE_RENEWED_NOTIF,63980,DELIVERED,3000,"2025-10-07 04:43:41"
2025-10-07,3063165,225042,TIMWE_RENEWED_NOTIF,63980,DELIVERED,3000,"2025-10-07 04:52:31"
2025-10-07,3063165,225042,TIMWE_RENEWED_NOTIF,63980,DELIVERED,3000,"2025-10-07 04:52:31"
2025-10-07,3063167,234830,TIMWE_RENEWED_NOTIF,63980,DELIVERED,3000,"2025-10-07 04:54:36"
2025-10-07,3063167,234830,TIMWE_RENEWED_NOTIF,63980,DELIVERED,3000,"2025-10-07 04:54:36"
2025-10-07,3063169,227548,TIMWE_RENEWED_NOTIF,63980,DELIVERED,3000,"2025-10-07 04:54:48"
2025-10-07,3063169,227548,TIMWE_RENEWED_NOTIF,63980,DELIVERED,3000,"2025-10-07 04:54:48"
2025-10-07,3063171,237110,TIMWE_RENEWED_NOTIF,63980,DELIVERED,3000,"2025-10-07 04:55:38"
2025-10-07,3063171,237110,TIMWE_RENEWED_NOTIF,63980,DELIVERED,3000,"2025-10-07 04:55:38"
2025-10-07,3063171,237110,TIMWE_RENEWED_NOTIF,63980,DELIVERED,3000,"2025-10-07 04:55:38"
2025-10-07,3063171,237110,TIMWE_RENEWED_NOTIF,63980,DELIVERED,3000,"2025-10-07 04:55:38"
2025-10-07,3063171,237110,TIMWE_RENEWED_NOTIF,63980,DELIVERED,3000,"2025-10-07 04:55:38"
2025-10-07,3063173,173899,TIMWE_RENEWED_NOTIF,63980,DELIVERED,3000,"2025-10-07 05:15:50"
2025-10-07,3063173,173899,TIMWE_RENEWED_NOTIF,63980,DELIVERED,3000,"2025-10-07 05:15:50"
2025-10-07,3063173,173899,TIMWE_RENEWED_NOTIF,63980,DELIVERED,3000,"2025-10-07 05:15:50"
2025-10-07,3063173,173899,TIMWE_RENEWED_NOTIF,63980,DELIVERED,3000,"2025-10-07 05:15:50"
2025-10-07,3063173,173899,TIMWE_RENEWED_NOTIF,63980,DELIVERED,3000,"2025-10-07 05:15:50"
2025-10-07,3063173,173899,TIMWE_RENEWED_NOTIF,63980,DELIVERED,3000,"2025-10-07 05:15:50"
2025-10-07,3063173,173899,TIMWE_RENEWED_NOTIF,63980,DELIVERED,3000,"2025-10-07 05:15:50"
2025-10-07,3063173,173899,TIMWE_RENEWED_NOTIF,63980,DELIVERED,3000,"2025-10-07 05:15:50"
2025-10-07,3063175,194872,TIMWE_RENEWED_NOTIF,63980,DELIVERED,3000,"2025-10-07 05:16:07"
2025-10-07,3063175,194872,TIMWE_RENEWED_NOTIF,63980,DELIVERED,3000,"2025-10-07 05:16:07"
2025-10-07,3063175,194872,TIMWE_RENEWED_NOTIF,63980,DELIVERED,3000,"2025-10-07 05:16:07"
2025-10-07,3063177,194934,TIMWE_RENEWED_NOTIF,63980,DELIVERED,3000,"2025-10-07 05:16:07"
2025-10-07,3063177,194934,TIMWE_RENEWED_NOTIF,63980,DELIVERED,3000,"2025-10-07 05:16:07"
2025-10-07,3063177,194934,TIMWE_RENEWED_NOTIF,63980,DELIVERED,3000,"2025-10-07 05:16:07"
2025-10-07,3063179,172068,TIMWE_RENEWED_NOTIF,63980,DELIVERED,3000,"2025-10-07 05:16:22"
2025-10-07,3063179,172068,TIMWE_RENEWED_NOTIF,63980,DELIVERED,3000,"2025-10-07 05:16:22"
2025-10-07,3063179,172068,TIMWE_RENEWED_NOTIF,63980,DELIVERED,3000,"2025-10-07 05:16:22"
2025-10-07,3063179,172068,TIMWE_RENEWED_NOTIF,63980,DELIVERED,3000,"2025-10-07 05:16:22"
2025-10-07,3063179,172068,TIMWE_RENEWED_NOTIF,63980,DELIVERED,3000,"2025-10-07 05:16:22"
2025-10-07,3063181,192675,TIMWE_RENEWED_NOTIF,63980,DELIVERED,3000,"2025-10-07 05:16:26"
2025-10-07,3063181,192675,TIMWE_RENEWED_NOTIF,63980,DELIVERED,3000,"2025-10-07 05:16:26"
2025-10-07,3063181,192675,TIMWE_RENEWED_NOTIF,63980,DELIVERED,3000,"2025-10-07 05:16:26"
2025-10-07,3063181,192675,TIMWE_RENEWED_NOTIF,63980,DELIVERED,3000,"2025-10-07 05:16:26"
2025-10-07,3063183,217922,TIMWE_RENEWED_NOTIF,63980,DELIVERED,3000,"2025-10-07 05:17:27"
2025-10-07,3063183,217922,TIMWE_RENEWED_NOTIF,63980,DELIVERED,3000,"2025-10-07 05:17:27"
2025-10-07,3063185,194948,TIMWE_RENEWED_NOTIF,63980,DELIVERED,3000,"2025-10-07 05:18:06"
2025-10-07,3063185,194948,TIMWE_RENEWED_NOTIF,63980,DELIVERED,3000,"2025-10-07 05:18:06"
2025-10-07,3063185,194948,TIMWE_RENEWED_NOTIF,63980,DELIVERED,3000,"2025-10-07 05:18:06"
2025-10-07,3063185,194948,TIMWE_RENEWED_NOTIF,63980,DELIVERED,3000,"2025-10-07 05:18:06"
2025-10-07,3063187,195143,TIMWE_RENEWED_NOTIF,63980,DELIVERED,3000,"2025-10-07 05:18:34"
2025-10-07,3063187,195143,TIMWE_RENEWED_NOTIF,63980,DELIVERED,3000,"2025-10-07 05:18:34"
2025-10-07,3063187,195143,TIMWE_RENEWED_NOTIF,63980,DELIVERED,3000,"2025-10-07 05:18:34"
2025-10-07,3063189,212108,TIMWE_RENEWED_NOTIF,63980,DELIVERED,3000,"2025-10-07 05:19:06"
2025-10-07,3063189,212108,TIMWE_RENEWED_NOTIF,63980,DELIVERED,3000,"2025-10-07 05:19:06"
2025-10-07,3063191,211135,TIMWE_RENEWED_NOTIF,63980,DELIVERED,3000,"2025-10-07 05:21:31"
2025-10-07,3063191,211135,TIMWE_RENEWED_NOTIF,63980,DELIVERED,3000,"2025-10-07 05:21:31"
2025-10-07,3063193,214923,TIMWE_RENEWED_NOTIF,63980,DELIVERED,3000,"2025-10-07 05:21:55"
2025-10-07,3063193,214923,TIMWE_RENEWED_NOTIF,63980,DELIVERED,3000,"2025-10-07 05:21:55"
2025-10-07,3063195,204817,TIMWE_RENEWED_NOTIF,63980,DELIVERED,3000,"2025-10-07 05:23:04"
2025-10-07,3063195,204817,TIMWE_RENEWED_NOTIF,63980,DELIVERED,3000,"2025-10-07 05:23:04"
2025-10-07,3063195,204817,TIMWE_RENEWED_NOTIF,63980,DELIVERED,3000,"2025-10-07 05:23:04"
2025-10-07,3063195,204817,TIMWE_RENEWED_NOTIF,63980,DELIVERED,3000,"2025-10-07 05:23:04"
2025-10-07,3063195,204817,TIMWE_RENEWED_NOTIF,63980,DELIVERED,3000,"2025-10-07 05:23:04"
2025-10-07,3063197,204889,TIMWE_RENEWED_NOTIF,63980,DELIVERED,3000,"2025-10-07 05:23:04"
2025-10-07,3063197,204889,TIMWE_RENEWED_NOTIF,63980,DELIVERED,3000,"2025-10-07 05:23:04"
2025-10-07,3063199,214124,TIMWE_RENEWED_NOTIF,63980,DELIVERED,3000,"2025-10-07 05:29:04"
2025-10-07,3063199,214124,TIMWE_RENEWED_NOTIF,63980,DELIVERED,3000,"2025-10-07 05:29:04"
2025-10-07,3063202,227023,TIMWE_RENEWED_NOTIF,63980,DELIVERED,3000,"2025-10-07 05:37:09"
2025-10-07,3063202,227023,TIMWE_RENEWED_NOTIF,63980,DELIVERED,3000,"2025-10-07 05:37:09"
2025-10-07,3063204,234133,TIMWE_RENEWED_NOTIF,63980,DELIVERED,3000,"2025-10-07 05:38:11"
2025-10-07,3063204,234133,TIMWE_RENEWED_NOTIF,63980,DELIVERED,3000,"2025-10-07 05:38:11"
2025-10-07,3063206,223465,TIMWE_RENEWED_NOTIF,63980,DELIVERED,3000,"2025-10-07 05:38:25"
2025-10-07,3063206,223465,TIMWE_RENEWED_NOTIF,63980,DELIVERED,3000,"2025-10-07 05:38:25"
2025-10-07,3063206,223465,TIMWE_RENEWED_NOTIF,63980,DELIVERED,3000,"2025-10-07 05:38:25"
2025-10-07,3063206,223465,TIMWE_RENEWED_NOTIF,63980,DELIVERED,3000,"2025-10-07 05:38:25"
2025-10-07,3063208,239039,TIMWE_RENEWED_NOTIF,63980,DELIVERED,3000,"2025-10-07 05:38:29"
2025-10-07,3063208,239039,TIMWE_RENEWED_NOTIF,63980,DELIVERED,3000,"2025-10-07 05:38:29"
2025-10-07,3063208,239039,TIMWE_RENEWED_NOTIF,63980,DELIVERED,3000,"2025-10-07 05:38:29"
2025-10-07,3063208,239039,TIMWE_RENEWED_NOTIF,63980,DELIVERED,3000,"2025-10-07 05:38:29"
2025-10-07,3063208,239039,TIMWE_RENEWED_NOTIF,63980,DELIVERED,3000,"2025-10-07 05:38:29"
2025-10-07,3063210,229903,TIMWE_RENEWED_NOTIF,63980,DELIVERED,3000,"2025-10-07 05:39:35"
2025-10-07,3063210,229903,TIMWE_RENEWED_NOTIF,63980,DELIVERED,3000,"2025-10-07 05:39:35"
2025-10-07,3063210,229903,TIMWE_RENEWED_NOTIF,63980,DELIVERED,3000,"2025-10-07 05:39:35"
2025-10-07,3063212,229917,TIMWE_RENEWED_NOTIF,63980,DELIVERED,3000,"2025-10-07 05:40:52"
2025-10-07,3063212,229917,TIMWE_RENEWED_NOTIF,63980,DELIVERED,3000,"2025-10-07 05:40:52"
2025-10-07,3063212,229917,TIMWE_RENEWED_NOTIF,63980,DELIVERED,3000,"2025-10-07 05:40:52"
2025-10-07,3063212,229917,TIMWE_RENEWED_NOTIF,63980,DELIVERED,3000,"2025-10-07 05:40:52"
2025-10-07,3063214,229910,TIMWE_RENEWED_NOTIF,63980,DELIVERED,3000,"2025-10-07 05:41:04"
2025-10-07,3063214,229910,TIMWE_RENEWED_NOTIF,63980,DELIVERED,3000,"2025-10-07 05:41:04"
2025-10-07,3063214,229910,TIMWE_RENEWED_NOTIF,63980,DELIVERED,3000,"2025-10-07 05:41:04"
2025-10-07,3063214,229910,TIMWE_RENEWED_NOTIF,63980,DELIVERED,3000,"2025-10-07 05:41:04"
2025-10-07,3063216,229904,TIMWE_RENEWED_NOTIF,63980,DELIVERED,3000,"2025-10-07 05:41:12"
2025-10-07,3063216,229904,TIMWE_RENEWED_NOTIF,63980,DELIVERED,3000,"2025-10-07 05:41:12"
2025-10-07,3063216,229904,TIMWE_RENEWED_NOTIF,63980,DELIVERED,3000,"2025-10-07 05:41:12"
2025-10-07,3063216,229904,TIMWE_RENEWED_NOTIF,63980,DELIVERED,3000,"2025-10-07 05:41:12"
2025-10-07,3063216,229904,TIMWE_RENEWED_NOTIF,63980,DELIVERED,3000,"2025-10-07 05:41:12"
2025-10-07,3063216,229904,TIMWE_RENEWED_NOTIF,63980,DELIVERED,3000,"2025-10-07 05:41:12"
2025-10-07,3063218,229965,TIMWE_RENEWED_NOTIF,63980,DELIVERED,3000,"2025-10-07 05:41:49"
2025-10-07,3063218,229965,TIMWE_RENEWED_NOTIF,63980,DELIVERED,3000,"2025-10-07 05:41:49"
2025-10-07,3063218,229965,TIMWE_RENEWED_NOTIF,63980,DELIVERED,3000,"2025-10-07 05:41:49"
2025-10-07,3063220,240479,TIMWE_RENEWED_NOTIF,63980,DELIVERED,3000,"2025-10-07 05:42:49"
2025-10-07,3063220,240479,TIMWE_RENEWED_NOTIF,63980,DELIVERED,3000,"2025-10-07 05:42:49"
2025-10-07,3063220,240479,TIMWE_RENEWED_NOTIF,63980,DELIVERED,3000,"2025-10-07 05:42:49"
2025-10-07,3063220,240479,TIMWE_RENEWED_NOTIF,63980,DELIVERED,3000,"2025-10-07 05:42:49"
2025-10-07,3063220,240479,TIMWE_RENEWED_NOTIF,63980,DELIVERED,3000,"2025-10-07 05:42:49"
2025-10-07,3063222,227998,TIMWE_RENEWED_NOTIF,63980,DELIVERED,3000,"2025-10-07 05:42:59"
2025-10-07,3063222,227998,TIMWE_RENEWED_NOTIF,63980,DELIVERED,3000,"2025-10-07 05:42:59"
2025-10-07,3063224,230106,TIMWE_RENEWED_NOTIF,63980,DELIVERED,3000,"2025-10-07 05:43:12"
2025-10-07,3063224,230106,TIMWE_RENEWED_NOTIF,63980,DELIVERED,3000,"2025-10-07 05:43:12"
2025-10-07,3063224,230106,TIMWE_RENEWED_NOTIF,63980,DELIVERED,3000,"2025-10-07 05:43:12"
2025-10-07,3063224,230106,TIMWE_RENEWED_NOTIF,63980,DELIVERED,3000,"2025-10-07 05:43:12"
2025-10-07,3063226,230007,TIMWE_RENEWED_NOTIF,63980,DELIVERED,3000,"2025-10-07 05:43:19"
2025-10-07,3063226,230007,TIMWE_RENEWED_NOTIF,63980,DELIVERED,3000,"2025-10-07 05:43:19"
2025-10-07,3063226,230007,TIMWE_RENEWED_NOTIF,63980,DELIVERED,3000,"2025-10-07 05:43:19"
2025-10-07,3063228,230147,TIMWE_RENEWED_NOTIF,63980,DELIVERED,3000,"2025-10-07 05:43:20"
2025-10-07,3063228,230147,TIMWE_RENEWED_NOTIF,63980,DELIVERED,3000,"2025-10-07 05:43:20"
2025-10-07,3063228,230147,TIMWE_RENEWED_NOTIF,63980,DELIVERED,3000,"2025-10-07 05:43:20"
2025-10-07,3063228,230147,TIMWE_RENEWED_NOTIF,63980,DELIVERED,3000,"2025-10-07 05:43:20"
2025-10-07,3063230,240442,TIMWE_RENEWED_NOTIF,63980,DELIVERED,3000,"2025-10-07 05:43:55"
2025-10-07,3063230,240442,TIMWE_RENEWED_NOTIF,63980,DELIVERED,3000,"2025-10-07 05:43:55"
2025-10-07,3063230,240442,TIMWE_RENEWED_NOTIF,63980,DELIVERED,3000,"2025-10-07 05:43:55"
2025-10-07,3063232,240589,TIMWE_RENEWED_NOTIF,63980,DELIVERED,3000,"2025-10-07 05:44:17"
2025-10-07,3063232,240589,TIMWE_RENEWED_NOTIF,63980,DELIVERED,3000,"2025-10-07 05:44:17"
2025-10-07,3063232,240589,TIMWE_RENEWED_NOTIF,63980,DELIVERED,3000,"2025-10-07 05:44:17"
2025-10-07,3063234,235029,TIMWE_RENEWED_NOTIF,63980,DELIVERED,3000,"2025-10-07 05:44:30"
2025-10-07,3063234,235029,TIMWE_RENEWED_NOTIF,63980,DELIVERED,3000,"2025-10-07 05:44:30"
2025-10-07,3063236,230066,TIMWE_RENEWED_NOTIF,63980,DELIVERED,3000,"2025-10-07 05:44:33"
2025-10-07,3063236,230066,TIMWE_RENEWED_NOTIF,63980,DELIVERED,3000,"2025-10-07 05:44:33"
2025-10-07,3063236,230066,TIMWE_RENEWED_NOTIF,63980,DELIVERED,3000,"2025-10-07 05:44:33"
2025-10-07,3063236,230066,TIMWE_RENEWED_NOTIF,63980,DELIVERED,3000,"2025-10-07 05:44:33"
2025-10-07,3063236,230066,TIMWE_RENEWED_NOTIF,63980,DELIVERED,3000,"2025-10-07 05:44:33"
2025-10-07,3063236,230066,TIMWE_RENEWED_NOTIF,63980,DELIVERED,3000,"2025-10-07 05:44:33"
2025-10-07,3063238,240478,TIMWE_RENEWED_NOTIF,63980,DELIVERED,3000,"2025-10-07 05:44:46"
2025-10-07,3063238,240478,TIMWE_RENEWED_NOTIF,63980,DELIVERED,3000,"2025-10-07 05:44:46"
2025-10-07,3063240,240510,TIMWE_RENEWED_NOTIF,63980,DELIVERED,3000,"2025-10-07 05:45:02"
2025-10-07,3063240,240510,TIMWE_RENEWED_NOTIF,63980,DELIVERED,3000,"2025-10-07 05:45:02"
2025-10-07,3063240,240510,TIMWE_RENEWED_NOTIF,63980,DELIVERED,3000,"2025-10-07 05:45:02"
2025-10-07,3063240,240510,TIMWE_RENEWED_NOTIF,63980,DELIVERED,3000,"2025-10-07 05:45:02"
2025-10-07,3063240,240510,TIMWE_RENEWED_NOTIF,63980,DELIVERED,3000,"2025-10-07 05:45:02"
2025-10-07,3063242,240545,TIMWE_RENEWED_NOTIF,63980,DELIVERED,3000,"2025-10-07 05:45:21"
2025-10-07,3063242,240545,TIMWE_RENEWED_NOTIF,63980,DELIVERED,3000,"2025-10-07 05:45:21"
2025-10-07,3063242,240545,TIMWE_RENEWED_NOTIF,63980,DELIVERED,3000,"2025-10-07 05:45:21"
2025-10-07,3063242,240545,TIMWE_RENEWED_NOTIF,63980,DELIVERED,3000,"2025-10-07 05:45:21"
2025-10-07,3063244,240560,TIMWE_RENEWED_NOTIF,63980,DELIVERED,3000,"2025-10-07 05:45:24"
2025-10-07,3063244,240560,TIMWE_RENEWED_NOTIF,63980,DELIVERED,3000,"2025-10-07 05:45:24"
2025-10-07,3063244,240560,TIMWE_RENEWED_NOTIF,63980,DELIVERED,3000,"2025-10-07 05:45:24"
2025-10-07,3063244,240560,TIMWE_RENEWED_NOTIF,63980,DELIVERED,3000,"2025-10-07 05:45:24"
2025-10-07,3063244,240560,TIMWE_RENEWED_NOTIF,63980,DELIVERED,3000,"2025-10-07 05:45:24"
2025-10-07,3063246,240606,TIMWE_RENEWED_NOTIF,63980,DELIVERED,3000,"2025-10-07 05:46:03"
2025-10-07,3063246,240606,TIMWE_RENEWED_NOTIF,63980,DELIVERED,3000,"2025-10-07 05:46:03"
2025-10-07,3063246,240606,TIMWE_RENEWED_NOTIF,63980,DELIVERED,3000,"2025-10-07 05:46:03"
2025-10-07,3063246,240606,TIMWE_RENEWED_NOTIF,63980,DELIVERED,3000,"2025-10-07 05:46:03"
2025-10-07,3063246,240606,TIMWE_RENEWED_NOTIF,63980,DELIVERED,3000,"2025-10-07 05:46:03"
2025-10-07,3063248,230077,TIMWE_RENEWED_NOTIF,63980,DELIVERED,3000,"2025-10-07 05:46:28"
2025-10-07,3063248,230077,TIMWE_RENEWED_NOTIF,63980,DELIVERED,3000,"2025-10-07 05:46:28"
2025-10-07,3063248,230077,TIMWE_RENEWED_NOTIF,63980,DELIVERED,3000,"2025-10-07 05:46:28"
2025-10-07,3063248,230077,TIMWE_RENEWED_NOTIF,63980,DELIVERED,3000,"2025-10-07 05:46:28"
2025-10-07,3063248,230077,TIMWE_RENEWED_NOTIF,63980,DELIVERED,3000,"2025-10-07 05:46:28"
2025-10-07,3063250,240499,TIMWE_RENEWED_NOTIF,63980,DELIVERED,3000,"2025-10-07 05:46:29"
2025-10-07,3063250,240499,TIMWE_RENEWED_NOTIF,63980,DELIVERED,3000,"2025-10-07 05:46:29"
2025-10-07,3063252,222170,TIMWE_RENEWED_NOTIF,63980,DELIVERED,3000,"2025-10-07 05:46:39"
2025-10-07,3063252,222170,TIMWE_RENEWED_NOTIF,63980,DELIVERED,3000,"2025-10-07 05:46:39"
2025-10-07,3063252,222170,TIMWE_RENEWED_NOTIF,63980,DELIVERED,3000,"2025-10-07 05:46:39"
2025-10-07,3063252,222170,TIMWE_RENEWED_NOTIF,63980,DELIVERED,3000,"2025-10-07 05:46:39"
2025-10-07,3063254,224333,TIMWE_RENEWED_NOTIF,63980,DELIVERED,3000,"2025-10-07 05:47:26"
2025-10-07,3063254,224333,TIMWE_RENEWED_NOTIF,63980,DELIVERED,3000,"2025-10-07 05:47:26"
2025-10-07,3063256,228288,TIMWE_RENEWED_NOTIF,63980,DELIVERED,3000,"2025-10-07 05:49:01"
2025-10-07,3063256,228288,TIMWE_RENEWED_NOTIF,63980,DELIVERED,3000,"2025-10-07 05:49:01"
2025-10-07,3063258,222529,TIMWE_RENEWED_NOTIF,63980,DELIVERED,3000,"2025-10-07 05:49:11"
2025-10-07,3063258,222529,TIMWE_RENEWED_NOTIF,63980,DELIVERED,3000,"2025-10-07 05:49:11"
2025-10-07,3063779,231444,TIMWE_RENEWED_NOTIF,63980,DELIVERED,3000,"2025-10-07 08:15:39"
2025-10-07,3063779,231444,TIMWE_RENEWED_NOTIF,63980,DELIVERED,3000,"2025-10-07 08:15:39"
2025-10-07,3064316,205715,TIMWE_RENEWED_NOTIF,63980,DELIVERED,3000,"2025-10-07 08:46:54"
2025-10-07,3064316,205715,TIMWE_RENEWED_NOTIF,63980,DELIVERED,3000,"2025-10-07 08:46:54"
2025-10-07,3064324,212340,TIMWE_RENEWED_NOTIF,63980,DELIVERED,3000,"2025-10-07 08:56:07"
2025-10-07,3064324,212340,TIMWE_RENEWED_NOTIF,63980,DELIVERED,3000,"2025-10-07 08:56:07"
2025-10-07,3064340,222983,TIMWE_RENEWED_NOTIF,63980,DELIVERED,3000,"2025-10-07 09:14:58"
2025-10-07,3064340,222983,TIMWE_RENEWED_NOTIF,63980,DELIVERED,3000,"2025-10-07 09:14:58"
2025-10-07,3064344,194691,TIMWE_RENEWED_NOTIF,63980,DELIVERED,3000,"2025-10-07 09:19:46"
2025-10-07,3064344,194691,TIMWE_RENEWED_NOTIF,63980,DELIVERED,3000,"2025-10-07 09:19:46"
2025-10-07,3064344,194691,TIMWE_RENEWED_NOTIF,63980,DELIVERED,3000,"2025-10-07 09:19:46"
2025-10-07,3064346,206372,TIMWE_RENEWED_NOTIF,63980,DELIVERED,3000,"2025-10-07 09:20:01"
2025-10-07,3064346,206372,TIMWE_RENEWED_NOTIF,63980,DELIVERED,3000,"2025-10-07 09:20:01"
2025-10-07,3064350,239903,TIMWE_RENEWED_NOTIF,63980,DELIVERED,3000,"2025-10-07 09:22:45"
2025-10-07,3064350,239903,TIMWE_RENEWED_NOTIF,63980,DELIVERED,3000,"2025-10-07 09:22:45"
2025-10-07,3064360,229567,TIMWE_RENEWED_NOTIF,63980,DELIVERED,3000,"2025-10-07 09:25:05"
2025-10-07,3064360,229567,TIMWE_RENEWED_NOTIF,63980,DELIVERED,3000,"2025-10-07 09:25:05"
2025-10-07,3064360,229567,TIMWE_RENEWED_NOTIF,63980,DELIVERED,3000,"2025-10-07 09:25:05"
2025-10-07,3064360,229567,TIMWE_RENEWED_NOTIF,63980,DELIVERED,3000,"2025-10-07 09:25:05"
2025-10-07,3064360,229567,TIMWE_RENEWED_NOTIF,63980,DELIVERED,3000,"2025-10-07 09:25:05"
2025-10-07,3064365,218875,TIMWE_RENEWED_NOTIF,63980,DELIVERED,3000,"2025-10-07 09:26:31"
2025-10-07,3064365,218875,TIMWE_RENEWED_NOTIF,63980,DELIVERED,3000,"2025-10-07 09:26:31"
2025-10-07,3064365,218875,TIMWE_RENEWED_NOTIF,63980,DELIVERED,3000,"2025-10-07 09:26:31"
2025-10-07,3064381,236908,TIMWE_RENEWED_NOTIF,63980,DELIVERED,3000,"2025-10-07 09:31:41"
2025-10-07,3064381,236908,TIMWE_RENEWED_NOTIF,63980,DELIVERED,3000,"2025-10-07 09:31:41"
2025-10-07,3064397,237303,TIMWE_RENEWED_NOTIF,63980,DELIVERED,3000,"2025-10-07 09:45:27"
2025-10-07,3064397,237303,TIMWE_RENEWED_NOTIF,63980,DELIVERED,3000,"2025-10-07 09:45:27"
2025-10-07,3064399,230159,TIMWE_RENEWED_NOTIF,63980,DELIVERED,3000,"2025-10-07 09:45:43"
2025-10-07,3064399,230159,TIMWE_RENEWED_NOTIF,63980,DELIVERED,3000,"2025-10-07 09:45:43"
2025-10-07,3064399,230159,TIMWE_RENEWED_NOTIF,63980,DELIVERED,3000,"2025-10-07 09:45:43"
2025-10-07,3064399,230159,TIMWE_RENEWED_NOTIF,63980,DELIVERED,3000,"2025-10-07 09:45:43"
2025-10-07,3064399,230159,TIMWE_RENEWED_NOTIF,63980,DELIVERED,3000,"2025-10-07 09:45:43"
2025-10-07,3064399,230159,TIMWE_RENEWED_NOTIF,63980,DELIVERED,3000,"2025-10-07 09:45:43"
2025-10-07,3064411,228072,TIMWE_RENEWED_NOTIF,63980,DELIVERED,3000,"2025-10-07 09:51:46"
2025-10-07,3064411,228072,TIMWE_RENEWED_NOTIF,63980,DELIVERED,3000,"2025-10-07 09:51:46"
2025-10-07,3064413,236657,TIMWE_RENEWED_NOTIF,63980,DELIVERED,3000,"2025-10-07 09:53:03"
2025-10-07,3064413,236657,TIMWE_RENEWED_NOTIF,63980,DELIVERED,3000,"2025-10-07 09:53:03"
2025-10-07,3064413,236657,TIMWE_RENEWED_NOTIF,63980,DELIVERED,3000,"2025-10-07 09:53:03"
2025-10-07,3064413,236657,TIMWE_RENEWED_NOTIF,63980,DELIVERED,3000,"2025-10-07 09:53:03"
2025-10-07,3064415,236617,TIMWE_RENEWED_NOTIF,63980,DELIVERED,3000,"2025-10-07 09:54:38"
2025-10-07,3064415,236617,TIMWE_RENEWED_NOTIF,63980,DELIVERED,3000,"2025-10-07 09:54:38"
2025-10-07,3064419,226273,TIMWE_RENEWED_NOTIF,63980,DELIVERED,3000,"2025-10-07 09:56:51"
2025-10-07,3064419,226273,TIMWE_RENEWED_NOTIF,63980,DELIVERED,3000,"2025-10-07 09:56:51"
2025-10-07,3064419,226273,TIMWE_RENEWED_NOTIF,63980,DELIVERED,3000,"2025-10-07 09:56:51"
2025-10-07,3064419,226273,TIMWE_RENEWED_NOTIF,63980,DELIVERED,3000,"2025-10-07 09:56:51"
2025-10-07,3064489,218467,TIMWE_RENEWED_NOTIF,63980,DELIVERED,3000,"2025-10-07 10:03:52"
2025-10-07,3064489,218467,TIMWE_RENEWED_NOTIF,63980,DELIVERED,3000,"2025-10-07 10:03:52"
2025-10-07,3064510,195124,TIMWE_RENEWED_NOTIF,63980,DELIVERED,3000,"2025-10-07 10:09:47"
2025-10-07,3064510,195124,TIMWE_RENEWED_NOTIF,63980,DELIVERED,3000,"2025-10-07 10:09:47"
2025-10-07,3064510,195124,TIMWE_RENEWED_NOTIF,63980,DELIVERED,3000,"2025-10-07 10:09:47"
2025-10-07,3064510,195124,TIMWE_RENEWED_NOTIF,63980,DELIVERED,3000,"2025-10-07 10:09:47"
2025-10-07,3064510,195124,TIMWE_RENEWED_NOTIF,63980,DELIVERED,3000,"2025-10-07 10:09:47"
2025-10-07,3064510,195124,TIMWE_RENEWED_NOTIF,63980,DELIVERED,3000,"2025-10-07 10:09:47"
2025-10-07,3064515,193483,TIMWE_RENEWED_NOTIF,63980,DELIVERED,3000,"2025-10-07 10:12:08"
2025-10-07,3064515,193483,TIMWE_RENEWED_NOTIF,63980,DELIVERED,3000,"2025-10-07 10:12:08"
2025-10-07,3064515,193483,TIMWE_RENEWED_NOTIF,63980,DELIVERED,3000,"2025-10-07 10:12:08"
2025-10-07,3064515,193483,TIMWE_RENEWED_NOTIF,63980,DELIVERED,3000,"2025-10-07 10:12:08"
2025-10-07,3064515,193483,TIMWE_RENEWED_NOTIF,63980,DELIVERED,3000,"2025-10-07 10:12:08"
2025-10-07,3064523,230249,TIMWE_RENEWED_NOTIF,63980,DELIVERED,3000,"2025-10-07 10:15:39"
2025-10-07,3064523,230249,TIMWE_RENEWED_NOTIF,63980,DELIVERED,3000,"2025-10-07 10:15:39"
2025-10-07,3064523,230249,TIMWE_RENEWED_NOTIF,63980,DELIVERED,3000,"2025-10-07 10:15:39"
2025-10-07,3064523,230249,TIMWE_RENEWED_NOTIF,63980,DELIVERED,3000,"2025-10-07 10:15:39"
2025-10-07,3064523,230249,TIMWE_RENEWED_NOTIF,63980,DELIVERED,3000,"2025-10-07 10:15:39"
2025-10-07,3064523,230249,TIMWE_RENEWED_NOTIF,63980,DELIVERED,3000,"2025-10-07 10:15:39"
2025-10-07,3064536,224703,TIMWE_RENEWED_NOTIF,63980,DELIVERED,3000,"2025-10-07 10:22:23"
2025-10-07,3064536,224703,TIMWE_RENEWED_NOTIF,63980,DELIVERED,3000,"2025-10-07 10:22:23"
2025-10-07,3064536,224703,TIMWE_RENEWED_NOTIF,63980,DELIVERED,3000,"2025-10-07 10:22:23"
2025-10-07,3064590,240597,TIMWE_RENEWED_NOTIF,63980,DELIVERED,3000,"2025-10-07 10:38:24"
2025-10-07,3064590,240597,TIMWE_RENEWED_NOTIF,63980,DELIVERED,3000,"2025-10-07 10:38:24"
2025-10-07,3064590,240597,TIMWE_RENEWED_NOTIF,63980,DELIVERED,3000,"2025-10-07 10:38:24"
2025-10-07,3064590,240597,TIMWE_RENEWED_NOTIF,63980,DELIVERED,3000,"2025-10-07 10:38:24"
2025-10-07,3064590,240597,TIMWE_RENEWED_NOTIF,63980,DELIVERED,3000,"2025-10-07 10:38:24"
2025-10-07,3064932,237285,TIMWE_RENEWED_NOTIF,63980,DELIVERED,3000,"2025-10-07 12:06:31"
2025-10-07,3064932,237285,TIMWE_RENEWED_NOTIF,63980,DELIVERED,3000,"2025-10-07 12:06:31"
2025-10-07,3064934,227359,TIMWE_RENEWED_NOTIF,63980,DELIVERED,3000,"2025-10-07 12:07:38"
2025-10-07,3064934,227359,TIMWE_RENEWED_NOTIF,63980,DELIVERED,3000,"2025-10-07 12:07:38"
2025-10-07,3064972,192393,TIMWE_RENEWED_NOTIF,63980,DELIVERED,3000,"2025-10-07 12:26:39"
2025-10-07,3064972,192393,TIMWE_RENEWED_NOTIF,63980,DELIVERED,3000,"2025-10-07 12:26:39"
2025-10-07,3064972,192393,TIMWE_RENEWED_NOTIF,63980,DELIVERED,3000,"2025-10-07 12:26:39"
2025-10-07,3064972,192393,TIMWE_RENEWED_NOTIF,63980,DELIVERED,3000,"2025-10-07 12:26:39"
2025-10-07,3064972,192393,TIMWE_RENEWED_NOTIF,63980,DELIVERED,3000,"2025-10-07 12:26:39"
2025-10-07,3064972,192393,TIMWE_RENEWED_NOTIF,63980,DELIVERED,3000,"2025-10-07 12:26:39"
2025-10-07,3064979,227669,TIMWE_RENEWED_NOTIF,63980,DELIVERED,3000,"2025-10-07 12:27:14"
2025-10-07,3064979,227669,TIMWE_RENEWED_NOTIF,63980,DELIVERED,3000,"2025-10-07 12:27:14"
2025-10-07,3064986,181662,TIMWE_RENEWED_NOTIF,63980,DELIVERED,3000,"2025-10-07 12:32:08"
2025-10-07,3064986,181662,TIMWE_RENEWED_NOTIF,63980,DELIVERED,3000,"2025-10-07 12:32:08"
2025-10-07,3064986,181662,TIMWE_RENEWED_NOTIF,63980,DELIVERED,3000,"2025-10-07 12:32:08"
2025-10-07,3064986,181662,TIMWE_RENEWED_NOTIF,63980,DELIVERED,3000,"2025-10-07 12:32:08"
2025-10-07,3064988,186287,TIMWE_RENEWED_NOTIF,63980,DELIVERED,3000,"2025-10-07 12:32:33"
2025-10-07,3064988,186287,TIMWE_RENEWED_NOTIF,63980,DELIVERED,3000,"2025-10-07 12:32:33"
2025-10-07,3064988,186287,TIMWE_RENEWED_NOTIF,63980,DELIVERED,3000,"2025-10-07 12:32:33"
2025-10-07,3064988,186287,TIMWE_RENEWED_NOTIF,63980,DELIVERED,3000,"2025-10-07 12:32:33"
2025-10-07,3064988,186287,TIMWE_RENEWED_NOTIF,63980,DELIVERED,3000,"2025-10-07 12:32:33"
2025-10-07,3065057,223861,TIMWE_RENEWED_NOTIF,63980,DELIVERED,3000,"2025-10-07 12:45:01"
2025-10-07,3065057,223861,TIMWE_RENEWED_NOTIF,63980,DELIVERED,3000,"2025-10-07 12:45:01"
2025-10-07,3065773,212765,TIMWE_RENEWED_NOTIF,63980,DELIVERED,3000,"2025-10-07 17:41:45"
2025-10-07,3065773,212765,TIMWE_RENEWED_NOTIF,63980,DELIVERED,3000,"2025-10-07 17:41:45"
2025-10-07,3065859,192598,TIMWE_RENEWED_NOTIF,63980,DELIVERED,3000,"2025-10-07 17:44:29"
2025-10-07,3065859,192598,TIMWE_RENEWED_NOTIF,63980,DELIVERED,3000,"2025-10-07 17:44:29"
2025-10-07,3065859,192598,TIMWE_RENEWED_NOTIF,63980,DELIVERED,3000,"2025-10-07 17:44:29"
2025-10-07,3065894,194082,TIMWE_RENEWED_NOTIF,63980,DELIVERED,3000,"2025-10-07 17:45:52"
2025-10-07,3065894,194082,TIMWE_RENEWED_NOTIF,63980,DELIVERED,3000,"2025-10-07 17:45:52"
2025-10-07,3065894,194082,TIMWE_RENEWED_NOTIF,63980,DELIVERED,3000,"2025-10-07 17:45:52"
2025-10-07,3065894,194082,TIMWE_RENEWED_NOTIF,63980,DELIVERED,3000,"2025-10-07 17:45:52"
2025-10-07,3065894,194082,TIMWE_RENEWED_NOTIF,63980,DELIVERED,3000,"2025-10-07 17:45:52"
2025-10-07,3065894,194082,TIMWE_RENEWED_NOTIF,63980,DELIVERED,3000,"2025-10-07 17:45:52"
2025-10-07,3065912,216078,TIMWE_RENEWED_NOTIF,63980,DELIVERED,3000,"2025-10-07 17:47:40"
2025-10-07,3065912,216078,TIMWE_RENEWED_NOTIF,63980,DELIVERED,3000,"2025-10-07 17:47:40"
2025-10-07,3065926,226997,TIMWE_RENEWED_NOTIF,63980,DELIVERED,3000,"2025-10-07 17:48:53"
2025-10-07,3065926,226997,TIMWE_RENEWED_NOTIF,63980,DELIVERED,3000,"2025-10-07 17:48:53"
2025-10-07,3065930,211833,TIMWE_RENEWED_NOTIF,63980,DELIVERED,3000,"2025-10-07 17:49:05"
2025-10-07,3065930,211833,TIMWE_RENEWED_NOTIF,63980,DELIVERED,3000,"2025-10-07 17:49:05"
2025-10-07,3065947,221613,TIMWE_RENEWED_NOTIF,63980,DELIVERED,3000,"2025-10-07 17:50:57"
2025-10-07,3065947,221613,TIMWE_RENEWED_NOTIF,63980,DELIVERED,3000,"2025-10-07 17:50:57"
2025-10-07,3065969,173922,TIMWE_RENEWED_NOTIF,63980,DELIVERED,3000,"2025-10-07 17:51:53"
2025-10-07,3065969,173922,TIMWE_RENEWED_NOTIF,63980,DELIVERED,3000,"2025-10-07 17:51:53"
2025-10-07,3065969,173922,TIMWE_RENEWED_NOTIF,63980,DELIVERED,3000,"2025-10-07 17:51:53"
2025-10-07,3065969,173922,TIMWE_RENEWED_NOTIF,63980,DELIVERED,3000,"2025-10-07 17:51:53"
2025-10-07,3065969,173922,TIMWE_RENEWED_NOTIF,63980,DELIVERED,3000,"2025-10-07 17:51:53"
2025-10-07,3065969,173922,TIMWE_RENEWED_NOTIF,63980,DELIVERED,3000,"2025-10-07 17:51:53"
2025-10-07,3065969,173922,TIMWE_RENEWED_NOTIF,63980,DELIVERED,3000,"2025-10-07 17:51:53"
2025-10-07,3065969,173922,TIMWE_RENEWED_NOTIF,63980,DELIVERED,3000,"2025-10-07 17:51:53"
2025-10-07,3065975,234641,TIMWE_RENEWED_NOTIF,63980,DELIVERED,3000,"2025-10-07 17:52:06"
2025-10-07,3065975,234641,TIMWE_RENEWED_NOTIF,63980,DELIVERED,3000,"2025-10-07 17:52:06"
2025-10-07,3065981,221535,TIMWE_RENEWED_NOTIF,63980,DELIVERED,3000,"2025-10-07 17:55:13"
2025-10-07,3065981,221535,TIMWE_RENEWED_NOTIF,63980,DELIVERED,3000,"2025-10-07 17:55:13"
2025-10-07,3065992,219148,TIMWE_RENEWED_NOTIF,63980,DELIVERED,3000,"2025-10-07 17:56:48"
2025-10-07,3065992,219148,TIMWE_RENEWED_NOTIF,63980,DELIVERED,3000,"2025-10-07 17:56:48"
2025-10-07,3065992,219148,TIMWE_RENEWED_NOTIF,63980,DELIVERED,3000,"2025-10-07 17:56:48"
2025-10-07,3065992,219148,TIMWE_RENEWED_NOTIF,63980,DELIVERED,3000,"2025-10-07 17:56:48"
2025-10-07,3065992,219148,TIMWE_RENEWED_NOTIF,63980,DELIVERED,3000,"2025-10-07 17:56:48"
2025-10-07,3065994,213291,TIMWE_RENEWED_NOTIF,63980,DELIVERED,3000,"2025-10-07 17:56:49"
2025-10-07,3065994,213291,TIMWE_RENEWED_NOTIF,63980,DELIVERED,3000,"2025-10-07 17:56:49"
2025-10-07,3065998,235887,TIMWE_RENEWED_NOTIF,63980,DELIVERED,3000,"2025-10-07 17:57:30"
2025-10-07,3065998,235887,TIMWE_RENEWED_NOTIF,63980,DELIVERED,3000,"2025-10-07 17:57:30"
2025-10-07,3066026,217562,TIMWE_RENEWED_NOTIF,63980,DELIVERED,3000,"2025-10-07 17:59:24"
2025-10-07,3066026,217562,TIMWE_RENEWED_NOTIF,63980,DELIVERED,3000,"2025-10-07 17:59:24"
2025-10-07,3066028,194997,TIMWE_RENEWED_NOTIF,63980,DELIVERED,3000,"2025-10-07 17:59:28"
2025-10-07,3066028,194997,TIMWE_RENEWED_NOTIF,63980,DELIVERED,3000,"2025-10-07 17:59:28"
2025-10-07,3066028,194997,TIMWE_RENEWED_NOTIF,63980,DELIVERED,3000,"2025-10-07 17:59:28"
2025-10-07,3066028,194997,TIMWE_RENEWED_NOTIF,63980,DELIVERED,3000,"2025-10-07 17:59:28"
2025-10-07,3066028,194997,TIMWE_RENEWED_NOTIF,63980,DELIVERED,3000,"2025-10-07 17:59:28"
2025-10-07,3066028,194997,TIMWE_RENEWED_NOTIF,63980,DELIVERED,3000,"2025-10-07 17:59:28"
2025-10-07,3066070,209292,TIMWE_RENEWED_NOTIF,63980,DELIVERED,3000,"2025-10-07 18:07:21"
2025-10-07,3066070,209292,TIMWE_RENEWED_NOTIF,63980,DELIVERED,3000,"2025-10-07 18:07:21"
2025-10-07,3066087,212645,TIMWE_RENEWED_NOTIF,63980,DELIVERED,3000,"2025-10-07 18:10:00"
2025-10-07,3066087,212645,TIMWE_RENEWED_NOTIF,63980,DELIVERED,3000,"2025-10-07 18:10:00"
2025-10-07,3066115,186824,TIMWE_RENEWED_NOTIF,63980,DELIVERED,3000,"2025-10-07 18:14:10"
2025-10-07,3066115,186824,TIMWE_RENEWED_NOTIF,63980,DELIVERED,3000,"2025-10-07 18:14:10"
2025-10-07,3066115,186824,TIMWE_RENEWED_NOTIF,63980,DELIVERED,3000,"2025-10-07 18:14:10"
2025-10-07,3066115,186824,TIMWE_RENEWED_NOTIF,63980,DELIVERED,3000,"2025-10-07 18:14:10"
2025-10-07,3066149,211303,TIMWE_RENEWED_NOTIF,63980,DELIVERED,3000,"2025-10-07 18:20:25"
2025-10-07,3066149,211303,TIMWE_RENEWED_NOTIF,63980,DELIVERED,3000,"2025-10-07 18:20:25"
2025-10-07,3066174,238745,TIMWE_RENEWED_NOTIF,63980,DELIVERED,3000,"2025-10-07 18:28:16"
2025-10-07,3066174,238745,TIMWE_RENEWED_NOTIF,63980,DELIVERED,3000,"2025-10-07 18:28:16"
2025-10-07,3066186,225453,TIMWE_RENEWED_NOTIF,63980,DELIVERED,3000,"2025-10-07 18:29:34"
2025-10-07,3066186,225453,TIMWE_RENEWED_NOTIF,63980,DELIVERED,3000,"2025-10-07 18:29:34"
2025-10-07,3066186,225453,TIMWE_RENEWED_NOTIF,63980,DELIVERED,3000,"2025-10-07 18:29:34"
2025-10-07,3066186,225453,TIMWE_RENEWED_NOTIF,63980,DELIVERED,3000,"2025-10-07 18:29:34"
2025-10-07,3066186,225453,TIMWE_RENEWED_NOTIF,63980,DELIVERED,3000,"2025-10-07 18:29:34"
2025-10-07,3066211,236998,TIMWE_RENEWED_NOTIF,63980,DELIVERED,3000,"2025-10-07 18:34:49"
2025-10-07,3066211,236998,TIMWE_RENEWED_NOTIF,63980,DELIVERED,3000,"2025-10-07 18:34:49"
2025-10-07,3066211,236998,TIMWE_RENEWED_NOTIF,63980,DELIVERED,3000,"2025-10-07 18:34:49"
2025-10-07,3066211,236998,TIMWE_RENEWED_NOTIF,63980,DELIVERED,3000,"2025-10-07 18:34:49"
2025-10-07,3066227,213979,TIMWE_RENEWED_NOTIF,63980,DELIVERED,3000,"2025-10-07 18:39:22"
2025-10-07,3066227,213979,TIMWE_RENEWED_NOTIF,63980,DELIVERED,3000,"2025-10-07 18:39:22"
2025-10-07,3066232,222790,TIMWE_RENEWED_NOTIF,63980,DELIVERED,3000,"2025-10-07 18:39:32"
2025-10-07,3066232,222790,TIMWE_RENEWED_NOTIF,63980,DELIVERED,3000,"2025-10-07 18:39:32"
2025-10-07,3066247,217814,TIMWE_RENEWED_NOTIF,63980,DELIVERED,3000,"2025-10-07 18:41:25"
2025-10-07,3066247,217814,TIMWE_RENEWED_NOTIF,63980,DELIVERED,3000,"2025-10-07 18:41:25"
2025-10-07,3066254,218452,TIMWE_RENEWED_NOTIF,63980,DELIVERED,3000,"2025-10-07 18:41:45"
2025-10-07,3066254,218452,TIMWE_RENEWED_NOTIF,63980,DELIVERED,3000,"2025-10-07 18:41:45"
2025-10-07,3066258,232737,TIMWE_RENEWED_NOTIF,63980,DELIVERED,3000,"2025-10-07 18:41:54"
2025-10-07,3066258,232737,TIMWE_RENEWED_NOTIF,63980,DELIVERED,3000,"2025-10-07 18:41:54"
2025-10-07,3066269,214598,TIMWE_RENEWED_NOTIF,63980,DELIVERED,3000,"2025-10-07 18:44:01"
2025-10-07,3066269,214598,TIMWE_RENEWED_NOTIF,63980,DELIVERED,3000,"2025-10-07 18:44:01"
2025-10-07,3066269,214598,TIMWE_RENEWED_NOTIF,63980,DELIVERED,3000,"2025-10-07 18:44:01"
2025-10-07,3066271,224311,TIMWE_RENEWED_NOTIF,63980,DELIVERED,3000,"2025-10-07 18:44:25"
2025-10-07,3066271,224311,TIMWE_RENEWED_NOTIF,63980,DELIVERED,3000,"2025-10-07 18:44:25"
2025-10-07,3066271,224311,TIMWE_RENEWED_NOTIF,63980,DELIVERED,3000,"2025-10-07 18:44:25"
2025-10-07,3066273,227989,TIMWE_RENEWED_NOTIF,63980,DELIVERED,3000,"2025-10-07 18:44:43"
2025-10-07,3066273,227989,TIMWE_RENEWED_NOTIF,63980,DELIVERED,3000,"2025-10-07 18:44:43"
2025-10-07,3066285,220820,TIMWE_RENEWED_NOTIF,63980,DELIVERED,3000,"2025-10-07 18:49:01"
2025-10-07,3066285,220820,TIMWE_RENEWED_NOTIF,63980,DELIVERED,3000,"2025-10-07 18:49:01"
2025-10-07,3066285,220820,TIMWE_RENEWED_NOTIF,63980,DELIVERED,3000,"2025-10-07 18:49:01"
2025-10-07,3066285,220820,TIMWE_RENEWED_NOTIF,63980,DELIVERED,3000,"2025-10-07 18:49:01"
2025-10-07,3066288,173502,TIMWE_RENEWED_NOTIF,63980,DELIVERED,3000,"2025-10-07 18:49:03"
2025-10-07,3066288,173502,TIMWE_RENEWED_NOTIF,63980,DELIVERED,3000,"2025-10-07 18:49:03"
2025-10-07,3066288,173502,TIMWE_RENEWED_NOTIF,63980,DELIVERED,3000,"2025-10-07 18:49:03"
2025-10-07,3066288,173502,TIMWE_RENEWED_NOTIF,63980,DELIVERED,3000,"2025-10-07 18:49:03"
2025-10-07,3066288,173502,TIMWE_RENEWED_NOTIF,63980,DELIVERED,3000,"2025-10-07 18:49:03"
2025-10-07,3066288,173502,TIMWE_RENEWED_NOTIF,63980,DELIVERED,3000,"2025-10-07 18:49:03"
2025-10-07,3066288,173502,TIMWE_RENEWED_NOTIF,63980,DELIVERED,3000,"2025-10-07 18:49:03"
2025-10-07,3066288,173502,TIMWE_RENEWED_NOTIF,63980,DELIVERED,3000,"2025-10-07 18:49:03"
2025-10-07,3066292,232907,TIMWE_RENEWED_NOTIF,63980,DELIVERED,3000,"2025-10-07 18:50:00"
2025-10-07,3066292,232907,TIMWE_RENEWED_NOTIF,63980,DELIVERED,3000,"2025-10-07 18:50:00"
2025-10-07,3066300,224115,TIMWE_RENEWED_NOTIF,63980,DELIVERED,3000,"2025-10-07 18:50:50"
2025-10-07,3066300,224115,TIMWE_RENEWED_NOTIF,63980,DELIVERED,3000,"2025-10-07 18:50:50"
2025-10-07,3066302,210166,TIMWE_RENEWED_NOTIF,63980,DELIVERED,3000,"2025-10-07 18:50:51"
2025-10-07,3066302,210166,TIMWE_RENEWED_NOTIF,63980,DELIVERED,3000,"2025-10-07 18:50:51"
2025-10-07,3066305,212190,TIMWE_RENEWED_NOTIF,63980,DELIVERED,3000,"2025-10-07 18:51:44"
2025-10-07,3066305,212190,TIMWE_RENEWED_NOTIF,63980,DELIVERED,3000,"2025-10-07 18:51:44"
2025-10-07,3066307,219946,TIMWE_RENEWED_NOTIF,63980,DELIVERED,3000,"2025-10-07 18:52:15"
2025-10-07,3066307,219946,TIMWE_RENEWED_NOTIF,63980,DELIVERED,3000,"2025-10-07 18:52:15"
2025-10-07,3066348,207014,TIMWE_RENEWED_NOTIF,63980,DELIVERED,3000,"2025-10-07 18:57:42"
2025-10-07,3066362,194369,TIMWE_RENEWED_NOTIF,63980,DELIVERED,3000,"2025-10-07 18:58:38"
2025-10-07,3066362,194369,TIMWE_RENEWED_NOTIF,63980,DELIVERED,3000,"2025-10-07 18:58:38"
2025-10-07,3066362,194369,TIMWE_RENEWED_NOTIF,63980,DELIVERED,3000,"2025-10-07 18:58:38"
2025-10-07,3066362,194369,TIMWE_RENEWED_NOTIF,63980,DELIVERED,3000,"2025-10-07 18:58:38"
2025-10-07,3066362,194369,TIMWE_RENEWED_NOTIF,63980,DELIVERED,3000,"2025-10-07 18:58:38"
2025-10-07,3066362,194369,TIMWE_RENEWED_NOTIF,63980,DELIVERED,3000,"2025-10-07 18:58:38"
2025-10-07,3066388,205680,TIMWE_RENEWED_NOTIF,63980,DELIVERED,3000,"2025-10-07 19:00:39"
2025-10-07,3066388,205680,TIMWE_RENEWED_NOTIF,63980,DELIVERED,3000,"2025-10-07 19:00:39"
2025-10-07,3066388,205680,TIMWE_RENEWED_NOTIF,63980,DELIVERED,3000,"2025-10-07 19:00:39"
2025-10-07,3066394,216393,TIMWE_RENEWED_NOTIF,63980,DELIVERED,3000,"2025-10-07 19:01:49"
2025-10-07,3066394,216393,TIMWE_RENEWED_NOTIF,63980,DELIVERED,3000,"2025-10-07 19:01:49"
2025-10-07,3066440,217086,TIMWE_RENEWED_NOTIF,63980,DELIVERED,3000,"2025-10-07 19:05:21"
2025-10-07,3066440,217086,TIMWE_RENEWED_NOTIF,63980,DELIVERED,3000,"2025-10-07 19:05:21"
2025-10-07,3066473,189504,TIMWE_RENEWED_NOTIF,63980,DELIVERED,3000,"2025-10-07 19:07:50"
2025-10-07,3066473,189504,TIMWE_RENEWED_NOTIF,63980,DELIVERED,3000,"2025-10-07 19:07:50"
2025-10-07,3066473,189504,TIMWE_RENEWED_NOTIF,63980,DELIVERED,3000,"2025-10-07 19:07:50"
2025-10-07,3066500,228365,TIMWE_RENEWED_NOTIF,63980,DELIVERED,3000,"2025-10-07 19:12:55"
2025-10-07,3066500,228365,TIMWE_RENEWED_NOTIF,63980,DELIVERED,3000,"2025-10-07 19:12:55"
2025-10-07,3066550,225175,TIMWE_RENEWED_NOTIF,63980,DELIVERED,3000,"2025-10-07 19:24:12"
2025-10-07,3066550,225175,TIMWE_RENEWED_NOTIF,63980,DELIVERED,3000,"2025-10-07 19:24:12"
2025-10-07,3066550,225175,TIMWE_RENEWED_NOTIF,63980,DELIVERED,3000,"2025-10-07 19:24:12"
2025-10-07,3066550,225175,TIMWE_RENEWED_NOTIF,63980,DELIVERED,3000,"2025-10-07 19:24:12"
2025-10-07,3066550,225175,TIMWE_RENEWED_NOTIF,63980,DELIVERED,3000,"2025-10-07 19:24:12"
2025-10-07,3066630,227287,TIMWE_RENEWED_NOTIF,63980,DELIVERED,3000,"2025-10-07 20:00:53"
2025-10-07,3066630,227287,TIMWE_RENEWED_NOTIF,63980,DELIVERED,3000,"2025-10-07 20:00:53"
2025-10-07,3066634,222644,TIMWE_RENEWED_NOTIF,63980,DELIVERED,3000,"2025-10-07 20:01:08"
2025-10-07,3066634,222644,TIMWE_RENEWED_NOTIF,63980,DELIVERED,3000,"2025-10-07 20:01:08"
2025-10-07,3066634,222644,TIMWE_RENEWED_NOTIF,63980,DELIVERED,3000,"2025-10-07 20:01:08"
2025-10-07,3066634,222644,TIMWE_RENEWED_NOTIF,63980,DELIVERED,3000,"2025-10-07 20:01:08"
2025-10-07,3066634,222644,TIMWE_RENEWED_NOTIF,63980,DELIVERED,3000,"2025-10-07 20:01:08"
2025-10-07,3066704,219113,TIMWE_RENEWED_NOTIF,63980,DELIVERED,3000,"2025-10-07 20:11:17"
2025-10-07,3066704,219113,TIMWE_RENEWED_NOTIF,63980,DELIVERED,3000,"2025-10-07 20:11:17"
2025-10-07,3066704,219113,TIMWE_RENEWED_NOTIF,63980,DELIVERED,3000,"2025-10-07 20:11:17"
2025-10-07,3066713,226108,TIMWE_RENEWED_NOTIF,63980,DELIVERED,3000,"2025-10-07 20:12:06"
2025-10-07,3066713,226108,TIMWE_RENEWED_NOTIF,63980,DELIVERED,3000,"2025-10-07 20:12:06"
2025-10-07,3066765,213044,TIMWE_RENEWED_NOTIF,63980,DELIVERED,3000,"2025-10-07 20:21:15"
2025-10-07,3066765,213044,TIMWE_RENEWED_NOTIF,63980,DELIVERED,3000,"2025-10-07 20:21:15"
2025-10-07,3067008,232346,TIMWE_RENEWED_NOTIF,63980,DELIVERED,3000,"2025-10-07 20:53:53"
2025-10-07,3067008,232346,TIMWE_RENEWED_NOTIF,63980,DELIVERED,3000,"2025-10-07 20:53:53"
2025-10-07,3067118,240490,TIMWE_RENEWED_NOTIF,63980,DELIVERED,3000,"2025-10-07 20:58:27"
2025-10-07,3067118,240490,TIMWE_RENEWED_NOTIF,63980,DELIVERED,3000,"2025-10-07 20:58:27"
2025-10-07,3067136,212074,TIMWE_RENEWED_NOTIF,63980,DELIVERED,3000,"2025-10-07 20:58:57"
2025-10-07,3067136,212074,TIMWE_RENEWED_NOTIF,63980,DELIVERED,3000,"2025-10-07 20:58:57"
2025-10-07,3067136,212074,TIMWE_RENEWED_NOTIF,63980,DELIVERED,3000,"2025-10-07 20:58:57"
2025-10-07,3067396,226325,TIMWE_RENEWED_NOTIF,63980,DELIVERED,3000,"2025-10-07 21:02:45"
2025-10-07,3067396,226325,TIMWE_RENEWED_NOTIF,63980,DELIVERED,3000,"2025-10-07 21:02:45"
2025-10-07,3068070,205580,TIMWE_RENEWED_NOTIF,63980,DELIVERED,3000,"2025-10-07 21:09:10"
2025-10-07,3068070,205580,TIMWE_RENEWED_NOTIF,63980,DELIVERED,3000,"2025-10-07 21:09:10"
2025-10-07,3068566,229229,TIMWE_RENEWED_NOTIF,63980,DELIVERED,3000,"2025-10-07 21:14:17"
2025-10-07,3068566,229229,TIMWE_RENEWED_NOTIF,63980,DELIVERED,3000,"2025-10-07 21:14:17"
2025-10-07,3068993,226785,TIMWE_RENEWED_NOTIF,63980,DELIVERED,3000,"2025-10-07 21:18:18"
2025-10-07,3068993,226785,TIMWE_RENEWED_NOTIF,63980,DELIVERED,3000,"2025-10-07 21:18:18"
2025-10-07,3069186,208065,TIMWE_RENEWED_NOTIF,63980,DELIVERED,3000,"2025-10-07 21:19:59"
2025-10-07,3069186,208065,TIMWE_RENEWED_NOTIF,63980,DELIVERED,3000,"2025-10-07 21:19:59"
2025-10-07,3069979,212900,TIMWE_RENEWED_NOTIF,63980,DELIVERED,3000,"2025-10-07 21:28:17"
2025-10-07,3069979,212900,TIMWE_RENEWED_NOTIF,63980,DELIVERED,3000,"2025-10-07 21:28:17"
2025-10-07,3069979,212900,TIMWE_RENEWED_NOTIF,63980,DELIVERED,3000,"2025-10-07 21:28:17"
2025-10-07,3069979,212900,TIMWE_RENEWED_NOTIF,63980,DELIVERED,3000,"2025-10-07 21:28:17"
2025-10-07,3070056,217757,TIMWE_RENEWED_NOTIF,63980,DELIVERED,3000,"2025-10-07 21:29:41"
2025-10-07,3070056,217757,TIMWE_RENEWED_NOTIF,63980,DELIVERED,3000,"2025-10-07 21:29:41"
2025-10-07,3070364,210894,TIMWE_RENEWED_NOTIF,63980,DELIVERED,3000,"2025-10-07 21:33:42"
2025-10-07,3070364,210894,TIMWE_RENEWED_NOTIF,63980,DELIVERED,3000,"2025-10-07 21:33:42"
2025-10-07,3070583,227354,TIMWE_RENEWED_NOTIF,63980,DELIVERED,3000,"2025-10-07 21:36:29"
2025-10-07,3070583,227354,TIMWE_RENEWED_NOTIF,63980,DELIVERED,3000,"2025-10-07 21:36:29"
2025-10-07,3071288,225088,TIMWE_RENEWED_NOTIF,63980,DELIVERED,3000,"2025-10-07 21:46:32"
2025-10-07,3071288,225088,TIMWE_RENEWED_NOTIF,63980,DELIVERED,3000,"2025-10-07 21:46:32"
2025-10-07,3071288,225088,TIMWE_RENEWED_NOTIF,63980,DELIVERED,3000,"2025-10-07 21:46:32"
2025-10-07,3071288,225088,TIMWE_RENEWED_NOTIF,63980,DELIVERED,3000,"2025-10-07 21:46:32"
2025-10-07,3071288,225088,TIMWE_RENEWED_NOTIF,63980,DELIVERED,3000,"2025-10-07 21:46:32"
2025-10-07,3072038,219654,TIMWE_RENEWED_NOTIF,63980,DELIVERED,3000,"2025-10-07 22:21:58"
2025-10-07,3072038,219654,TIMWE_RENEWED_NOTIF,63980,DELIVERED,3000,"2025-10-07 22:21:58"
2025-10-07,3072505,227172,TIMWE_RENEWED_NOTIF,63980,DELIVERED,3000,"2025-10-07 23:11:02"
2025-10-07,3072505,227172,TIMWE_RENEWED_NOTIF,63980,DELIVERED,3000,"2025-10-07 23:11:02"
2025-10-07,3072553,214697,TIMWE_RENEWED_NOTIF,63980,DELIVERED,3000,"2025-10-07 23:11:33"
2025-10-07,3072553,214697,TIMWE_RENEWED_NOTIF,63980,DELIVERED,3000,"2025-10-07 23:11:33"
2025-10-07,3072784,221334,TIMWE_RENEWED_NOTIF,63980,DELIVERED,3000,"2025-10-07 23:14:12"
2025-10-07,3072784,221334,TIMWE_RENEWED_NOTIF,63980,DELIVERED,3000,"2025-10-07 23:14:12"
2025-10-07,3072784,221334,TIMWE_RENEWED_NOTIF,63980,DELIVERED,3000,"2025-10-07 23:14:12"
2025-10-07,3073945,210283,TIMWE_RENEWED_NOTIF,63980,DELIVERED,3000,"2025-10-07 23:26:38"
2025-10-07,3073945,210283,TIMWE_RENEWED_NOTIF,63980,DELIVERED,3000,"2025-10-07 23:26:38"
2025-10-07,3074458,193009,TIMWE_RENEWED_NOTIF,63980,DELIVERED,3000,"2025-10-07 23:32:26"
2025-10-07,3074458,193009,TIMWE_RENEWED_NOTIF,63980,DELIVERED,3000,"2025-10-07 23:32:26"
2025-10-07,3074458,193009,TIMWE_RENEWED_NOTIF,63980,DELIVERED,3000,"2025-10-07 23:32:26"
2025-10-07,3074458,193009,TIMWE_RENEWED_NOTIF,63980,DELIVERED,3000,"2025-10-07 23:32:26"
2025-10-07,3074471,209363,TIMWE_RENEWED_NOTIF,63980,DELIVERED,3000,"2025-10-07 23:32:49"
2025-10-07,3074471,209363,TIMWE_RENEWED_NOTIF,63980,DELIVERED,3000,"2025-10-07 23:32:49"
2025-10-07,3074631,218881,TIMWE_RENEWED_NOTIF,63980,DELIVERED,3000,"2025-10-07 23:36:00"
2025-10-07,3074631,218881,TIMWE_RENEWED_NOTIF,63980,DELIVERED,3000,"2025-10-07 23:36:00"
2025-10-07,3074723,226741,TIMWE_RENEWED_NOTIF,63980,DELIVERED,3000,"2025-10-07 23:38:47"
2025-10-07,3074723,226741,TIMWE_RENEWED_NOTIF,63980,DELIVERED,3000,"2025-10-07 23:38:47"
2025-10-08,3075775,189027,TIMWE_RENEWED_NOTIF,63980,DELIVERED,3000,"2025-10-08 04:41:17"
2025-10-08,3075775,189027,TIMWE_RENEWED_NOTIF,63980,DELIVERED,3000,"2025-10-08 04:41:17"
2025-10-08,3075775,189027,TIMWE_RENEWED_NOTIF,63980,DELIVERED,3000,"2025-10-08 04:41:17"
2025-10-08,3075775,189027,TIMWE_RENEWED_NOTIF,63980,DELIVERED,3000,"2025-10-08 04:41:17"
2025-10-08,3075777,170419,TIMWE_RENEWED_NOTIF,63980,DELIVERED,3000,"2025-10-08 04:41:33"
2025-10-08,3075777,170419,TIMWE_RENEWED_NOTIF,63980,DELIVERED,3000,"2025-10-08 04:41:33"
2025-10-08,3075777,170419,TIMWE_RENEWED_NOTIF,63980,DELIVERED,3000,"2025-10-08 04:41:33"
2025-10-08,3075777,170419,TIMWE_RENEWED_NOTIF,63980,DELIVERED,3000,"2025-10-08 04:41:33"
2025-10-08,3075777,170419,TIMWE_RENEWED_NOTIF,63980,DELIVERED,3000,"2025-10-08 04:41:33"
2025-10-08,3075779,210321,TIMWE_RENEWED_NOTIF,63980,DELIVERED,3000,"2025-10-08 04:47:08"
2025-10-08,3075779,210321,TIMWE_RENEWED_NOTIF,63980,DELIVERED,3000,"2025-10-08 04:47:08"
2025-10-08,3075781,228917,TIMWE_RENEWED_NOTIF,63980,DELIVERED,3000,"2025-10-08 04:50:44"
2025-10-08,3075781,228917,TIMWE_RENEWED_NOTIF,63980,DELIVERED,3000,"2025-10-08 04:50:44"
2025-10-08,3075781,228917,TIMWE_RENEWED_NOTIF,63980,DELIVERED,3000,"2025-10-08 04:50:44"
2025-10-08,3075783,175914,TIMWE_RENEWED_NOTIF,63980,DELIVERED,3000,"2025-10-08 04:51:04"
2025-10-08,3075783,175914,TIMWE_RENEWED_NOTIF,63980,DELIVERED,3000,"2025-10-08 04:51:04"
2025-10-08,3075783,175914,TIMWE_RENEWED_NOTIF,63980,DELIVERED,3000,"2025-10-08 04:51:04"
2025-10-08,3075783,175914,TIMWE_RENEWED_NOTIF,63980,DELIVERED,3000,"2025-10-08 04:51:04"
2025-10-08,3075791,238344,TIMWE_RENEWED_NOTIF,63980,DELIVERED,3000,"2025-10-08 04:52:36"
2025-10-08,3075791,238344,TIMWE_RENEWED_NOTIF,63980,DELIVERED,3000,"2025-10-08 04:52:36"
2025-10-08,3075793,238796,TIMWE_RENEWED_NOTIF,63980,DELIVERED,3000,"2025-10-08 04:53:16"
2025-10-08,3075793,238796,TIMWE_RENEWED_NOTIF,63980,DELIVERED,3000,"2025-10-08 04:53:16"
2025-10-08,3075793,238796,TIMWE_RENEWED_NOTIF,63980,DELIVERED,3000,"2025-10-08 04:53:16"
2025-10-08,3075793,238796,TIMWE_RENEWED_NOTIF,63980,DELIVERED,3000,"2025-10-08 04:53:16"
2025-10-08,3075793,238796,TIMWE_RENEWED_NOTIF,63980,DELIVERED,3000,"2025-10-08 04:53:16"
2025-10-08,3075795,227584,TIMWE_RENEWED_NOTIF,63980,DELIVERED,3000,"2025-10-08 04:54:47"
2025-10-08,3075795,227584,TIMWE_RENEWED_NOTIF,63980,DELIVERED,3000,"2025-10-08 04:54:47"
2025-10-08,3075795,227584,TIMWE_RENEWED_NOTIF,63980,DELIVERED,3000,"2025-10-08 04:54:47"
2025-10-08,3075797,220390,TIMWE_RENEWED_NOTIF,63980,DELIVERED,3000,"2025-10-08 04:57:42"
2025-10-08,3075797,220390,TIMWE_RENEWED_NOTIF,63980,DELIVERED,3000,"2025-10-08 04:57:42"
2025-10-08,3075799,240784,TIMWE_RENEWED_NOTIF,63980,DELIVERED,3000,"2025-10-08 05:01:22"
2025-10-08,3075799,240784,TIMWE_RENEWED_NOTIF,63980,DELIVERED,3000,"2025-10-08 05:01:22"
2025-10-08,3075799,240784,TIMWE_RENEWED_NOTIF,63980,DELIVERED,3000,"2025-10-08 05:01:22"
2025-10-08,3075799,240784,TIMWE_RENEWED_NOTIF,63980,DELIVERED,3000,"2025-10-08 05:01:22"
2025-10-08,3075799,240784,TIMWE_RENEWED_NOTIF,63980,DELIVERED,3000,"2025-10-08 05:01:22"
2025-10-08,3075801,235782,TIMWE_RENEWED_NOTIF,63980,DELIVERED,3000,"2025-10-08 05:02:29"
2025-10-08,3075801,235782,TIMWE_RENEWED_NOTIF,63980,DELIVERED,3000,"2025-10-08 05:02:29"
2025-10-08,3075803,230355,TIMWE_RENEWED_NOTIF,63980,DELIVERED,3000,"2025-10-08 05:02:44"
2025-10-08,3075803,230355,TIMWE_RENEWED_NOTIF,63980,DELIVERED,3000,"2025-10-08 05:02:44"
2025-10-08,3075803,230355,TIMWE_RENEWED_NOTIF,63980,DELIVERED,3000,"2025-10-08 05:02:44"
2025-10-08,3075803,230355,TIMWE_RENEWED_NOTIF,63980,DELIVERED,3000,"2025-10-08 05:02:44"
2025-10-08,3075803,230355,TIMWE_RENEWED_NOTIF,63980,DELIVERED,3000,"2025-10-08 05:02:44"
2025-10-08,3075803,230355,TIMWE_RENEWED_NOTIF,63980,DELIVERED,3000,"2025-10-08 05:02:44"
2025-10-08,3075805,240625,TIMWE_RENEWED_NOTIF,63980,DELIVERED,3000,"2025-10-08 05:03:31"
2025-10-08,3075805,240625,TIMWE_RENEWED_NOTIF,63980,DELIVERED,3000,"2025-10-08 05:03:31"
2025-10-08,3075807,230545,TIMWE_RENEWED_NOTIF,63980,DELIVERED,3000,"2025-10-08 05:03:47"
2025-10-08,3075807,230545,TIMWE_RENEWED_NOTIF,63980,DELIVERED,3000,"2025-10-08 05:03:47"
2025-10-08,3075807,230545,TIMWE_RENEWED_NOTIF,63980,DELIVERED,3000,"2025-10-08 05:03:47"
2025-10-08,3075807,230545,TIMWE_RENEWED_NOTIF,63980,DELIVERED,3000,"2025-10-08 05:03:47"
2025-10-08,3075807,230545,TIMWE_RENEWED_NOTIF,63980,DELIVERED,3000,"2025-10-08 05:03:47"
2025-10-08,3075807,230545,TIMWE_RENEWED_NOTIF,63980,DELIVERED,3000,"2025-10-08 05:03:47"
2025-10-08,3075809,230628,TIMWE_RENEWED_NOTIF,63980,DELIVERED,3000,"2025-10-08 05:04:04"
2025-10-08,3075809,230628,TIMWE_RENEWED_NOTIF,63980,DELIVERED,3000,"2025-10-08 05:04:04"
2025-10-08,3075809,230628,TIMWE_RENEWED_NOTIF,63980,DELIVERED,3000,"2025-10-08 05:04:04"
2025-10-08,3075809,230628,TIMWE_RENEWED_NOTIF,63980,DELIVERED,3000,"2025-10-08 05:04:04"
2025-10-08,3075809,230628,TIMWE_RENEWED_NOTIF,63980,DELIVERED,3000,"2025-10-08 05:04:04"
2025-10-08,3075809,230628,TIMWE_RENEWED_NOTIF,63980,DELIVERED,3000,"2025-10-08 05:04:04"
2025-10-08,3075811,230499,TIMWE_RENEWED_NOTIF,63980,DELIVERED,3000,"2025-10-08 05:04:17"
2025-10-08,3075811,230499,TIMWE_RENEWED_NOTIF,63980,DELIVERED,3000,"2025-10-08 05:04:17"
2025-10-08,3075811,230499,TIMWE_RENEWED_NOTIF,63980,DELIVERED,3000,"2025-10-08 05:04:17"
2025-10-08,3075811,230499,TIMWE_RENEWED_NOTIF,63980,DELIVERED,3000,"2025-10-08 05:04:17"
2025-10-08,3075813,230372,TIMWE_RENEWED_NOTIF,63980,DELIVERED,3000,"2025-10-08 05:04:39"
2025-10-08,3075813,230372,TIMWE_RENEWED_NOTIF,63980,DELIVERED,3000,"2025-10-08 05:04:39"
2025-10-08,3075813,230372,TIMWE_RENEWED_NOTIF,63980,DELIVERED,3000,"2025-10-08 05:04:39"
2025-10-08,3075815,226942,TIMWE_RENEWED_NOTIF,63980,DELIVERED,3000,"2025-10-08 05:06:02"
2025-10-08,3075815,226942,TIMWE_RENEWED_NOTIF,63980,DELIVERED,3000,"2025-10-08 05:06:02"
2025-10-08,3075830,181103,TIMWE_RENEWED_NOTIF,63980,DELIVERED,3000,"2025-10-08 05:27:37"
2025-10-08,3075830,181103,TIMWE_RENEWED_NOTIF,63980,DELIVERED,3000,"2025-10-08 05:27:37"
2025-10-08,3075830,181103,TIMWE_RENEWED_NOTIF,63980,DELIVERED,3000,"2025-10-08 05:27:37"
2025-10-08,3075830,181103,TIMWE_RENEWED_NOTIF,63980,DELIVERED,3000,"2025-10-08 05:27:37"
2025-10-08,3075830,181103,TIMWE_RENEWED_NOTIF,63980,DELIVERED,3000,"2025-10-08 05:27:37"
2025-10-08,3075832,190458,TIMWE_RENEWED_NOTIF,63980,DELIVERED,3000,"2025-10-08 05:28:17"
2025-10-08,3075832,190458,TIMWE_RENEWED_NOTIF,63980,DELIVERED,3000,"2025-10-08 05:28:17"
2025-10-08,3075832,190458,TIMWE_RENEWED_NOTIF,63980,DELIVERED,3000,"2025-10-08 05:28:17"
2025-10-08,3075832,190458,TIMWE_RENEWED_NOTIF,63980,DELIVERED,3000,"2025-10-08 05:28:17"
2025-10-08,3075832,190458,TIMWE_RENEWED_NOTIF,63980,DELIVERED,3000,"2025-10-08 05:28:17"
2025-10-08,3075834,194911,TIMWE_RENEWED_NOTIF,63980,DELIVERED,3000,"2025-10-08 05:29:22"
2025-10-08,3075834,194911,TIMWE_RENEWED_NOTIF,63980,DELIVERED,3000,"2025-10-08 05:29:22"
2025-10-08,3075834,194911,TIMWE_RENEWED_NOTIF,63980,DELIVERED,3000,"2025-10-08 05:29:22"
2025-10-08,3075834,194911,TIMWE_RENEWED_NOTIF,63980,DELIVERED,3000,"2025-10-08 05:29:22"
2025-10-08,3075834,194911,TIMWE_RENEWED_NOTIF,63980,DELIVERED,3000,"2025-10-08 05:29:22"
2025-10-08,3075834,194911,TIMWE_RENEWED_NOTIF,63980,DELIVERED,3000,"2025-10-08 05:29:22"
2025-10-08,3075836,191310,TIMWE_RENEWED_NOTIF,63980,DELIVERED,3000,"2025-10-08 05:29:35"
2025-10-08,3075836,191310,TIMWE_RENEWED_NOTIF,63980,DELIVERED,3000,"2025-10-08 05:29:35"
2025-10-08,3075836,191310,TIMWE_RENEWED_NOTIF,63980,DELIVERED,3000,"2025-10-08 05:29:35"
2025-10-08,3075836,191310,TIMWE_RENEWED_NOTIF,63980,DELIVERED,3000,"2025-10-08 05:29:35"
2025-10-08,3075836,191310,TIMWE_RENEWED_NOTIF,63980,DELIVERED,3000,"2025-10-08 05:29:35"
2025-10-08,3075838,188742,TIMWE_RENEWED_NOTIF,63980,DELIVERED,3000,"2025-10-08 05:29:53"
2025-10-08,3075838,188742,TIMWE_RENEWED_NOTIF,63980,DELIVERED,3000,"2025-10-08 05:29:53"
2025-10-08,3075838,188742,TIMWE_RENEWED_NOTIF,63980,DELIVERED,3000,"2025-10-08 05:29:53"
2025-10-08,3075838,188742,TIMWE_RENEWED_NOTIF,63980,DELIVERED,3000,"2025-10-08 05:29:53"
2025-10-08,3075838,188742,TIMWE_RENEWED_NOTIF,63980,DELIVERED,3000,"2025-10-08 05:29:53"
2025-10-08,3075838,188742,TIMWE_RENEWED_NOTIF,63980,DELIVERED,3000,"2025-10-08 05:29:53"
2025-10-08,3075840,195303,TIMWE_RENEWED_NOTIF,63980,DELIVERED,3000,"2025-10-08 05:30:35"
2025-10-08,3075840,195303,TIMWE_RENEWED_NOTIF,63980,DELIVERED,3000,"2025-10-08 05:30:35"
2025-10-08,3075840,195303,TIMWE_RENEWED_NOTIF,63980,DELIVERED,3000,"2025-10-08 05:30:35"
2025-10-08,3075842,212617,TIMWE_RENEWED_NOTIF,63980,DELIVERED,3000,"2025-10-08 05:31:39"
2025-10-08,3075842,212617,TIMWE_RENEWED_NOTIF,63980,DELIVERED,3000,"2025-10-08 05:31:39"
2025-10-08,3075844,195363,TIMWE_RENEWED_NOTIF,63980,DELIVERED,3000,"2025-10-08 05:33:02"
2025-10-08,3075844,195363,TIMWE_RENEWED_NOTIF,63980,DELIVERED,3000,"2025-10-08 05:33:02"
2025-10-08,3075844,195363,TIMWE_RENEWED_NOTIF,63980,DELIVERED,3000,"2025-10-08 05:33:02"
2025-10-08,3075844,195363,TIMWE_RENEWED_NOTIF,63980,DELIVERED,3000,"2025-10-08 05:33:02"
2025-10-08,3075844,195363,TIMWE_RENEWED_NOTIF,63980,DELIVERED,3000,"2025-10-08 05:33:02"
2025-10-08,3075844,195363,TIMWE_RENEWED_NOTIF,63980,DELIVERED,3000,"2025-10-08 05:33:02"
2025-10-08,3075846,194317,TIMWE_RENEWED_NOTIF,63980,DELIVERED,3000,"2025-10-08 05:34:18"
2025-10-08,3075846,194317,TIMWE_RENEWED_NOTIF,63980,DELIVERED,3000,"2025-10-08 05:34:18"
2025-10-08,3075846,194317,TIMWE_RENEWED_NOTIF,63980,DELIVERED,3000,"2025-10-08 05:34:18"
2025-10-08,3075846,194317,TIMWE_RENEWED_NOTIF,63980,DELIVERED,3000,"2025-10-08 05:34:18"
2025-10-08,3075848,208968,TIMWE_RENEWED_NOTIF,63980,DELIVERED,3000,"2025-10-08 05:38:54"
2025-10-08,3075848,208968,TIMWE_RENEWED_NOTIF,63980,DELIVERED,3000,"2025-10-08 05:38:54"
2025-10-08,3075850,226110,TIMWE_RENEWED_NOTIF,63980,DELIVERED,3000,"2025-10-08 05:42:20"
2025-10-08,3075850,226110,TIMWE_RENEWED_NOTIF,63980,DELIVERED,3000,"2025-10-08 05:42:20"
2025-10-08,3075852,229948,TIMWE_RENEWED_NOTIF,63980,DELIVERED,3000,"2025-10-08 05:43:36"
2025-10-08,3075852,229948,TIMWE_RENEWED_NOTIF,63980,DELIVERED,3000,"2025-10-08 05:43:36"
2025-10-08,3075852,229948,TIMWE_RENEWED_NOTIF,63980,DELIVERED,3000,"2025-10-08 05:43:36"
2025-10-08,3075852,229948,TIMWE_RENEWED_NOTIF,63980,DELIVERED,3000,"2025-10-08 05:43:36"
2025-10-08,3075852,229948,TIMWE_RENEWED_NOTIF,63980,DELIVERED,3000,"2025-10-08 05:43:36"
2025-10-08,3075852,229948,TIMWE_RENEWED_NOTIF,63980,DELIVERED,3000,"2025-10-08 05:43:36"
2025-10-08,3075854,240530,TIMWE_RENEWED_NOTIF,63980,DELIVERED,3000,"2025-10-08 05:43:45"
2025-10-08,3075854,240530,TIMWE_RENEWED_NOTIF,63980,DELIVERED,3000,"2025-10-08 05:43:45"
2025-10-08,3075856,240639,TIMWE_RENEWED_NOTIF,63980,DELIVERED,3000,"2025-10-08 05:45:11"
2025-10-08,3075856,240639,TIMWE_RENEWED_NOTIF,63980,DELIVERED,3000,"2025-10-08 05:45:11"
2025-10-08,3075858,240754,TIMWE_RENEWED_NOTIF,63980,DELIVERED,3000,"2025-10-08 05:45:45"
2025-10-08,3075858,240754,TIMWE_RENEWED_NOTIF,63980,DELIVERED,3000,"2025-10-08 05:45:45"
2025-10-08,3075858,240754,TIMWE_RENEWED_NOTIF,63980,DELIVERED,3000,"2025-10-08 05:45:45"
2025-10-08,3075858,240754,TIMWE_RENEWED_NOTIF,63980,DELIVERED,3000,"2025-10-08 05:45:45"
2025-10-08,3075858,240754,TIMWE_RENEWED_NOTIF,63980,DELIVERED,3000,"2025-10-08 05:45:45"
2025-10-08,3075860,232537,TIMWE_RENEWED_NOTIF,63980,DELIVERED,3000,"2025-10-08 05:45:48"
2025-10-08,3075860,232537,TIMWE_RENEWED_NOTIF,63980,DELIVERED,3000,"2025-10-08 05:45:48"
2025-10-08,3076748,212178,TIMWE_RENEWED_NOTIF,63980,DELIVERED,3000,"2025-10-08 08:14:48"
2025-10-08,3076748,212178,TIMWE_RENEWED_NOTIF,63980,DELIVERED,3000,"2025-10-08 08:14:48"
2025-10-08,3076771,210439,TIMWE_RENEWED_NOTIF,63980,DELIVERED,3000,"2025-10-08 08:19:49"
2025-10-08,3076771,210439,TIMWE_RENEWED_NOTIF,63980,DELIVERED,3000,"2025-10-08 08:19:49"
2025-10-08,3076771,210439,TIMWE_RENEWED_NOTIF,63980,DELIVERED,3000,"2025-10-08 08:19:49"
2025-10-08,3076771,210439,TIMWE_RENEWED_NOTIF,63980,DELIVERED,3000,"2025-10-08 08:19:49"
2025-10-08,3076771,210439,TIMWE_RENEWED_NOTIF,63980,DELIVERED,3000,"2025-10-08 08:19:49"
2025-10-08,3076791,229887,TIMWE_RENEWED_NOTIF,63980,DELIVERED,3000,"2025-10-08 08:38:28"
2025-10-08,3076791,229887,TIMWE_RENEWED_NOTIF,63980,DELIVERED,3000,"2025-10-08 08:38:28"
2025-10-08,3076791,229887,TIMWE_RENEWED_NOTIF,63980,DELIVERED,3000,"2025-10-08 08:38:28"
2025-10-08,3076791,229887,TIMWE_RENEWED_NOTIF,63980,DELIVERED,3000,"2025-10-08 08:38:28"
2025-10-08,3076902,240695,TIMWE_RENEWED_NOTIF,63980,DELIVERED,3000,"2025-10-08 08:57:56"
2025-10-08,3076902,240695,TIMWE_RENEWED_NOTIF,63980,DELIVERED,3000,"2025-10-08 08:57:56"
2025-10-08,3076902,240695,TIMWE_RENEWED_NOTIF,63980,DELIVERED,3000,"2025-10-08 08:57:56"
2025-10-08,3076916,218274,TIMWE_RENEWED_NOTIF,63980,DELIVERED,3000,"2025-10-08 09:00:02"
2025-10-08,3076916,218274,TIMWE_RENEWED_NOTIF,63980,DELIVERED,3000,"2025-10-08 09:00:02"
2025-10-08,3076929,189448,TIMWE_RENEWED_NOTIF,63980,DELIVERED,3000,"2025-10-08 09:05:25"
2025-10-08,3076929,189448,TIMWE_RENEWED_NOTIF,63980,DELIVERED,3000,"2025-10-08 09:05:25"
2025-10-08,3076929,189448,TIMWE_RENEWED_NOTIF,63980,DELIVERED,3000,"2025-10-08 09:05:25"
2025-10-08,3076929,189448,TIMWE_RENEWED_NOTIF,63980,DELIVERED,3000,"2025-10-08 09:05:25"
2025-10-08,3076929,189448,TIMWE_RENEWED_NOTIF,63980,DELIVERED,3000,"2025-10-08 09:05:25"
2025-10-08,3076929,189448,TIMWE_RENEWED_NOTIF,63980,DELIVERED,3000,"2025-10-08 09:05:25"
2025-10-08,3076985,210913,TIMWE_RENEWED_NOTIF,63980,DELIVERED,3000,"2025-10-08 09:24:47"
2025-10-08,3076985,210913,TIMWE_RENEWED_NOTIF,63980,DELIVERED,3000,"2025-10-08 09:24:47"
2025-10-08,3077137,211323,TIMWE_RENEWED_NOTIF,63980,DELIVERED,3000,"2025-10-08 09:45:57"
2025-10-08,3077137,211323,TIMWE_RENEWED_NOTIF,63980,DELIVERED,3000,"2025-10-08 09:45:57"
2025-10-08,3077201,218244,TIMWE_RENEWED_NOTIF,63980,DELIVERED,3000,"2025-10-08 10:07:54"
2025-10-08,3077201,218244,TIMWE_RENEWED_NOTIF,63980,DELIVERED,3000,"2025-10-08 10:07:54"
2025-10-08,3077343,237933,TIMWE_RENEWED_NOTIF,63980,DELIVERED,3000,"2025-10-08 10:56:36"
2025-10-08,3077343,237933,TIMWE_RENEWED_NOTIF,63980,DELIVERED,3000,"2025-10-08 10:56:36"
2025-10-08,3077343,237933,TIMWE_RENEWED_NOTIF,63980,DELIVERED,3000,"2025-10-08 10:56:36"
2025-10-08,3077399,227379,TIMWE_RENEWED_NOTIF,63980,DELIVERED,3000,"2025-10-08 11:19:09"
2025-10-08,3077399,227379,TIMWE_RENEWED_NOTIF,63980,DELIVERED,3000,"2025-10-08 11:19:09"
2025-10-08,3077401,234279,TIMWE_RENEWED_NOTIF,63980,DELIVERED,3000,"2025-10-08 11:23:35"
2025-10-08,3077401,234279,TIMWE_RENEWED_NOTIF,63980,DELIVERED,3000,"2025-10-08 11:23:35"
2025-10-08,3077401,234279,TIMWE_RENEWED_NOTIF,63980,DELIVERED,3000,"2025-10-08 11:23:35"
2025-10-08,3077401,234279,TIMWE_RENEWED_NOTIF,63980,DELIVERED,3000,"2025-10-08 11:23:35"
2025-10-08,3077401,234279,TIMWE_RENEWED_NOTIF,63980,DELIVERED,3000,"2025-10-08 11:23:35"
2025-10-08,3077410,237275,TIMWE_RENEWED_NOTIF,63980,DELIVERED,3000,"2025-10-08 11:32:16"
2025-10-08,3077410,237275,TIMWE_RENEWED_NOTIF,63980,DELIVERED,3000,"2025-10-08 11:32:16"
2025-10-08,3077412,205200,TIMWE_RENEWED_NOTIF,63980,DELIVERED,3000,"2025-10-08 11:32:41"
2025-10-08,3077412,205200,TIMWE_RENEWED_NOTIF,63980,DELIVERED,3000,"2025-10-08 11:32:41"
2025-10-08,3077414,208761,TIMWE_RENEWED_NOTIF,63980,DELIVERED,3000,"2025-10-08 11:32:42"
2025-10-08,3077414,208761,TIMWE_RENEWED_NOTIF,63980,DELIVERED,3000,"2025-10-08 11:32:42"
2025-10-08,3077416,229644,TIMWE_RENEWED_NOTIF,63980,DELIVERED,3000,"2025-10-08 11:36:22"
2025-10-08,3077416,229644,TIMWE_RENEWED_NOTIF,63980,DELIVERED,3000,"2025-10-08 11:36:22"
2025-10-08,3077416,229644,TIMWE_RENEWED_NOTIF,63980,DELIVERED,3000,"2025-10-08 11:36:22"
2025-10-08,3077416,229644,TIMWE_RENEWED_NOTIF,63980,DELIVERED,3000,"2025-10-08 11:36:22"
2025-10-08,3077416,229644,TIMWE_RENEWED_NOTIF,63980,DELIVERED,3000,"2025-10-08 11:36:22"
2025-10-08,3077505,212671,TIMWE_RENEWED_NOTIF,63980,DELIVERED,3000,"2025-10-08 11:56:09"
2025-10-08,3077505,212671,TIMWE_RENEWED_NOTIF,63980,DELIVERED,3000,"2025-10-08 11:56:09"
2025-10-08,3077514,205903,TIMWE_RENEWED_NOTIF,63980,DELIVERED,3000,"2025-10-08 11:58:27"
2025-10-08,3077514,205903,TIMWE_RENEWED_NOTIF,63980,DELIVERED,3000,"2025-10-08 11:58:27"
2025-10-08,3077514,205903,TIMWE_RENEWED_NOTIF,63980,DELIVERED,3000,"2025-10-08 11:58:27"
2025-10-08,3077514,205903,TIMWE_RENEWED_NOTIF,63980,DELIVERED,3000,"2025-10-08 11:58:27"
2025-10-08,3077540,224312,TIMWE_RENEWED_NOTIF,63980,DELIVERED,3000,"2025-10-08 12:00:24"
2025-10-08,3077540,224312,TIMWE_RENEWED_NOTIF,63980,DELIVERED,3000,"2025-10-08 12:00:24"
2025-10-08,3077546,238348,TIMWE_RENEWED_NOTIF,63980,DELIVERED,3000,"2025-10-08 12:01:24"
2025-10-08,3077546,238348,TIMWE_RENEWED_NOTIF,63980,DELIVERED,3000,"2025-10-08 12:01:24"
2025-10-08,3077561,221737,TIMWE_RENEWED_NOTIF,63980,DELIVERED,3000,"2025-10-08 12:03:33"
2025-10-08,3077561,221737,TIMWE_RENEWED_NOTIF,63980,DELIVERED,3000,"2025-10-08 12:03:33"
2025-10-08,3077611,212431,TIMWE_RENEWED_NOTIF,63980,DELIVERED,3000,"2025-10-08 12:12:42"
2025-10-08,3077611,212431,TIMWE_RENEWED_NOTIF,63980,DELIVERED,3000,"2025-10-08 12:12:42"
2025-10-08,3077611,212431,TIMWE_RENEWED_NOTIF,63980,DELIVERED,3000,"2025-10-08 12:12:42"
2025-10-08,3077611,212431,TIMWE_RENEWED_NOTIF,63980,DELIVERED,3000,"2025-10-08 12:12:42"
2025-10-08,3077869,231214,TIMWE_RENEWED_NOTIF,63980,DELIVERED,3000,"2025-10-08 12:46:35"
2025-10-08,3077869,231214,TIMWE_RENEWED_NOTIF,63980,DELIVERED,3000,"2025-10-08 12:46:35"
2025-10-08,3077875,218735,TIMWE_RENEWED_NOTIF,63980,DELIVERED,3000,"2025-10-08 12:46:51"
2025-10-08,3077875,218735,TIMWE_RENEWED_NOTIF,63980,DELIVERED,3000,"2025-10-08 12:46:51"
2025-10-08,3077920,240696,TIMWE_RENEWED_NOTIF,63980,DELIVERED,3000,"2025-10-08 12:51:57"
2025-10-08,3077920,240696,TIMWE_RENEWED_NOTIF,63980,DELIVERED,3000,"2025-10-08 12:51:57"
2025-10-08,3077920,240696,TIMWE_RENEWED_NOTIF,63980,DELIVERED,3000,"2025-10-08 12:51:57"
2025-10-08,3077920,240696,TIMWE_RENEWED_NOTIF,63980,DELIVERED,3000,"2025-10-08 12:51:57"
2025-10-08,3077920,240696,TIMWE_RENEWED_NOTIF,63980,DELIVERED,3000,"2025-10-08 12:51:57"
2025-10-08,3077940,217298,TIMWE_RENEWED_NOTIF,63980,DELIVERED,3000,"2025-10-08 12:56:24"
2025-10-08,3077940,217298,TIMWE_RENEWED_NOTIF,63980,DELIVERED,3000,"2025-10-08 12:56:24"
2025-10-08,3077954,213140,TIMWE_RENEWED_NOTIF,63980,DELIVERED,3000,"2025-10-08 12:59:19"
2025-10-08,3077954,213140,TIMWE_RENEWED_NOTIF,63980,DELIVERED,3000,"2025-10-08 12:59:19"
2025-10-08,3077959,212846,TIMWE_RENEWED_NOTIF,63980,DELIVERED,3000,"2025-10-08 13:00:41"
2025-10-08,3077959,212846,TIMWE_RENEWED_NOTIF,63980,DELIVERED,3000,"2025-10-08 13:00:41"
2025-10-08,3077967,189148,TIMWE_RENEWED_NOTIF,63980,DELIVERED,3000,"2025-10-08 13:04:25"
2025-10-08,3077967,189148,TIMWE_RENEWED_NOTIF,63980,DELIVERED,3000,"2025-10-08 13:04:25"
2025-10-08,3077967,189148,TIMWE_RENEWED_NOTIF,63980,DELIVERED,3000,"2025-10-08 13:04:25"
2025-10-08,3077967,189148,TIMWE_RENEWED_NOTIF,63980,DELIVERED,3000,"2025-10-08 13:04:25"
2025-10-08,3077967,189148,TIMWE_RENEWED_NOTIF,63980,DELIVERED,3000,"2025-10-08 13:04:25"
2025-10-08,3077967,189148,TIMWE_RENEWED_NOTIF,63980,DELIVERED,3000,"2025-10-08 13:04:25"
2025-10-08,3077972,209169,TIMWE_RENEWED_NOTIF,63980,DELIVERED,3000,"2025-10-08 13:06:35"
2025-10-08,3077972,209169,TIMWE_RENEWED_NOTIF,63980,DELIVERED,3000,"2025-10-08 13:06:35"
2025-10-08,3078142,217439,TIMWE_RENEWED_NOTIF,63980,DELIVERED,3000,"2025-10-08 13:39:05"
2025-10-08,3078142,217439,TIMWE_RENEWED_NOTIF,63980,DELIVERED,3000,"2025-10-08 13:39:05"
2025-10-08,3078155,225646,TIMWE_RENEWED_NOTIF,63980,DELIVERED,3000,"2025-10-08 13:40:48"
2025-10-08,3078155,225646,TIMWE_RENEWED_NOTIF,63980,DELIVERED,3000,"2025-10-08 13:40:48"
2025-10-08,3078171,228384,TIMWE_RENEWED_NOTIF,63980,DELIVERED,3000,"2025-10-08 13:42:11"
2025-10-08,3078171,228384,TIMWE_RENEWED_NOTIF,63980,DELIVERED,3000,"2025-10-08 13:42:11"
2025-10-08,3078171,228384,TIMWE_RENEWED_NOTIF,63980,DELIVERED,3000,"2025-10-08 13:42:11"
2025-10-08,3078171,228384,TIMWE_RENEWED_NOTIF,63980,DELIVERED,3000,"2025-10-08 13:42:11"
2025-10-08,3078171,228384,TIMWE_RENEWED_NOTIF,63980,DELIVERED,3000,"2025-10-08 13:42:11"
2025-10-08,3078287,195184,TIMWE_RENEWED_NOTIF,63980,DELIVERED,3000,"2025-10-08 14:00:19"
2025-10-08,3078287,195184,TIMWE_RENEWED_NOTIF,63980,DELIVERED,3000,"2025-10-08 14:00:19"
2025-10-08,3078287,195184,TIMWE_RENEWED_NOTIF,63980,DELIVERED,3000,"2025-10-08 14:00:19"
2025-10-08,3078287,195184,TIMWE_RENEWED_NOTIF,63980,DELIVERED,3000,"2025-10-08 14:00:19"
2025-10-08,3078287,195184,TIMWE_RENEWED_NOTIF,63980,DELIVERED,3000,"2025-10-08 14:00:19"
2025-10-08,3078295,220772,TIMWE_RENEWED_NOTIF,63980,DELIVERED,3000,"2025-10-08 14:02:08"
2025-10-08,3078295,220772,TIMWE_RENEWED_NOTIF,63980,DELIVERED,3000,"2025-10-08 14:02:08"
2025-10-08,3078301,209888,TIMWE_RENEWED_NOTIF,63980,DELIVERED,3000,"2025-10-08 14:03:04"
2025-10-08,3078301,209888,TIMWE_RENEWED_NOTIF,63980,DELIVERED,3000,"2025-10-08 14:03:04"
2025-10-08,3078335,189501,TIMWE_RENEWED_NOTIF,63980,DELIVERED,3000,"2025-10-08 14:10:57"
2025-10-08,3078335,189501,TIMWE_RENEWED_NOTIF,63980,DELIVERED,3000,"2025-10-08 14:10:57"
2025-10-08,3078335,189501,TIMWE_RENEWED_NOTIF,63980,DELIVERED,3000,"2025-10-08 14:10:57"
2025-10-08,3078356,223788,TIMWE_RENEWED_NOTIF,63980,DELIVERED,3000,"2025-10-08 14:12:23"
2025-10-08,3078356,223788,TIMWE_RENEWED_NOTIF,63980,DELIVERED,3000,"2025-10-08 14:12:23"
2025-10-08,3078361,225980,TIMWE_RENEWED_NOTIF,63980,DELIVERED,3000,"2025-10-08 14:13:49"
2025-10-08,3078361,225980,TIMWE_RENEWED_NOTIF,63980,DELIVERED,3000,"2025-10-08 14:13:49"
2025-10-08,3078361,225980,TIMWE_RENEWED_NOTIF,63980,DELIVERED,3000,"2025-10-08 14:13:49"
2025-10-08,3078414,210571,TIMWE_RENEWED_NOTIF,63980,DELIVERED,3000,"2025-10-08 14:26:34"
2025-10-08,3078414,210571,TIMWE_RENEWED_NOTIF,63980,DELIVERED,3000,"2025-10-08 14:26:34"
2025-10-08,3078414,210571,TIMWE_RENEWED_NOTIF,63980,DELIVERED,3000,"2025-10-08 14:26:34"
2025-10-08,3078659,230724,TIMWE_RENEWED_NOTIF,63980,DELIVERED,3000,"2025-10-08 15:10:06"
2025-10-08,3078659,230724,TIMWE_RENEWED_NOTIF,63980,DELIVERED,3000,"2025-10-08 15:10:06"
2025-10-08,3078659,230724,TIMWE_RENEWED_NOTIF,63980,DELIVERED,3000,"2025-10-08 15:10:06"
2025-10-08,3078734,211658,TIMWE_RENEWED_NOTIF,63980,DELIVERED,3000,"2025-10-08 15:33:07"
2025-10-08,3078734,211658,TIMWE_RENEWED_NOTIF,63980,DELIVERED,3000,"2025-10-08 15:33:07"
2025-10-08,3078734,211658,TIMWE_RENEWED_NOTIF,63980,DELIVERED,3000,"2025-10-08 15:33:07"
2025-10-08,3078734,211658,TIMWE_RENEWED_NOTIF,63980,DELIVERED,3000,"2025-10-08 15:33:07"
2025-10-08,3078749,220218,TIMWE_RENEWED_NOTIF,63980,DELIVERED,3000,"2025-10-08 15:38:06"
2025-10-08,3078749,220218,TIMWE_RENEWED_NOTIF,63980,DELIVERED,3000,"2025-10-08 15:38:06"
2025-10-08,3078766,220972,TIMWE_RENEWED_NOTIF,63980,DELIVERED,3000,"2025-10-08 15:46:41"
2025-10-08,3078766,220972,TIMWE_RENEWED_NOTIF,63980,DELIVERED,3000,"2025-10-08 15:46:41"
2025-10-08,3078770,230776,TIMWE_RENEWED_NOTIF,63980,DELIVERED,3000,"2025-10-08 15:48:41"
2025-10-08,3078770,230776,TIMWE_RENEWED_NOTIF,63980,DELIVERED,3000,"2025-10-08 15:48:41"
2025-10-08,3078770,230776,TIMWE_RENEWED_NOTIF,63980,DELIVERED,3000,"2025-10-08 15:48:41"
2025-10-08,3078770,230776,TIMWE_RENEWED_NOTIF,63980,DELIVERED,3000,"2025-10-08 15:48:41"
2025-10-08,3078770,230776,TIMWE_RENEWED_NOTIF,63980,DELIVERED,3000,"2025-10-08 15:48:41"
2025-10-08,3078770,230776,TIMWE_RENEWED_NOTIF,63980,DELIVERED,3000,"2025-10-08 15:48:41"
2025-10-08,3078788,235409,TIMWE_RENEWED_NOTIF,63980,DELIVERED,3000,"2025-10-08 15:53:59"
2025-10-08,3078788,235409,TIMWE_RENEWED_NOTIF,63980,DELIVERED,3000,"2025-10-08 15:53:59"
2025-10-08,3078806,210236,TIMWE_RENEWED_NOTIF,63980,DELIVERED,3000,"2025-10-08 15:58:54"
2025-10-08,3078806,210236,TIMWE_RENEWED_NOTIF,63980,DELIVERED,3000,"2025-10-08 15:58:54"
2025-10-08,3078848,207463,TIMWE_RENEWED_NOTIF,63980,DELIVERED,3000,"2025-10-08 16:09:05"
2025-10-08,3078848,207463,TIMWE_RENEWED_NOTIF,63980,DELIVERED,3000,"2025-10-08 16:09:05"
2025-10-08,3078925,236525,TIMWE_RENEWED_NOTIF,63980,DELIVERED,3000,"2025-10-08 16:22:55"
2025-10-08,3078925,236525,TIMWE_RENEWED_NOTIF,63980,DELIVERED,3000,"2025-10-08 16:22:55"
2025-10-08,3079239,186127,TIMWE_RENEWED_NOTIF,63980,DELIVERED,3000,"2025-10-08 18:01:27"
2025-10-08,3079239,186127,TIMWE_RENEWED_NOTIF,63980,DELIVERED,3000,"2025-10-08 18:01:27"
2025-10-08,3079239,186127,TIMWE_RENEWED_NOTIF,63980,DELIVERED,3000,"2025-10-08 18:01:27"
2025-10-08,3079241,195388,TIMWE_RENEWED_NOTIF,63980,DELIVERED,3000,"2025-10-08 18:02:13"
2025-10-08,3079241,195388,TIMWE_RENEWED_NOTIF,63980,DELIVERED,3000,"2025-10-08 18:02:13"
2025-10-08,3079241,195388,TIMWE_RENEWED_NOTIF,63980,DELIVERED,3000,"2025-10-08 18:02:13"
2025-10-08,3079241,195388,TIMWE_RENEWED_NOTIF,63980,DELIVERED,3000,"2025-10-08 18:02:13"
2025-10-08,3079241,195388,TIMWE_RENEWED_NOTIF,63980,DELIVERED,3000,"2025-10-08 18:02:13"
2025-10-08,3079241,195388,TIMWE_RENEWED_NOTIF,63980,DELIVERED,3000,"2025-10-08 18:02:13"
2025-10-08,3079260,194540,TIMWE_RENEWED_NOTIF,63980,DELIVERED,3000,"2025-10-08 18:14:30"
2025-10-08,3079260,194540,TIMWE_RENEWED_NOTIF,63980,DELIVERED,3000,"2025-10-08 18:14:30"
2025-10-08,3079260,194540,TIMWE_RENEWED_NOTIF,63980,DELIVERED,3000,"2025-10-08 18:14:30"
2025-10-08,3079269,185746,TIMWE_RENEWED_NOTIF,63980,DELIVERED,3000,"2025-10-08 18:22:35"
2025-10-08,3079269,185746,TIMWE_RENEWED_NOTIF,63980,DELIVERED,3000,"2025-10-08 18:22:35"
2025-10-08,3079269,185746,TIMWE_RENEWED_NOTIF,63980,DELIVERED,3000,"2025-10-08 18:22:35"
2025-10-08,3079408,172480,TIMWE_RENEWED_NOTIF,63980,DELIVERED,3000,"2025-10-08 18:43:20"
2025-10-08,3079408,172480,TIMWE_RENEWED_NOTIF,63980,DELIVERED,3000,"2025-10-08 18:43:20"
2025-10-08,3079408,172480,TIMWE_RENEWED_NOTIF,63980,DELIVERED,3000,"2025-10-08 18:43:20"
2025-10-08,3079408,172480,TIMWE_RENEWED_NOTIF,63980,DELIVERED,3000,"2025-10-08 18:43:20"
2025-10-08,3079408,172480,TIMWE_RENEWED_NOTIF,63980,DELIVERED,3000,"2025-10-08 18:43:20"
2025-10-08,3079408,172480,TIMWE_RENEWED_NOTIF,63980,DELIVERED,3000,"2025-10-08 18:43:20"
2025-10-08,3079408,172480,TIMWE_RENEWED_NOTIF,63980,DELIVERED,3000,"2025-10-08 18:43:20"
2025-10-08,3079408,172480,TIMWE_RENEWED_NOTIF,63980,DELIVERED,3000,"2025-10-08 18:43:20"
2025-10-08,3079421,240551,TIMWE_RENEWED_NOTIF,63980,DELIVERED,3000,"2025-10-08 18:47:09"
2025-10-08,3079421,240551,TIMWE_RENEWED_NOTIF,63980,DELIVERED,3000,"2025-10-08 18:47:09"
2025-10-08,3079431,229542,TIMWE_RENEWED_NOTIF,63980,DELIVERED,3000,"2025-10-08 18:48:27"
2025-10-08,3079431,229542,TIMWE_RENEWED_NOTIF,63980,DELIVERED,3000,"2025-10-08 18:48:27"
2025-10-08,3079473,222655,TIMWE_RENEWED_NOTIF,63980,DELIVERED,3000,"2025-10-08 19:04:06"
2025-10-08,3079473,222655,TIMWE_RENEWED_NOTIF,63980,DELIVERED,3000,"2025-10-08 19:04:06"
2025-10-08,3079476,235260,TIMWE_RENEWED_NOTIF,63980,DELIVERED,3000,"2025-10-08 19:05:03"
2025-10-08,3079476,235260,TIMWE_RENEWED_NOTIF,63980,DELIVERED,3000,"2025-10-08 19:05:03"
2025-10-08,3079602,187019,TIMWE_RENEWED_NOTIF,63980,DELIVERED,3000,"2025-10-08 19:35:28"
2025-10-08,3079602,187019,TIMWE_RENEWED_NOTIF,63980,DELIVERED,3000,"2025-10-08 19:35:28"
2025-10-08,3079602,187019,TIMWE_RENEWED_NOTIF,63980,DELIVERED,3000,"2025-10-08 19:35:28"
2025-10-08,3079667,238852,TIMWE_RENEWED_NOTIF,63980,DELIVERED,3000,"2025-10-08 19:52:20"
2025-10-08,3079667,238852,TIMWE_RENEWED_NOTIF,63980,DELIVERED,3000,"2025-10-08 19:52:20"
2025-10-08,3079667,238852,TIMWE_RENEWED_NOTIF,63980,DELIVERED,3000,"2025-10-08 19:52:20"
2025-10-08,3079667,238852,TIMWE_RENEWED_NOTIF,63980,DELIVERED,3000,"2025-10-08 19:52:20"
2025-10-08,3079685,230550,TIMWE_RENEWED_NOTIF,63980,DELIVERED,3000,"2025-10-08 19:56:31"
2025-10-08,3079685,230550,TIMWE_RENEWED_NOTIF,63980,DELIVERED,3000,"2025-10-08 19:56:31"
2025-10-08,3079685,230550,TIMWE_RENEWED_NOTIF,63980,DELIVERED,3000,"2025-10-08 19:56:31"
2025-10-08,3079685,230550,TIMWE_RENEWED_NOTIF,63980,DELIVERED,3000,"2025-10-08 19:56:31"
2025-10-08,3079685,230550,TIMWE_RENEWED_NOTIF,63980,DELIVERED,3000,"2025-10-08 19:56:31"
2025-10-08,3079685,230550,TIMWE_RENEWED_NOTIF,63980,DELIVERED,3000,"2025-10-08 19:56:31"
2025-10-08,3079712,240503,TIMWE_RENEWED_NOTIF,63980,DELIVERED,3000,"2025-10-08 20:03:26"
2025-10-08,3079712,240503,TIMWE_RENEWED_NOTIF,63980,DELIVERED,3000,"2025-10-08 20:03:26"
2025-10-08,3079712,240503,TIMWE_RENEWED_NOTIF,63980,DELIVERED,3000,"2025-10-08 20:03:26"
2025-10-08,3079741,233811,TIMWE_RENEWED_NOTIF,63980,DELIVERED,3000,"2025-10-08 20:09:20"
2025-10-08,3079741,233811,TIMWE_RENEWED_NOTIF,63980,DELIVERED,3000,"2025-10-08 20:09:20"
2025-10-08,3079743,219856,TIMWE_RENEWED_NOTIF,63980,DELIVERED,3000,"2025-10-08 20:10:21"
2025-10-08,3079743,219856,TIMWE_RENEWED_NOTIF,63980,DELIVERED,3000,"2025-10-08 20:10:21"
2025-10-08,3079743,219856,TIMWE_RENEWED_NOTIF,63980,DELIVERED,3000,"2025-10-08 20:10:21"
2025-10-08,3079846,194365,TIMWE_RENEWED_NOTIF,63980,DELIVERED,3000,"2025-10-08 20:26:31"
2025-10-08,3079846,194365,TIMWE_RENEWED_NOTIF,63980,DELIVERED,3000,"2025-10-08 20:26:31"
2025-10-08,3079846,194365,TIMWE_RENEWED_NOTIF,63980,DELIVERED,3000,"2025-10-08 20:26:31"
2025-10-08,3079846,194365,TIMWE_RENEWED_NOTIF,63980,DELIVERED,3000,"2025-10-08 20:26:31"
2025-10-08,3079846,194365,TIMWE_RENEWED_NOTIF,63980,DELIVERED,3000,"2025-10-08 20:26:31"
2025-10-08,3079846,194365,TIMWE_RENEWED_NOTIF,63980,DELIVERED,3000,"2025-10-08 20:26:31"
2025-10-08,3079977,221433,TIMWE_RENEWED_NOTIF,63980,DELIVERED,3000,"2025-10-08 20:28:29"
2025-10-08,3079977,221433,TIMWE_RENEWED_NOTIF,63980,DELIVERED,3000,"2025-10-08 20:28:29"
2025-10-08,3079977,221433,TIMWE_RENEWED_NOTIF,63980,DELIVERED,3000,"2025-10-08 20:28:29"
2025-10-08,3079977,221433,TIMWE_RENEWED_NOTIF,63980,DELIVERED,3000,"2025-10-08 20:28:29"
2025-10-08,3080148,178062,TIMWE_RENEWED_NOTIF,63980,DELIVERED,3000,"2025-10-08 20:30:41"
2025-10-08,3080148,178062,TIMWE_RENEWED_NOTIF,63980,DELIVERED,3000,"2025-10-08 20:30:41"
2025-10-08,3080148,178062,TIMWE_RENEWED_NOTIF,63980,DELIVERED,3000,"2025-10-08 20:30:41"
2025-10-08,3080148,178062,TIMWE_RENEWED_NOTIF,63980,DELIVERED,3000,"2025-10-08 20:30:41"
2025-10-08,3080148,178062,TIMWE_RENEWED_NOTIF,63980,DELIVERED,3000,"2025-10-08 20:30:41"
2025-10-08,3080148,178062,TIMWE_RENEWED_NOTIF,63980,DELIVERED,3000,"2025-10-08 20:30:41"
2025-10-08,3080148,178062,TIMWE_RENEWED_NOTIF,63980,DELIVERED,3000,"2025-10-08 20:30:41"
2025-10-08,3080265,207707,TIMWE_RENEWED_NOTIF,63980,DELIVERED,3000,"2025-10-08 20:31:57"
2025-10-08,3080265,207707,TIMWE_RENEWED_NOTIF,63980,DELIVERED,3000,"2025-10-08 20:31:57"
2025-10-08,3080292,221668,TIMWE_RENEWED_NOTIF,63980,DELIVERED,3000,"2025-10-08 20:32:18"
2025-10-08,3080292,221668,TIMWE_RENEWED_NOTIF,63980,DELIVERED,3000,"2025-10-08 20:32:18"
2025-10-08,3080292,221668,TIMWE_RENEWED_NOTIF,63980,DELIVERED,3000,"2025-10-08 20:32:18"
2025-10-08,3080646,225389,TIMWE_RENEWED_NOTIF,63980,DELIVERED,3000,"2025-10-08 20:35:40"
2025-10-08,3080646,225389,TIMWE_RENEWED_NOTIF,63980,DELIVERED,3000,"2025-10-08 20:35:40"
2025-10-08,3080646,225389,TIMWE_RENEWED_NOTIF,63980,DELIVERED,3000,"2025-10-08 20:35:40"
2025-10-08,3081242,236455,TIMWE_RENEWED_NOTIF,63980,DELIVERED,3000,"2025-10-08 20:41:38"
2025-10-08,3081242,236455,TIMWE_RENEWED_NOTIF,63980,DELIVERED,3000,"2025-10-08 20:41:38"
